universe_version,universe_id,field,trim,official_value,current_value,decision,reason,patch,evidence
U11-2026-09-26,mg/5,power_hp,,[120],[120],AUTO_PROMOTE,exact match: attach official provenance,"{""op"": ""attach_provenance"", ""field"": ""hp"", ""value"": [120], ""source"": ""https://www.mgmotor.com.eg/model/mg5/""}","https://www.mgmotor.com.eg/model/mg5/#Specs & Options / Power & Performance / ""Max Power (hp)"" / column ""Classic""@bdfb54261057;https://www.mgmotor.com.eg/model/mg5/#Specs & Options / Power & Performance / ""Max Power (hp)"" / column ""Comfort""@bdfb54261057;https://www.mgmotor.com.eg/model/mg5/#Specs & Options / Power & Performance / ""Max Power (hp)"" / column ""Luxury""@bdfb54261057"
U11-2026-09-26,mg/7,power_hp,,[185],[185],AUTO_PROMOTE,exact match: attach official provenance,"{""op"": ""attach_provenance"", ""field"": ""hp"", ""value"": [185], ""source"": ""https://www.mgmotor.com.eg/model/mg7/""}","https://www.mgmotor.com.eg/model/mg7/#Specs & Options / Power & Performance / ""Max Power (hp)"" / column ""Luxury""@3ac57796f8d0;https://www.mgmotor.com.eg/model/mg7/#Specs & Options / Power & Performance / ""Max Power (hp)"" / column ""Trophy""@3ac57796f8d0"
U11-2026-09-26,mg/g50-plus,power_hp,,[170],[170],AUTO_PROMOTE,exact match: attach official provenance,"{""op"": ""attach_provenance"", ""field"": ""hp"", ""value"": [170], ""source"": ""https://www.mgmotor.com.eg/model/g50-plus/""}","https://www.mgmotor.com.eg/model/g50-plus/#Specs & Options / Power & Performance / ""Max Power (hp)"" / column ""Luxury""@0185afeb4d11"
U11-2026-09-26,mg/gt,power_hp,,[170],[170],AUTO_PROMOTE,exact match: attach official provenance,"{""op"": ""attach_provenance"", ""field"": ""hp"", ""value"": [170], ""source"": ""https://www.mgmotor.com.eg/model/mg-gt/""}","https://www.mgmotor.com.eg/model/mg-gt/#Specs & Options / Power & Performance / ""Max Power (hp)"" / column ""Comfort""@aba1f000c45e;https://www.mgmotor.com.eg/model/mg-gt/#Specs & Options / Power & Performance / ""Max Power (hp)"" / column ""Luxury""@aba1f000c45e"
U11-2026-09-26,mg/hs,power_hp,,"[170, 200]","[170, 221]",CEO_REVIEW,specification discrepancy,,"https://www.mgmotor.com.eg/model/new-hs/#Specs & Options / Power & Performance / ""Max Power (hp)"" / column ""Hybrid""@15d48d0c22f6;https://www.mgmotor.com.eg/model/new-hs/#Specs & Options / Power & Performance / ""Max Power (hp)"" / column ""Luxury""@15d48d0c22f6"
U11-2026-09-26,mg/one,price,Luxury,1380000.0,1400000,CEO_REVIEW,"material price discrepancy EGP 20,000",,"https://www.mgmotor.com.eg/model/mg-one/#Pricing & Finance widget / ""Car Price""@fa5373ef36b1"
U11-2026-09-26,mg/one,availability,(1 class),absent from official site,1400000,CEO_REVIEW,"universe trim not listed by the official source (stale, dealer-only, renamed or duplicate label)",,
U11-2026-09-26,mg/one,power_hp,,[181],[181],AUTO_PROMOTE,exact match: attach official provenance,"{""op"": ""attach_provenance"", ""field"": ""hp"", ""value"": [181], ""source"": ""https://www.mgmotor.com.eg/model/mg-one/""}","https://www.mgmotor.com.eg/model/mg-one/#Specs & Options / Power & Performance / ""Max Power (hp)"" / column ""Luxury""@fa5373ef36b1;https://www.mgmotor.com.eg/model/mg-one/#Specs & Options / Power & Performance / ""Max Power (hp)"" / column ""Standard""@fa5373ef36b1"
U11-2026-09-26,mg/rx5-plus,availability,,listed on official site,u=false (out of universe),CEO_REVIEW,official Egypt site lists the model but P1 universe excludes it,,"https://www.mgmotor.com.eg/model/rx5-plus/#Specs & Options / Power & Performance / ""Engine"" / column ""Comfort""@427e0a0e2d8a"
U11-2026-09-26,mg/rx5-plus,price,Luxury,1500000.0,,REVIEW,official grade has no trim match in universe (same-price labels: []); label reconciliation,,"https://www.mgmotor.com.eg/model/rx5-plus/#Pricing & Finance widget / ""Car Price""@427e0a0e2d8a"
U11-2026-09-26,mg/rx5-plus,availability,(1 class),absent from official site,1450000,CEO_REVIEW,"universe trim not listed by the official source (stale, dealer-only, renamed or duplicate label)",,
U11-2026-09-26,mg/rx5-plus,power_hp,,[171],,AUTO_PROMOTE,field empty in universe; single consistent official value across all published grades,"{""op"": ""set_field"", ""field"": ""hp"", ""value"": [171]}","https://www.mgmotor.com.eg/model/rx5-plus/#Specs & Options / Power & Performance / ""Max Power (hp)"" / column ""Comfort""@427e0a0e2d8a;https://www.mgmotor.com.eg/model/rx5-plus/#Specs & Options / Power & Performance / ""Max Power (hp)"" / column ""Luxury""@427e0a0e2d8a"
U11-2026-09-26,mg/zs,power_hp,,"[119, 120]","[119, 120]",AUTO_PROMOTE,exact match: attach official provenance,"{""op"": ""attach_provenance"", ""field"": ""hp"", ""value"": [119, 120], ""source"": ""https://www.mgmotor.com.eg/model/zs/""}","https://www.mgmotor.com.eg/model/zs/#Specs & Options / Power & Performance / ""Max Power (hp)"" / column ""Comfort""@dd8c112796c0;https://www.mgmotor.com.eg/model/zs/#Specs & Options / Power & Performance / ""Max Power (hp)"" / column ""Luxury""@dd8c112796c0;https://www.mgmotor.com.eg/model/new-zs/#Specs & Options / Power & Performance / ""Max Power (hp)"" / column ""Luxury""@672e72e3d20c"
U11-2026-09-26,nissan/juke,price,Acenta,1159999.0,1159999,AUTO_PROMOTE,exact match: upgrade provenance to official,"{""op"": ""set_official"", ""trim"": ""Acenta"", ""official"": true, ""date"": ""2026-07-16"", ""source"": ""https://en.nissan.com.eg/vehicles/new/juke.html""}",https://en.nissan.com.eg/vehicles/new/juke.html#individualVehiclePriceJSON.new-juke.default.grades.LVL001.gradePrice@a5fd391d212c
U11-2026-09-26,nissan/juke,price,UNNAMED:LVL003,1299999.0,,REVIEW,official grade has no trim match in universe (same-price labels: ['Tekna N-design']); label reconciliation,,https://en.nissan.com.eg/vehicles/new/juke.html#individualVehiclePriceJSON.new-juke.default.grades.LVL003.gradePrice@a5fd391d212c
U11-2026-09-26,nissan/juke,price,UNNAMED:LVL002,1259999.0,,REVIEW,official grade has no trim match in universe (same-price labels: ['Tekna']); label reconciliation,,https://en.nissan.com.eg/vehicles/new/juke.html#individualVehiclePriceJSON.new-juke.default.grades.LVL002.gradePrice@a5fd391d212c
U11-2026-09-26,nissan/juke,availability,Tekna,absent from official site,1259999,CEO_REVIEW,"universe trim not listed by the official source (stale, dealer-only, renamed or duplicate label)",,
U11-2026-09-26,nissan/juke,availability,Tekna N-design,absent from official site,1299999,CEO_REVIEW,"universe trim not listed by the official source (stale, dealer-only, renamed or duplicate label)",,
U11-2026-09-26,nissan/magnite,price,Visia,788000.0,788000,REVIEW,exact match: upgrade provenance to official | BLOCKED: open model-year discrepancy on this model,,https://en.nissan.com.eg/vehicles/new/magnite.html#individualVehiclePriceJSON.2026-magnite.default.grades.LVL001.gradePrice@efbc11776e0b
U11-2026-09-26,nissan/magnite,price,Tekna+,888000.0,868000,CEO_REVIEW,"material price discrepancy EGP 20,000",,https://en.nissan.com.eg/vehicles/new/magnite.html#individualVehiclePriceJSON.2026-magnite.default.grades.LVL004.gradePrice@efbc11776e0b
U11-2026-09-26,nissan/magnite,price,Magnite 1.0T Tekna CVT,868000.0,,REVIEW,official grade has no trim match in universe (same-price labels: ['Tekna+']); label reconciliation,,https://en.nissan.com.eg/vehicles/new/magnite.html#individualVehiclePriceJSON.2026-magnite.default.grades.LVL003.gradePrice@efbc11776e0b
U11-2026-09-26,nissan/magnite,price,Acenta,848000.0,848000,REVIEW,exact match: upgrade provenance to official | BLOCKED: open model-year discrepancy on this model,,https://en.nissan.com.eg/vehicles/new/magnite.html#individualVehiclePriceJSON.2026-magnite.default.grades.LVL002.gradePrice@efbc11776e0b
U11-2026-09-26,nissan/magnite,model_year,,[2026],[2027],CEO_REVIEW,official model year differs from universe,,https://en.nissan.com.eg/vehicles/new/magnite.html#individualVehiclePriceJSON.2026-magnite.default.grades.LVL001.gradePrice@efbc11776e0b
U11-2026-09-26,nissan/magnite,seats,,[5],,REVIEW,"seats is a hard-constraint field; official evidence is grade-scoped, confirm across all versions",,"https://en.nissan.com.eg/vehicles/new/magnite/specifications.html#spec table ""Number of Seats""@33bc2c22ded9"
U11-2026-09-26,nissan/patrol,price,LE Platinum City,14000000.0,14000000,AUTO_PROMOTE,exact match: upgrade provenance to official,"{""op"": ""set_official"", ""trim"": ""LE Platinum City"", ""official"": true, ""date"": ""2025-07-17"", ""source"": ""https://en.nissan.com.eg/vehicles/new/allnewpatrol.html""}",https://en.nissan.com.eg/vehicles/new/allnewpatrol.html#individualVehiclePriceJSON.new-patrol.default.grades.LVL110.gradePrice@44ee9b9740d9
U11-2026-09-26,nissan/patrol,price,LE Titanium,13000000.0,13000000,AUTO_PROMOTE,exact match: upgrade provenance to official,"{""op"": ""set_official"", ""trim"": ""LE Titanium"", ""official"": true, ""date"": ""2025-07-17"", ""source"": ""https://en.nissan.com.eg/vehicles/new/allnewpatrol.html""}",https://en.nissan.com.eg/vehicles/new/allnewpatrol.html#individualVehiclePriceJSON.new-patrol.default.grades.LVL108.gradePrice@44ee9b9740d9
U11-2026-09-26,nissan/patrol,price,LE2,11900000.0,11900000,AUTO_PROMOTE,exact match: upgrade provenance to official,"{""op"": ""set_official"", ""trim"": ""LE2"", ""official"": true, ""date"": ""2025-07-17"", ""source"": ""https://en.nissan.com.eg/vehicles/new/allnewpatrol.html""}",https://en.nissan.com.eg/vehicles/new/allnewpatrol.html#individualVehiclePriceJSON.new-patrol.default.grades.LVL107.gradePrice@44ee9b9740d9
U11-2026-09-26,nissan/patrol,price,LE1,11050000.0,11050000,AUTO_PROMOTE,exact match: upgrade provenance to official,"{""op"": ""set_official"", ""trim"": ""LE1"", ""official"": true, ""date"": ""2025-07-17"", ""source"": ""https://en.nissan.com.eg/vehicles/new/allnewpatrol.html""}",https://en.nissan.com.eg/vehicles/new/allnewpatrol.html#individualVehiclePriceJSON.new-patrol.default.grades.LVL106.gradePrice@44ee9b9740d9
U11-2026-09-26,nissan/patrol,price,SE Platinum City,11750000.0,11750000,AUTO_PROMOTE,exact match: upgrade provenance to official,"{""op"": ""set_official"", ""trim"": ""SE Platinum City"", ""official"": true, ""date"": ""2025-07-17"", ""source"": ""https://en.nissan.com.eg/vehicles/new/allnewpatrol.html""}",https://en.nissan.com.eg/vehicles/new/allnewpatrol.html#individualVehiclePriceJSON.new-patrol.default.grades.LVL105.gradePrice@44ee9b9740d9
U11-2026-09-26,nissan/patrol,price,SE Titanium,10750000.0,10750000,AUTO_PROMOTE,exact match: upgrade provenance to official,"{""op"": ""set_official"", ""trim"": ""SE Titanium"", ""official"": true, ""date"": ""2025-07-17"", ""source"": ""https://en.nissan.com.eg/vehicles/new/allnewpatrol.html""}",https://en.nissan.com.eg/vehicles/new/allnewpatrol.html#individualVehiclePriceJSON.new-patrol.default.grades.LVL103.gradePrice@44ee9b9740d9
U11-2026-09-26,nissan/patrol,price,3.8L V6 SE T2,9600000.0,,REVIEW,official grade has no trim match in universe (same-price labels: ['SE']); label reconciliation,,https://en.nissan.com.eg/vehicles/new/allnewpatrol.html#individualVehiclePriceJSON.new-patrol.default.grades.LVL102.gradePrice@44ee9b9740d9
U11-2026-09-26,nissan/patrol,price,XE,8990000.0,8990000,AUTO_PROMOTE,exact match: upgrade provenance to official,"{""op"": ""set_official"", ""trim"": ""XE"", ""official"": true, ""date"": ""2025-07-17"", ""source"": ""https://en.nissan.com.eg/vehicles/new/allnewpatrol.html""}",https://en.nissan.com.eg/vehicles/new/allnewpatrol.html#individualVehiclePriceJSON.new-patrol.default.grades.LVL101.gradePrice@44ee9b9740d9
U11-2026-09-26,nissan/patrol,availability,SE,absent from official site,9600000,CEO_REVIEW,"universe trim not listed by the official source (stale, dealer-only, renamed or duplicate label)",,
U11-2026-09-26,nissan/qashqai,price,N-Connecta,1555000.0,1555000,AUTO_PROMOTE,exact match: upgrade provenance to official,"{""op"": ""set_official"", ""trim"": ""N-Connecta"", ""official"": true, ""date"": ""2026-05-19"", ""source"": ""https://en.nissan.com.eg/vehicles/new/qashqai.html""}",https://en.nissan.com.eg/vehicles/new/qashqai.html#individualVehiclePriceJSON.new-qashqai.default.grades.LVL001.gradePrice@652a71d6c896
U11-2026-09-26,nissan/qashqai,price,N-Design e-PWR,1999000.0,1999000,AUTO_PROMOTE,exact match: upgrade provenance to official,"{""op"": ""set_official"", ""trim"": ""N-Design e-PWR"", ""official"": true, ""date"": ""2026-05-19"", ""source"": ""https://en.nissan.com.eg/vehicles/new/qashqai.html""}",https://en.nissan.com.eg/vehicles/new/qashqai.html#individualVehiclePriceJSON.new-qashqai.default.grades.LVL005.gradePrice@652a71d6c896
U11-2026-09-26,nissan/qashqai,price,TEKNA+ 4WD,2068000.0,2068000,AUTO_PROMOTE,exact match: upgrade provenance to official,"{""op"": ""set_official"", ""trim"": ""TEKNA+ 4WD"", ""official"": true, ""date"": ""2026-05-19"", ""source"": ""https://en.nissan.com.eg/vehicles/new/qashqai.html""}",https://en.nissan.com.eg/vehicles/new/qashqai.html#individualVehiclePriceJSON.new-qashqai.default.grades.LVL004.gradePrice@652a71d6c896
U11-2026-09-26,nissan/qashqai,price,TEKNA,1888000.0,1868000,CEO_REVIEW,"material price discrepancy EGP 20,000",,https://en.nissan.com.eg/vehicles/new/qashqai.html#individualVehiclePriceJSON.new-qashqai.default.grades.LVL003.gradePrice@652a71d6c896
U11-2026-09-26,nissan/qashqai,price,N-Connecta+,1777000.0,1757000,CEO_REVIEW,"material price discrepancy EGP 20,000",,https://en.nissan.com.eg/vehicles/new/qashqai.html#individualVehiclePriceJSON.new-qashqai.default.grades.LVL002.gradePrice@652a71d6c896
U11-2026-09-26,nissan/qashqai,availability,N-connecta+ 2T,absent from official site,1777000,CEO_REVIEW,"universe trim not listed by the official source (stale, dealer-only, renamed or duplicate label)",,
U11-2026-09-26,nissan/qashqai,availability,Tekna 2T,absent from official site,1888000,CEO_REVIEW,"universe trim not listed by the official source (stale, dealer-only, renamed or duplicate label)",,
U11-2026-09-26,nissan/qashqai,availability,e-Power,absent from official site,2000000,CEO_REVIEW,"universe trim not listed by the official source (stale, dealer-only, renamed or duplicate label)",,
U11-2026-09-26,nissan/sentra,price,Premium,1050000.0,1050000,AUTO_PROMOTE,exact match: upgrade provenance to official,"{""op"": ""set_official"", ""trim"": ""Premium"", ""official"": true, ""date"": ""2026-04-10"", ""source"": ""https://en.nissan.com.eg/vehicles/new/sentra.html""}",https://en.nissan.com.eg/vehicles/new/sentra.html#individualVehiclePriceJSON.sentra.default.grades.LVL002.gradePrice@4aa7f6e07bf4
U11-2026-09-26,nissan/sentra,availability,Full Option,absent from official site,1050000,CEO_REVIEW,"universe trim not listed by the official source (stale, dealer-only, renamed or duplicate label)",,
U11-2026-09-26,nissan/sunny,price,SUNNY Base MT,not published,"[('Manual/Baseline', 665000), ('Baseline', 765000)]",CEO_REVIEW,official site lists the grade without a price: current value has no official backing,,https://en.nissan.com.eg/vehicles/new/sunny.html#individualVehiclePriceJSON.sunny.default.grades.LVL001.gradePrice@82ebb5e93da1
U11-2026-09-26,nissan/sunny,price,AT Super salon,835000.0,835000,AUTO_PROMOTE,exact match: upgrade provenance to official,"{""op"": ""set_official"", ""trim"": ""AT Super salon"", ""official"": true, ""date"": ""2026-04-10"", ""source"": ""https://en.nissan.com.eg/vehicles/new/sunny.html""}",https://en.nissan.com.eg/vehicles/new/sunny.html#individualVehiclePriceJSON.sunny.default.grades.LVL004.gradePrice@82ebb5e93da1
U11-2026-09-26,nissan/sunny,price,Super Saloon,835000.0,835000,AUTO_PROMOTE,exact match: upgrade provenance to official,"{""op"": ""set_official"", ""trim"": ""Super Saloon"", ""official"": true, ""date"": ""2026-04-10"", ""source"": ""https://en.nissan.com.eg/vehicles/new/sunny.html""}",https://en.nissan.com.eg/vehicles/new/sunny.html#individualVehiclePriceJSON.sunny.default.grades.LVL004.gradePrice@82ebb5e93da1
U11-2026-09-26,nissan/sunny,price,AT Mid,799999.0,799999,AUTO_PROMOTE,exact match: upgrade provenance to official,"{""op"": ""set_official"", ""trim"": ""AT Mid"", ""official"": true, ""date"": ""2026-04-10"", ""source"": ""https://en.nissan.com.eg/vehicles/new/sunny.html""}",https://en.nissan.com.eg/vehicles/new/sunny.html#individualVehiclePriceJSON.sunny.default.grades.LVL003.gradePrice@82ebb5e93da1
U11-2026-09-26,nissan/sunny,price,Midline,799999.0,800000,AUTO_PROMOTE,"non-material difference EGP 1 (<= 5,000): tier rule takes the official value","{""op"": ""set_price"", ""trim"": ""Midline"", ""min"": 799999.0, ""official"": true, ""date"": ""2026-04-10"", ""source"": ""https://en.nissan.com.eg/vehicles/new/sunny.html""}",https://en.nissan.com.eg/vehicles/new/sunny.html#individualVehiclePriceJSON.sunny.default.grades.LVL003.gradePrice@82ebb5e93da1
U11-2026-09-26,nissan/sunny,price,A/T Base,765000.0,765000,AUTO_PROMOTE,exact match: upgrade provenance to official,"{""op"": ""set_official"", ""trim"": ""A/T Base"", ""official"": true, ""date"": ""2026-04-10"", ""source"": ""https://en.nissan.com.eg/vehicles/new/sunny.html""}",https://en.nissan.com.eg/vehicles/new/sunny.html#individualVehiclePriceJSON.sunny.default.grades.LVL002.gradePrice@82ebb5e93da1
U11-2026-09-26,nissan/sunny,price,Baseline AT,765000.0,765000,AUTO_PROMOTE,exact match: upgrade provenance to official,"{""op"": ""set_official"", ""trim"": ""Baseline AT"", ""official"": true, ""date"": ""2026-04-10"", ""source"": ""https://en.nissan.com.eg/vehicles/new/sunny.html""}",https://en.nissan.com.eg/vehicles/new/sunny.html#individualVehiclePriceJSON.sunny.default.grades.LVL002.gradePrice@82ebb5e93da1
U11-2026-09-26,nissan/sunny,price,Baseline,765000.0,765000,AUTO_PROMOTE,exact match: upgrade provenance to official,"{""op"": ""set_official"", ""trim"": ""Baseline"", ""official"": true, ""date"": ""2026-04-10"", ""source"": ""https://en.nissan.com.eg/vehicles/new/sunny.html""}",https://en.nissan.com.eg/vehicles/new/sunny.html#individualVehiclePriceJSON.sunny.default.grades.LVL002.gradePrice@82ebb5e93da1
U11-2026-09-26,nissan/sunny,availability,plus,absent from official site,799900,CEO_REVIEW,"universe trim not listed by the official source (stale, dealer-only, renamed or duplicate label)",,
U11-2026-09-26,nissan/x-trail,price,Tekna,2299990.0,2300000,AUTO_PROMOTE,"non-material difference EGP 10 (<= 5,000): tier rule takes the official value","{""op"": ""set_price"", ""trim"": ""Tekna"", ""min"": 2299990.0, ""official"": true, ""date"": ""2025-10-08"", ""source"": ""https://en.nissan.com.eg/vehicles/new/x-trail.html""}",https://en.nissan.com.eg/vehicles/new/x-trail.html#individualVehiclePriceJSON.x-trail-epower.Retail.grades.30006-TEKNA.gradePrice@a7f2b710909c
U11-2026-09-26,nissan/x-trail,price,Acenta Premium,1999990.0,,REVIEW,official grade has no trim match in universe (same-price labels: []); label reconciliation,,https://en.nissan.com.eg/vehicles/new/x-trail.html#individualVehiclePriceJSON.x-trail-epower.Retail.grades.30006-ACENTA_PREMIUM.gradePrice@a7f2b710909c
U11-2026-09-26,nissan/x-trail,availability,Acenta Plus,absent from official site,2000000,CEO_REVIEW,"universe trim not listed by the official source (stale, dealer-only, renamed or duplicate label)",,
U11-2026-09-26,nissan/x-trail,availability,N-Trek,absent from official site,2080000,CEO_REVIEW,"universe trim not listed by the official source (stale, dealer-only, renamed or duplicate label)",,
U11-2026-09-26,nissan/x-trail,availability,Tekna e-4ORCE,absent from official site,2300000,CEO_REVIEW,"universe trim not listed by the official source (stale, dealer-only, renamed or duplicate label)",,
U11-2026-09-26,nissan/x-trail,seats,,[5],,REVIEW,"seats is a hard-constraint field; official evidence is grade-scoped, confirm across all versions",,"https://en.nissan.com.eg/vehicles/new/x-trail/specifications.html#spec table ""Number of Seats""@23304b772e43"
U11-2026-09-26,mg/6,availability,,not listed on official site,in universe; reg last12=15,CEO_REVIEW,brand lineup fetched from the official site does not include this model (discontinued? other importer?),,
