event,site,url,lastmod,status,body,trims,official_min,official_max,model_years,in_slice_band,note
UNKNOWN_TO_CATALOG,ContactCars,https://www.contactcars.com/en/new-cars/alfa_romeo-giulia,2026-09-23T08:37:57.696Z,200,,2,2749000,3149000,2025,False,
UNKNOWN_TO_CATALOG,ContactCars,https://www.contactcars.com/en/new-cars/alfa_romeo-stelvio,2026-09-23T08:37:57.696Z,200,,2,3325000,3550000,2025,False,
UNKNOWN_TO_CATALOG,ContactCars,https://www.contactcars.com/en/new-cars/alfa_romeo-tonale,2026-09-23T08:37:57.696Z,200,,2,2625000,2825000,2025,False,
UNKNOWN_TO_CATALOG,ContactCars,https://www.contactcars.com/en/new-cars/bmw-118i,2026-09-23T08:37:57.696Z,200,Hatchback,1,2180000,2550000,2026,True,
UNKNOWN_TO_CATALOG,ContactCars,https://www.contactcars.com/en/new-cars/bmw-218i,2026-09-23T08:37:57.696Z,200,,0,,,,False,
UNKNOWN_TO_CATALOG,ContactCars,https://www.contactcars.com/en/new-cars/bmw-320i,2026-09-23T08:37:57.696Z,200,,2,3500000,3750000,2026,False,
UNKNOWN_TO_CATALOG,ContactCars,https://www.contactcars.com/en/new-cars/bmw-340i,2026-09-23T08:37:57.696Z,200,,1,6750000,6750000,2026,False,
UNKNOWN_TO_CATALOG,ContactCars,https://www.contactcars.com/en/new-cars/bmw-420i_convertible,2026-09-23T08:37:57.696Z,200,,1,5200000,5200000,2026,False,
UNKNOWN_TO_CATALOG,ContactCars,https://www.contactcars.com/en/new-cars/bmw-420i_gran_coupe,2026-09-23T08:37:57.696Z,200,,1,4950000,4950000,2026,False,
UNKNOWN_TO_CATALOG,ContactCars,https://www.contactcars.com/en/new-cars/bmw-440i_coupe,2026-09-23T08:37:57.696Z,200,,1,7650000,7650000,2026,False,
UNKNOWN_TO_CATALOG,ContactCars,https://www.contactcars.com/en/new-cars/bmw-520i,2026-09-23T08:37:57.696Z,200,,2,4500000,4900000,2026,False,
UNKNOWN_TO_CATALOG,ContactCars,https://www.contactcars.com/en/new-cars/bmw-740i,2026-09-23T08:37:57.696Z,200,,1,11200000,11200000,2026,False,
UNKNOWN_TO_CATALOG,ContactCars,https://www.contactcars.com/en/new-cars/bmw-760i,2026-09-23T08:37:57.696Z,200,,1,13400000,13400000,2026,False,
UNKNOWN_TO_CATALOG,ContactCars,https://www.contactcars.com/en/new-cars/bmw-i3_sedan,2026-09-23T08:37:57.696Z,200,,0,,,,False,
UNKNOWN_TO_CATALOG,ContactCars,https://www.contactcars.com/en/new-cars/bmw-i4,2026-09-23T08:37:57.696Z,200,,1,5100000,5100000,2026,False,
UNKNOWN_TO_CATALOG,ContactCars,https://www.contactcars.com/en/new-cars/bmw-i5,2026-09-23T08:37:57.696Z,200,,1,6250000,6250000,2026,False,
UNKNOWN_TO_CATALOG,ContactCars,https://www.contactcars.com/en/new-cars/bmw-i7,2026-09-23T08:37:57.696Z,200,,1,10400000,11000000,2026,False,
UNKNOWN_TO_CATALOG,ContactCars,https://www.contactcars.com/en/new-cars/bmw-ix,2026-09-23T08:37:57.696Z,200,,1,7700000,7700000,2026,False,
UNKNOWN_TO_CATALOG,ContactCars,https://www.contactcars.com/en/new-cars/bmw-ix1,2026-09-23T08:37:57.696Z,200,,1,3800000,3800000,2026,False,
UNKNOWN_TO_CATALOG,ContactCars,https://www.contactcars.com/en/new-cars/bmw-m3,2026-09-23T08:37:57.696Z,200,,1,11450000,11450000,2026,False,
UNKNOWN_TO_CATALOG,ContactCars,https://www.contactcars.com/en/new-cars/bmw-m4,2026-09-23T08:37:57.696Z,200,,0,,,,False,
UNKNOWN_TO_CATALOG,ContactCars,https://www.contactcars.com/en/new-cars/bmw-m5,2026-09-23T08:37:57.696Z,200,,1,13850000,13850000,2026,False,
UNKNOWN_TO_CATALOG,ContactCars,https://www.contactcars.com/en/new-cars/bmw-m8,2026-09-23T08:37:57.696Z,200,,0,,,,False,
UNKNOWN_TO_CATALOG,ContactCars,https://www.contactcars.com/en/new-cars/bmw-x1,2026-09-23T08:37:57.696Z,200,,2,3200000,3500000,2026,False,
UNKNOWN_TO_CATALOG,ContactCars,https://www.contactcars.com/en/new-cars/bmw-x2,2026-09-23T08:37:57.696Z,200,,1,3600000,3600000,2026,False,
UNKNOWN_TO_CATALOG,ContactCars,https://www.contactcars.com/en/new-cars/bmw-x3,2026-09-23T08:37:57.696Z,200,,2,4350000,5300000,2026,False,
UNKNOWN_TO_CATALOG,ContactCars,https://www.contactcars.com/en/new-cars/bmw-x4,2026-09-23T08:37:57.696Z,200,,0,,,,False,
UNKNOWN_TO_CATALOG,ContactCars,https://www.contactcars.com/en/new-cars/bmw-x6,2026-09-23T08:37:57.696Z,200,,2,7950000,9250000,2026,False,
UNKNOWN_TO_CATALOG,ContactCars,https://www.contactcars.com/en/new-cars/bmw-x7,2026-09-23T08:37:57.696Z,200,,1,10200000,10200000,2026,False,
UNKNOWN_TO_CATALOG,ContactCars,https://www.contactcars.com/en/new-cars/hyundai-i_30,2026-09-23T08:37:57.696Z,200,,8,1150000,1500000,2026,False,
UNKNOWN_TO_CATALOG,ContactCars,https://www.contactcars.com/en/new-cars/mercedes-a200,2026-09-23T08:37:57.696Z,200,Sedan,1,2390000,2800000,2026,True,
UNKNOWN_TO_CATALOG,ContactCars,https://www.contactcars.com/en/new-cars/mercedes-amg_gt,2026-09-23T08:37:57.696Z,200,,1,8560000,17200000,2025,False,
UNKNOWN_TO_CATALOG,ContactCars,https://www.contactcars.com/en/new-cars/mercedes-b_200,2026-09-23T08:37:57.696Z,200,Hatchback,1,2350000,2350000,2026,True,
UNKNOWN_TO_CATALOG,ContactCars,https://www.contactcars.com/en/new-cars/mercedes-c_43_amg,2026-09-23T08:37:57.696Z,200,,1,5800000,5800000,2025,False,
UNKNOWN_TO_CATALOG,ContactCars,https://www.contactcars.com/en/new-cars/mercedes-cla_200,2026-09-23T08:37:57.696Z,200,,1,2930000,3750000,2026,False,
UNKNOWN_TO_CATALOG,ContactCars,https://www.contactcars.com/en/new-cars/mercedes-cla_250e,2026-09-23T08:37:57.696Z,200,,0,,,,False,
UNKNOWN_TO_CATALOG,ContactCars,https://www.contactcars.com/en/new-cars/mercedes-eqa_260,2026-09-23T08:37:57.696Z,200,SUV,1,2125000,2125000,2025,True,
UNKNOWN_TO_CATALOG,ContactCars,https://www.contactcars.com/en/new-cars/mercedes-eqe_suv,2026-09-23T08:37:57.696Z,200,,1,4750000,5500000,2025,False,
UNKNOWN_TO_CATALOG,ContactCars,https://www.contactcars.com/en/new-cars/mercedes-g580_with_eq_technology,2026-09-23T08:37:57.696Z,200,,1,10130000,10130000,2025,False,
UNKNOWN_TO_CATALOG,ContactCars,https://www.contactcars.com/en/new-cars/mercedes-g_500,2026-09-23T08:37:57.696Z,200,,1,13100000,13300000,2025,False,
UNKNOWN_TO_CATALOG,ContactCars,https://www.contactcars.com/en/new-cars/mercedes-g_63,2026-09-23T08:37:57.696Z,200,,1,14100000,18050000,2025,False,
UNKNOWN_TO_CATALOG,ContactCars,https://www.contactcars.com/en/new-cars/mercedes-gla_200,2026-09-23T08:37:57.696Z,200,,1,2990000,3100000,2026,False,
UNKNOWN_TO_CATALOG,ContactCars,https://www.contactcars.com/en/new-cars/mercedes-glc_43,2026-09-23T08:37:57.696Z,200,,1,6600000,7600000,2026,False,
UNKNOWN_TO_CATALOG,ContactCars,https://www.contactcars.com/en/new-cars/mercedes-gle_450,2026-09-23T08:37:57.696Z,200,,1,7090000,7200000,2025,False,
UNKNOWN_TO_CATALOG,ContactCars,https://www.contactcars.com/en/new-cars/mercedes-gle_53,2026-09-23T08:37:57.696Z,200,,1,8100000,8300000,2025,False,
UNKNOWN_TO_CATALOG,ContactCars,https://www.contactcars.com/en/new-cars/mercedes-gls_580,2026-09-23T08:37:57.696Z,200,,1,9900000,9930000,2025,False,
UNKNOWN_TO_CATALOG,ContactCars,https://www.contactcars.com/en/new-cars/mercedes-maybach_s_580,2026-09-23T08:37:57.696Z,200,,1,17500000,21975000,2026,False,
UNKNOWN_TO_CATALOG,ContactCars,https://www.contactcars.com/en/new-cars/mercedes-s450,2026-09-23T08:37:57.696Z,200,,1,6600000,11900000,2026,False,
UNKNOWN_TO_CATALOG,ContactCars,https://www.contactcars.com/en/new-cars/mercedes-sl55_amg,2026-09-23T08:37:57.696Z,200,,1,11250000,14330000,2025,False,
UNKNOWN_TO_CATALOG,ContactCars,https://www.contactcars.com/en/new-cars/mercedes-v300,2026-09-23T08:37:57.696Z,200,,1,6500000,7100000,2026,False,
UNKNOWN_TO_CATALOG,ContactCars,https://www.contactcars.com/en/new-cars/mitsubishi-attrage,2026-09-23T08:37:57.696Z,200,,0,,,,False,
UNKNOWN_TO_CATALOG,ContactCars,https://www.contactcars.com/en/new-cars/mitsubishi-destinator,2026-09-23T08:37:57.696Z,200,SUV,3,1650000,1950000,2027,True,
UNKNOWN_TO_CATALOG,ContactCars,https://www.contactcars.com/en/new-cars/mitsubishi-eclipse,2026-09-23T08:37:57.696Z,200,SUV,5,1400000,1690000,2026,True,
UNKNOWN_TO_CATALOG,ContactCars,https://www.contactcars.com/en/new-cars/mitsubishi-mirage,2026-09-23T08:37:57.696Z,200,,0,,,,False,
UNKNOWN_TO_CATALOG,ContactCars,https://www.contactcars.com/en/new-cars/mitsubishi-xpander,2026-09-23T08:37:57.696Z,200,,3,1300000,1475000,2026,False,
UNKNOWN_TO_CATALOG,ContactCars,https://www.contactcars.com/en/new-cars/seat-arona,2026-09-23T08:37:57.696Z,200,,1,1329000,1340000,2027,False,
UNKNOWN_TO_CATALOG,ContactCars,https://www.contactcars.com/en/new-cars/seat-ateca,2026-09-23T08:37:57.696Z,200,,0,,,,False,
UNKNOWN_TO_CATALOG,ContactCars,https://www.contactcars.com/en/new-cars/seat-ibiza,2026-09-23T08:37:57.696Z,200,,2,1129000,1329000,2027,False,
UNKNOWN_TO_CATALOG,ContactCars,https://www.contactcars.com/en/new-cars/seat-leon,2026-09-23T08:37:57.696Z,200,,1,1490000,1499000,2026,False,
UNKNOWN_TO_CATALOG,ContactCars,https://www.contactcars.com/en/new-cars/audi-a3,2026-09-23T08:37:57.697Z,200,,2,2525000,2599000,2026,False,
UNKNOWN_TO_CATALOG,ContactCars,https://www.contactcars.com/en/new-cars/audi-a5,2026-09-23T08:37:57.697Z,200,,2,3449000,3949000,2026,False,
UNKNOWN_TO_CATALOG,ContactCars,https://www.contactcars.com/en/new-cars/audi-a6,2026-09-23T08:37:57.697Z,200,,2,4749000,5249000,2026,False,
UNKNOWN_TO_CATALOG,ContactCars,https://www.contactcars.com/en/new-cars/audi-e_tron,2026-09-23T08:37:57.697Z,200,,0,,,,False,
UNKNOWN_TO_CATALOG,ContactCars,https://www.contactcars.com/en/new-cars/audi-q2,2026-09-23T08:37:57.697Z,200,SUV,1,2399000,2399000,2026,True,
UNKNOWN_TO_CATALOG,ContactCars,https://www.contactcars.com/en/new-cars/audi-q3,2026-09-23T08:37:57.697Z,200,,4,2799000,3249000,2026,False,
UNKNOWN_TO_CATALOG,ContactCars,https://www.contactcars.com/en/new-cars/audi-q7,2026-09-23T08:37:57.697Z,200,,2,5750000,6199000,2026,False,
UNKNOWN_TO_CATALOG,ContactCars,https://www.contactcars.com/en/new-cars/audi-q8,2026-09-23T08:37:57.697Z,200,,1,7900000,8250000,2026,False,
UNKNOWN_TO_CATALOG,ContactCars,https://www.contactcars.com/en/new-cars/audi-rs_e_tron_gt,2026-09-23T08:37:57.697Z,200,,1,6400000,6400000,2025,False,
UNKNOWN_TO_CATALOG,ContactCars,https://www.contactcars.com/en/new-cars/chevrolet-captiva,2026-09-23T08:37:57.697Z,200,,1,1292700,1400000,2026,False,
UNKNOWN_TO_CATALOG,ContactCars,https://www.contactcars.com/en/new-cars/chevrolet-captiva_ev,2026-09-23T08:37:57.697Z,200,,1,1499000,1500000,2026,False,
UNKNOWN_TO_CATALOG,ContactCars,https://www.contactcars.com/en/new-cars/chevrolet-dababbah,2026-09-23T08:37:57.697Z,200,,0,,,,False,
UNKNOWN_TO_CATALOG,ContactCars,https://www.contactcars.com/en/new-cars/chevrolet-jumbo,2026-09-23T08:37:57.697Z,200,,0,,,,False,
UNKNOWN_TO_CATALOG,ContactCars,https://www.contactcars.com/en/new-cars/chevrolet-jumbo_npr,2026-09-23T08:37:57.697Z,200,Pickup,1,1599500,1670000,2027,True,
UNKNOWN_TO_CATALOG,ContactCars,https://www.contactcars.com/en/new-cars/chevrolet-n300,2026-09-23T08:37:57.697Z,200,,1,,,,False,
UNKNOWN_TO_CATALOG,ContactCars,https://www.contactcars.com/en/new-cars/chevrolet-nkr,2026-09-23T08:37:57.697Z,200,,0,,,,False,
UNKNOWN_TO_CATALOG,ContactCars,https://www.contactcars.com/en/new-cars/chevrolet-nqr,2026-09-23T08:37:57.697Z,200,Pickup,1,1685000,1940000,2027,True,
UNKNOWN_TO_CATALOG,ContactCars,https://www.contactcars.com/en/new-cars/chevrolet-s10_max,2026-09-23T08:37:57.697Z,200,,1,5400000,5400000,2026,False,
UNKNOWN_TO_CATALOG,ContactCars,https://www.contactcars.com/en/new-cars/chevrolet-spark_euv,2026-09-23T08:37:57.697Z,200,,1,1099000,1099000,2026,False,
UNKNOWN_TO_CATALOG,ContactCars,https://www.contactcars.com/en/new-cars/chevrolet-tfr,2026-09-23T08:37:57.697Z,200,,1,1165000,1240000,2026,False,
UNKNOWN_TO_CATALOG,ContactCars,https://www.contactcars.com/en/new-cars/citroen-c3,2026-09-23T08:37:57.697Z,200,,0,,,,False,
UNKNOWN_TO_CATALOG,ContactCars,https://www.contactcars.com/en/new-cars/citroen-c3_aircross,2026-09-23T08:37:57.697Z,200,,2,1080000,1160000,2027,False,
UNKNOWN_TO_CATALOG,ContactCars,https://www.contactcars.com/en/new-cars/citroen-c4,2026-09-23T08:37:57.697Z,200,,0,,,,False,
UNKNOWN_TO_CATALOG,ContactCars,https://www.contactcars.com/en/new-cars/citroen-c4_facelift,2026-09-23T08:37:57.697Z,200,,1,1495000,1495000,2026,False,
UNKNOWN_TO_CATALOG,ContactCars,https://www.contactcars.com/en/new-cars/citroen-c4_x,2026-09-23T08:37:57.697Z,200,,2,1290000,1420000,2026,False,
UNKNOWN_TO_CATALOG,ContactCars,https://www.contactcars.com/en/new-cars/citroen-c5,2026-09-23T08:37:57.697Z,200,,0,,,,False,
UNKNOWN_TO_CATALOG,ContactCars,https://www.contactcars.com/en/new-cars/citroen-c5_aircross,2026-09-23T08:37:57.697Z,200,SUV,2,1695000,1935000,2027,True,
UNKNOWN_TO_CATALOG,ContactCars,https://www.contactcars.com/en/new-cars/dodge-durango,2026-09-23T08:37:57.697Z,200,,0,,,,False,
UNKNOWN_TO_CATALOG,ContactCars,https://www.contactcars.com/en/new-cars/dodge-ram,2026-09-23T08:37:57.697Z,200,,0,,,,False,
UNKNOWN_TO_CATALOG,ContactCars,https://www.contactcars.com/en/new-cars/geely-cityray,2026-09-23T08:37:57.697Z,200,,3,1249000,1469000,2026,False,
UNKNOWN_TO_CATALOG,ContactCars,https://www.contactcars.com/en/new-cars/geely-coolray,2026-09-23T08:37:57.697Z,200,,3,1199000,1199000,2026,False,
UNKNOWN_TO_CATALOG,ContactCars,https://www.contactcars.com/en/new-cars/geely-emgrand,2026-09-23T08:37:57.697Z,200,,2,,,,False,
UNKNOWN_TO_CATALOG,ContactCars,https://www.contactcars.com/en/new-cars/geely-ex2,2026-09-23T08:37:57.697Z,200,,2,,,,False,
UNKNOWN_TO_CATALOG,ContactCars,https://www.contactcars.com/en/new-cars/geely-ex5,2026-09-23T08:37:57.697Z,200,,3,1419900,1569900,2026,False,
UNKNOWN_TO_CATALOG,ContactCars,https://www.contactcars.com/en/new-cars/geely-ex5_em_i,2026-09-23T08:37:57.697Z,200,,2,1400000,1550000,2026,False,
UNKNOWN_TO_CATALOG,ContactCars,https://www.contactcars.com/en/new-cars/geely-gx3_pro,2026-09-23T08:37:57.697Z,200,,1,,,,False,
UNKNOWN_TO_CATALOG,ContactCars,https://www.contactcars.com/en/new-cars/geely-monjaro,2026-09-23T08:37:57.697Z,200,SUV,4,1699000,1999000,2027,True,
UNKNOWN_TO_CATALOG,ContactCars,https://www.contactcars.com/en/new-cars/geely-okavango,2026-09-23T08:37:57.697Z,200,SUV,1,1639000,1639000,2025,True,
UNKNOWN_TO_CATALOG,ContactCars,https://www.contactcars.com/en/new-cars/geely-starray,2026-09-23T08:37:57.697Z,200,,4,1299000,1569000,2025,False,
UNKNOWN_TO_CATALOG,ContactCars,https://www.contactcars.com/en/new-cars/honda-cr_v,2026-09-23T08:37:57.697Z,200,,0,,,,False,
UNKNOWN_TO_CATALOG,ContactCars,https://www.contactcars.com/en/new-cars/honda-zr_v,2026-09-23T08:37:57.697Z,200,,0,,,,False,
UNKNOWN_TO_CATALOG,ContactCars,https://www.contactcars.com/en/new-cars/jaguar-f_pace,2026-09-23T08:37:57.697Z,200,,0,,,,False,
UNKNOWN_TO_CATALOG,ContactCars,https://www.contactcars.com/en/new-cars/mini-cooper,2026-09-23T08:37:57.697Z,200,Hatchback - Cabriolet,5,2250000,3000000,2025,True,
UNKNOWN_TO_CATALOG,ContactCars,https://www.contactcars.com/en/new-cars/mini-cooper_countryman,2026-09-23T08:37:57.697Z,200,,4,2630000,3990000,2025,False,
UNKNOWN_TO_CATALOG,ContactCars,https://www.contactcars.com/en/new-cars/opel-corsa,2026-09-23T08:37:57.697Z,200,,1,1250000,1250000,2026,False,
UNKNOWN_TO_CATALOG,ContactCars,https://www.contactcars.com/en/new-cars/opel-frontera,2026-09-23T08:37:57.697Z,200,,1,1190000,1200000,2027,False,
UNKNOWN_TO_CATALOG,ContactCars,https://www.contactcars.com/en/new-cars/opel-mokka,2026-09-23T08:37:57.697Z,200,,1,1550000,1550000,2026,False,
UNKNOWN_TO_CATALOG,ContactCars,https://www.contactcars.com/en/new-cars/peugeot-2008,2026-09-23T08:37:57.697Z,200,,2,1499990,1650000,2008,True,
UNKNOWN_TO_CATALOG,ContactCars,https://www.contactcars.com/en/new-cars/peugeot-3008,2026-09-23T08:37:57.697Z,200,SUV,2,2099990,2399990,2027,True,
UNKNOWN_TO_CATALOG,ContactCars,https://www.contactcars.com/en/new-cars/peugeot-408,2026-09-23T08:37:57.697Z,200,SUV,2,1889990,2199990,2027,True,
UNKNOWN_TO_CATALOG,ContactCars,https://www.contactcars.com/en/new-cars/peugeot-5008,2026-09-23T08:37:57.697Z,200,SUV,2,2275000,2575000,2026,True,
UNKNOWN_TO_CATALOG,ContactCars,https://www.contactcars.com/en/new-cars/porsche-718,2026-09-23T08:37:57.697Z,200,,0,,,,False,
UNKNOWN_TO_CATALOG,ContactCars,https://www.contactcars.com/en/new-cars/porsche-718_boxster,2026-09-23T08:37:57.697Z,200,,0,,,,False,
UNKNOWN_TO_CATALOG,ContactCars,https://www.contactcars.com/en/new-cars/porsche-911_carrera,2026-09-23T08:37:57.697Z,200,,0,,,,False,
UNKNOWN_TO_CATALOG,ContactCars,https://www.contactcars.com/en/new-cars/porsche-911_gt3,2026-09-23T08:37:57.697Z,200,,1,17000000,17000000,2026,False,
UNKNOWN_TO_CATALOG,ContactCars,https://www.contactcars.com/en/new-cars/porsche-911_turbo,2026-09-23T08:37:57.697Z,200,,4,,,,False,
UNKNOWN_TO_CATALOG,ContactCars,https://www.contactcars.com/en/new-cars/porsche-carrera,2026-09-23T08:37:57.697Z,200,,0,,,,False,
UNKNOWN_TO_CATALOG,ContactCars,https://www.contactcars.com/en/new-cars/porsche-cayenne,2026-09-23T08:37:57.697Z,200,,0,,,,False,
UNKNOWN_TO_CATALOG,ContactCars,https://www.contactcars.com/en/new-cars/porsche-cayenne_new,2026-09-23T08:37:57.697Z,200,,0,,,,False,
UNKNOWN_TO_CATALOG,ContactCars,https://www.contactcars.com/en/new-cars/porsche-cayenne_s,2026-09-23T08:37:57.697Z,200,,0,,,,False,
UNKNOWN_TO_CATALOG,ContactCars,https://www.contactcars.com/en/new-cars/porsche-macan,2026-09-23T08:37:57.697Z,200,,0,,,,False,
UNKNOWN_TO_CATALOG,ContactCars,https://www.contactcars.com/en/new-cars/porsche-macan_t,2026-09-23T08:37:57.697Z,200,,0,,,,False,
UNKNOWN_TO_CATALOG,ContactCars,https://www.contactcars.com/en/new-cars/porsche-targa,2026-09-23T08:37:57.697Z,200,,2,6858750,6858750,2023 2026,False,
UNKNOWN_TO_CATALOG,ContactCars,https://www.contactcars.com/en/new-cars/porsche-taycan,2026-09-23T08:37:57.697Z,200,,0,,,,False,
UNKNOWN_TO_CATALOG,ContactCars,https://www.contactcars.com/en/new-cars/range_rover-sport,2026-09-23T08:37:57.697Z,200,,0,,,,False,
UNKNOWN_TO_CATALOG,ContactCars,https://www.contactcars.com/en/new-cars/range_rover-velar,2026-09-23T08:37:57.697Z,200,,0,,,,False,
UNKNOWN_TO_CATALOG,ContactCars,https://www.contactcars.com/en/new-cars/range_rover-vogue,2026-09-23T08:37:57.697Z,200,,0,,,,False,
UNKNOWN_TO_CATALOG,ContactCars,https://www.contactcars.com/en/new-cars/suzuki-alto,2026-09-23T08:37:57.697Z,200,,1,,,,False,
UNKNOWN_TO_CATALOG,ContactCars,https://www.contactcars.com/en/new-cars/suzuki-baleno,2026-09-23T08:37:57.697Z,200,,1,1060500,1090000,2026,False,
UNKNOWN_TO_CATALOG,ContactCars,https://www.contactcars.com/en/new-cars/suzuki-dzire,2026-09-23T08:37:57.697Z,200,,1,,,,False,
UNKNOWN_TO_CATALOG,ContactCars,https://www.contactcars.com/en/new-cars/suzuki-ertiga,2026-09-23T08:37:57.697Z,200,,0,,,,False,
UNKNOWN_TO_CATALOG,ContactCars,https://www.contactcars.com/en/new-cars/suzuki-fronx,2026-09-23T08:37:57.697Z,200,,0,,,,False,
UNKNOWN_TO_CATALOG,ContactCars,https://www.contactcars.com/en/new-cars/suzuki-jimny,2026-09-23T08:37:57.697Z,200,,1,1500000,1500000,2026,False,
UNKNOWN_TO_CATALOG,ContactCars,https://www.contactcars.com/en/new-cars/suzuki-spresso,2026-09-23T08:37:57.697Z,200,,1,,,,False,
UNKNOWN_TO_CATALOG,ContactCars,https://www.contactcars.com/en/new-cars/suzuki-supercarry,2026-09-23T08:37:57.697Z,200,,0,,,,False,
UNKNOWN_TO_CATALOG,ContactCars,https://www.contactcars.com/en/new-cars/suzuki-swift,2026-09-23T08:37:57.697Z,200,,2,,,,False,
UNKNOWN_TO_CATALOG,ContactCars,https://www.contactcars.com/en/new-cars/suzuki-van,2026-09-23T08:37:57.697Z,200,,0,,,,False,
UNKNOWN_TO_CATALOG,ContactCars,https://www.contactcars.com/en/new-cars/arcfox-alpha_s5,2026-09-23T08:37:57.698Z,200,Sedan,3,1450000,1950000,2026,True,
UNKNOWN_TO_CATALOG,ContactCars,https://www.contactcars.com/en/new-cars/arcfox-koala_s,2026-09-23T08:37:57.698Z,200,,2,1175000,1250000,2026,False,
UNKNOWN_TO_CATALOG,ContactCars,https://www.contactcars.com/en/new-cars/arcfox-t_1,2026-09-23T08:37:57.698Z,200,,3,1070000,1070000,2026,False,
UNKNOWN_TO_CATALOG,ContactCars,https://www.contactcars.com/en/new-cars/avatr-07,2026-09-23T08:37:57.698Z,200,SUV,3,2290000,2790000,2027,True,
UNKNOWN_TO_CATALOG,ContactCars,https://www.contactcars.com/en/new-cars/avatr-11,2026-09-23T08:37:57.698Z,200,,3,2990000,3530000,2026,False,
UNKNOWN_TO_CATALOG,ContactCars,https://www.contactcars.com/en/new-cars/avatr-12,2026-09-23T08:37:57.698Z,200,,2,3050000,3580000,2026,False,
UNKNOWN_TO_CATALOG,ContactCars,https://www.contactcars.com/en/new-cars/bestune-b70,2026-09-23T08:37:57.698Z,200,,2,1305000,1325000,2025,False,
UNKNOWN_TO_CATALOG,ContactCars,https://www.contactcars.com/en/new-cars/bestune-t55,2026-09-23T08:37:57.698Z,200,,1,1055000,1055000,2025,False,
UNKNOWN_TO_CATALOG,ContactCars,https://www.contactcars.com/en/new-cars/bestune-t77,2026-09-23T08:37:57.698Z,200,,1,1275000,1275000,2025,False,
UNKNOWN_TO_CATALOG,ContactCars,https://www.contactcars.com/en/new-cars/byd-atto_2,2026-09-23T08:37:57.698Z,200,,1,1350000,1350000,2027,False,
UNKNOWN_TO_CATALOG,ContactCars,https://www.contactcars.com/en/new-cars/byd-f3,2026-09-23T08:37:57.698Z,200,,0,,,,False,
UNKNOWN_TO_CATALOG,ContactCars,https://www.contactcars.com/en/new-cars/byd-m9,2026-09-23T08:37:57.698Z,200,,4,3300000,3850000,2026 2027,False,
UNKNOWN_TO_CATALOG,ContactCars,https://www.contactcars.com/en/new-cars/byd-sealion_5,2026-09-23T08:37:57.698Z,200,SUV,4,1400000,1699000,2026 2027,True,
UNKNOWN_TO_CATALOG,ContactCars,https://www.contactcars.com/en/new-cars/byd-ti7,2026-09-23T08:37:57.698Z,200,SUV,2,2349000,2799000,2027,True,
UNKNOWN_TO_CATALOG,ContactCars,https://www.contactcars.com/en/new-cars/cadillac-escalade,2026-09-23T08:37:57.698Z,200,,0,,,,False,
UNKNOWN_TO_CATALOG,ContactCars,https://www.contactcars.com/en/new-cars/cadillac-lyriq,2026-09-23T08:37:57.698Z,200,,1,4100000,5649900,2026,False,
UNKNOWN_TO_CATALOG,ContactCars,https://www.contactcars.com/en/new-cars/cadillac-optiq,2026-09-23T08:37:57.698Z,200,,1,4149900,4149900,2026,False,
UNKNOWN_TO_CATALOG,ContactCars,https://www.contactcars.com/en/new-cars/cadillac-vistiq,2026-09-23T08:37:57.698Z,200,,1,4980000,6490900,2026,False,
UNKNOWN_TO_CATALOG,ContactCars,https://www.contactcars.com/en/new-cars/cupra-formentor,2026-09-23T08:37:57.698Z,200,SUV,2,2049000,2589000,2026,True,
UNKNOWN_TO_CATALOG,ContactCars,https://www.contactcars.com/en/new-cars/cupra-leon,2026-09-23T08:37:57.698Z,200,Hatchback,1,1849000,1855000,2026,True,
UNKNOWN_TO_CATALOG,ContactCars,https://www.contactcars.com/en/new-cars/cupra-terramar,2026-09-23T08:37:57.698Z,200,SUV,2,2299000,2399000,2026,True,
UNKNOWN_TO_CATALOG,ContactCars,https://www.contactcars.com/en/new-cars/deepal-g318,2026-09-23T08:37:57.698Z,200,SUV,2,2050000,2200000,2026,True,
UNKNOWN_TO_CATALOG,ContactCars,https://www.contactcars.com/en/new-cars/deepal-s05,2026-09-23T08:37:57.698Z,200,SUV,2,1599000,2000000,2026,True,
UNKNOWN_TO_CATALOG,ContactCars,https://www.contactcars.com/en/new-cars/deepal-s07,2026-09-23T08:37:57.698Z,200,SUV,2,1925000,2015000,2026,True,
UNKNOWN_TO_CATALOG,ContactCars,https://www.contactcars.com/en/new-cars/dfsk-600,2026-09-23T08:37:57.698Z,200,,1,1388900,1388900,2026,False,
UNKNOWN_TO_CATALOG,ContactCars,https://www.contactcars.com/en/new-cars/dfsk-e5,2026-09-23T08:37:57.698Z,200,,1,1294900,1297850,2027,False,
UNKNOWN_TO_CATALOG,ContactCars,https://www.contactcars.com/en/new-cars/dfsk-e5_plus,2026-09-23T08:37:57.698Z,200,,1,1485000,1494900,2027,False,
UNKNOWN_TO_CATALOG,ContactCars,https://www.contactcars.com/en/new-cars/dongfeng-007,2026-09-23T08:37:57.698Z,200,,1,1530000,1550000,2026,False,
UNKNOWN_TO_CATALOG,ContactCars,https://www.contactcars.com/en/new-cars/dongfeng-008,2026-09-23T08:37:57.698Z,200,SUV,1,1950000,1950000,2026,True,
UNKNOWN_TO_CATALOG,ContactCars,https://www.contactcars.com/en/new-cars/dongfeng-box,2026-09-23T08:37:57.698Z,200,,2,,,,False,
UNKNOWN_TO_CATALOG,ContactCars,https://www.contactcars.com/en/new-cars/dongfeng-l7,2026-09-23T08:37:57.698Z,200,,0,,,,False,
UNKNOWN_TO_CATALOG,ContactCars,https://www.contactcars.com/en/new-cars/dongfeng-mage,2026-09-23T08:37:57.698Z,200,,2,1190000,1290000,2026,False,
UNKNOWN_TO_CATALOG,ContactCars,https://www.contactcars.com/en/new-cars/dongfeng-mage_ev,2026-09-23T08:37:57.698Z,200,,1,,,,False,
UNKNOWN_TO_CATALOG,ContactCars,https://www.contactcars.com/en/new-cars/dongfeng-shine,2026-09-23T08:37:57.698Z,200,,2,,,,False,
UNKNOWN_TO_CATALOG,ContactCars,https://www.contactcars.com/en/new-cars/ds-ds_4,2026-09-23T08:37:57.698Z,200,Hatchback,1,2060000,2060000,2025,True,
UNKNOWN_TO_CATALOG,ContactCars,https://www.contactcars.com/en/new-cars/ds-ds_7,2026-09-23T08:37:57.698Z,200,SUV,2,2250000,2450000,2026,True,
UNKNOWN_TO_CATALOG,ContactCars,https://www.contactcars.com/en/new-cars/exeed-es,2026-09-23T08:37:57.698Z,200,Sedan,2,1990000,2440000,2027,True,
UNKNOWN_TO_CATALOG,ContactCars,https://www.contactcars.com/en/new-cars/exeed-et,2026-09-23T08:37:57.698Z,200,,2,2490000,2690000,2027,False,
UNKNOWN_TO_CATALOG,ContactCars,https://www.contactcars.com/en/new-cars/exeed-lx,2026-09-23T08:37:57.698Z,200,,1,1440000,1440000,2027,False,
UNKNOWN_TO_CATALOG,ContactCars,https://www.contactcars.com/en/new-cars/exeed-rx,2026-09-23T08:37:57.698Z,200,SUV,2,2050000,2450000,2027,True,
UNKNOWN_TO_CATALOG,ContactCars,https://www.contactcars.com/en/new-cars/exeed-vx,2026-09-23T08:37:57.698Z,200,,2,2620000,2920000,2027,False,
UNKNOWN_TO_CATALOG,ContactCars,https://www.contactcars.com/en/new-cars/forthing-s7,2026-09-23T08:37:57.698Z,200,,2,1290000,1370000,2027,False,
UNKNOWN_TO_CATALOG,ContactCars,https://www.contactcars.com/en/new-cars/forthing-u_tour,2026-09-23T08:37:57.698Z,200,,1,1590000,1590000,2027,False,
UNKNOWN_TO_CATALOG,ContactCars,https://www.contactcars.com/en/new-cars/forthing-v9,2026-09-23T08:37:57.698Z,200,,1,2600000,2600000,2027,False,
UNKNOWN_TO_CATALOG,ContactCars,https://www.contactcars.com/en/new-cars/genesis-electrified_g80,2026-09-23T08:37:57.698Z,200,,3,3500000,4250000,2027,False,
UNKNOWN_TO_CATALOG,ContactCars,https://www.contactcars.com/en/new-cars/genesis-gv60,2026-09-23T08:37:57.698Z,200,,3,2600000,3550000,2027,False,
UNKNOWN_TO_CATALOG,ContactCars,https://www.contactcars.com/en/new-cars/genesis-gv70,2026-09-23T08:37:57.698Z,200,,2,3650000,3850000,2027,False,
UNKNOWN_TO_CATALOG,ContactCars,https://www.contactcars.com/en/new-cars/golf_car-6_seats,2026-09-23T08:37:57.698Z,200,,0,,,,False,
UNKNOWN_TO_CATALOG,ContactCars,https://www.contactcars.com/en/new-cars/haval-h6,2026-09-23T08:37:57.698Z,200,,2,1300000,1490000,2026,False,
UNKNOWN_TO_CATALOG,ContactCars,https://www.contactcars.com/en/new-cars/haval-h6_hev,2026-09-23T08:37:57.698Z,200,,1,1515000,1515000,2026,False,
UNKNOWN_TO_CATALOG,ContactCars,https://www.contactcars.com/en/new-cars/haval-h7,2026-09-23T08:37:57.698Z,200,SUV,2,1760000,1850000,2026,True,
UNKNOWN_TO_CATALOG,ContactCars,https://www.contactcars.com/en/new-cars/haval-jolion,2026-09-23T08:37:57.698Z,200,,3,1135000,1135000,2027,False,
UNKNOWN_TO_CATALOG,ContactCars,https://www.contactcars.com/en/new-cars/haval-jolion_pro,2026-09-23T08:37:57.698Z,200,,1,1060000,1209000,2025,False,
UNKNOWN_TO_CATALOG,ContactCars,https://www.contactcars.com/en/new-cars/haval-v7,2026-09-23T08:37:57.698Z,200,SUV,2,1825000,2100000,2027,True,
UNKNOWN_TO_CATALOG,ContactCars,https://www.contactcars.com/en/new-cars/isuzu-npr,2026-09-23T08:37:57.698Z,200,,0,,,,False,
UNKNOWN_TO_CATALOG,ContactCars,https://www.contactcars.com/en/new-cars/isuzu-rbc,2026-09-23T08:37:57.698Z,200,,0,,,,False,
UNKNOWN_TO_CATALOG,ContactCars,https://www.contactcars.com/en/new-cars/jac-j7,2026-09-23T08:37:57.698Z,200,,1,1039000,1040000,2025,False,
UNKNOWN_TO_CATALOG,ContactCars,https://www.contactcars.com/en/new-cars/jac-js4,2026-09-23T08:37:57.698Z,200,,1,1039000,1039000,2025,False,
UNKNOWN_TO_CATALOG,ContactCars,https://www.contactcars.com/en/new-cars/jac-js6,2026-09-23T08:37:57.698Z,200,,2,1240000,1290000,2026,False,
UNKNOWN_TO_CATALOG,ContactCars,https://www.contactcars.com/en/new-cars/jac-js8_pro,2026-09-23T08:37:57.698Z,200,,2,1245000,1295000,2026,False,
UNKNOWN_TO_CATALOG,ContactCars,https://www.contactcars.com/en/new-cars/jac-s2,2026-09-23T08:37:57.698Z,200,,0,,,,False,
UNKNOWN_TO_CATALOG,ContactCars,https://www.contactcars.com/en/new-cars/kaiyi-e5,2026-09-23T08:37:57.698Z,200,,2,,,,False,
UNKNOWN_TO_CATALOG,ContactCars,https://www.contactcars.com/en/new-cars/kaiyi-x3_pro,2026-09-23T08:37:57.698Z,200,,2,,,,False,
UNKNOWN_TO_CATALOG,ContactCars,https://www.contactcars.com/en/new-cars/kaiyi-x7,2026-09-23T08:37:57.698Z,200,SUV,2,1400000,1600000,2026,True,
UNKNOWN_TO_CATALOG,ContactCars,https://www.contactcars.com/en/new-cars/kgm-actyon,2026-09-23T08:37:57.698Z,200,SUV,2,1925000,2125000,2026,True,
UNKNOWN_TO_CATALOG,ContactCars,https://www.contactcars.com/en/new-cars/kgm-torres,2026-09-23T08:37:57.698Z,200,SUV,5,1585000,1999000,2026,True,
UNKNOWN_TO_CATALOG,ContactCars,https://www.contactcars.com/en/new-cars/m_hero-1_917,2026-09-23T08:37:57.698Z,200,,1,6500000,6500000,2026,False,
UNKNOWN_TO_CATALOG,ContactCars,https://www.contactcars.com/en/new-cars/m_hero-ii_817,2026-09-23T08:37:57.698Z,200,,0,,,,False,
UNKNOWN_TO_CATALOG,ContactCars,https://www.contactcars.com/en/new-cars/maserati-ghibli,2026-09-23T08:37:57.698Z,200,,0,,,,False,
UNKNOWN_TO_CATALOG,ContactCars,https://www.contactcars.com/en/new-cars/maserati-granturismo,2026-09-23T08:37:57.698Z,200,,0,,,,False,
UNKNOWN_TO_CATALOG,ContactCars,https://www.contactcars.com/en/new-cars/maserati-grecale,2026-09-23T08:37:57.698Z,200,,0,,,,False,
UNKNOWN_TO_CATALOG,ContactCars,https://www.contactcars.com/en/new-cars/rox-01,2026-09-23T08:37:57.698Z,200,,4,3200000,3585000,2025 2026,False,
UNKNOWN_TO_CATALOG,ContactCars,https://www.contactcars.com/en/new-cars/rox-adamas,2026-09-23T08:37:57.698Z,200,,2,3750000,3850000,2026,False,
UNKNOWN_TO_CATALOG,ContactCars,https://www.contactcars.com/en/new-cars/smart-hashtag_1,2026-09-23T08:37:57.698Z,200,SUV,4,1490000,2140000,2025,True,
UNKNOWN_TO_CATALOG,ContactCars,https://www.contactcars.com/en/new-cars/smart-hashtag_3,2026-09-23T08:37:57.698Z,200,SUV,3,1990000,2390000,2025,True,
UNKNOWN_TO_CATALOG,ContactCars,https://www.contactcars.com/en/new-cars/smart-hashtag_5,2026-09-23T08:37:57.698Z,200,SUV,3,2099000,2649000,2026,True,
UNKNOWN_TO_CATALOG,ContactCars,https://www.contactcars.com/en/new-cars/vgv-u70_p_plus,2026-09-23T08:37:57.698Z,200,,1,1069000,1069000,2025,False,
UNKNOWN_TO_CATALOG,ContactCars,https://www.contactcars.com/en/new-cars/xpeng-g6,2026-09-23T08:37:57.698Z,200,SUV,1,2190000,2190000,2026,True,
UNKNOWN_TO_CATALOG,ContactCars,https://www.contactcars.com/en/new-cars/xpeng-g9,2026-09-23T08:37:57.698Z,200,,3,2740000,3150000,2026,False,
UNKNOWN_TO_CATALOG,ContactCars,https://www.contactcars.com/en/new-cars/xpeng-mona_mo3,2026-09-23T08:37:57.698Z,200,,2,1350000,1400000,2026,False,
UNKNOWN_TO_CATALOG,ContactCars,https://www.contactcars.com/en/new-cars/xpeng-next_p7,2026-09-23T08:37:57.698Z,200,,3,2650000,2850000,2026,False,
UNKNOWN_TO_CATALOG,ContactCars,https://www.contactcars.com/en/new-cars/zeekr-001,2026-09-23T08:37:57.698Z,200,,3,2549000,3049000,2025,False,
UNKNOWN_TO_CATALOG,ContactCars,https://www.contactcars.com/en/new-cars/zeekr-7x,2026-09-23T08:37:57.698Z,200,SUV,3,2099000,2799000,2026,True,
UNKNOWN_TO_CATALOG,ContactCars,https://www.contactcars.com/en/new-cars/zeekr-x,2026-09-23T08:37:57.698Z,200,Sedan - SUV,2,1699000,1849000,2025,True,
UNKNOWN_TO_CATALOG,ContactCars,https://www.contactcars.com/en/new-cars/arcfox-alpha_t5,2026-09-23T08:37:57.699Z,200,SUV,2,1500000,1650000,2026,True,
UNKNOWN_TO_CATALOG,ContactCars,https://www.contactcars.com/en/new-cars/hongqi-e_hs9,2026-09-23T08:37:57.699Z,200,,1,3199000,3199000,2026,False,
UNKNOWN_TO_CATALOG,ContactCars,https://www.contactcars.com/en/new-cars/hongqi-eh7,2026-09-23T08:37:57.699Z,200,SUV,1,2199000,2199000,2026,True,
UNKNOWN_TO_CATALOG,ContactCars,https://www.contactcars.com/en/new-cars/hongqi-ehs7,2026-09-23T08:37:57.699Z,200,SUV,1,2399000,2399000,2026,True,
UNKNOWN_TO_CATALOG,ContactCars,https://www.contactcars.com/en/new-cars/hongqi-h9,2026-09-23T08:37:57.699Z,200,,3,,,,False,
UNKNOWN_TO_CATALOG,ContactCars,https://www.contactcars.com/en/new-cars/hongqi-hs3,2026-09-23T08:37:57.699Z,200,SUV,1,1849000,1849000,2026,True,
UNKNOWN_TO_CATALOG,ContactCars,https://www.contactcars.com/en/new-cars/hongqi-ousado,2026-09-23T08:37:57.699Z,200,Sedan,2,1490000,1749000,2026,True,
UNKNOWN_TO_CATALOG,ContactCars,https://www.contactcars.com/en/new-cars/im_motors-im5,2026-09-23T08:37:57.699Z,200,Sedan,3,1900000,2450000,2026,True,
UNKNOWN_TO_CATALOG,ContactCars,https://www.contactcars.com/en/new-cars/im_motors-im6,2026-09-23T08:37:57.699Z,200,SUV,2,2100000,2450000,2026,True,
UNKNOWN_TO_CATALOG,ContactCars,https://www.contactcars.com/en/new-cars/im_motors-ls7,2026-09-23T08:37:57.699Z,200,,1,2800000,2925000,2026,False,
UNKNOWN_TO_CATALOG,ContactCars,https://www.contactcars.com/en/new-cars/im_motors-ls9,2026-09-23T08:37:57.699Z,200,,2,3500000,3600000,2027,False,
UNKNOWN_TO_CATALOG,ContactCars,https://www.contactcars.com/en/new-cars/li_auto-l6,2026-09-23T08:37:57.699Z,200,,1,2550000,2550000,2026,False,
UNKNOWN_TO_CATALOG,ContactCars,https://www.contactcars.com/en/new-cars/li_auto-l7,2026-09-23T08:37:57.699Z,200,,1,3600000,3600000,2026,False,
UNKNOWN_TO_CATALOG,ContactCars,https://www.contactcars.com/en/new-cars/li_auto-l9,2026-09-23T08:37:57.699Z,200,,1,4350000,4600000,2026,False,
UNKNOWN_TO_CATALOG,ContactCars,https://www.contactcars.com/en/new-cars/rehigh-rh8,2026-09-23T08:37:57.699Z,200,,2,2450000,2750000,2026,False,
UNKNOWN_TO_CATALOG,ContactCars,https://www.contactcars.com/en/new-cars/riddara-rd6,2026-09-23T08:37:57.699Z,200,Pickup,2,1990000,2350000,2027,True,
UNKNOWN_TO_CATALOG,Hatla2ee,https://eg.hatla2ee.com/en/new-car/bmw/BMW-I4,2025-11-25T21:33:43Z,200,,1,4950000,4950000,2025,False,
UNKNOWN_TO_CATALOG,Hatla2ee,https://eg.hatla2ee.com/en/new-car/toyota/land-cruiser,2025-11-25T21:33:52Z,200,,2,9000000,10700000,2025,False,
UNKNOWN_TO_CATALOG,Hatla2ee,https://eg.hatla2ee.com/en/new-car/bmw/I5,2025-11-25T21:33:58Z,200,,3,6200000,6200000,2025,False,
UNKNOWN_TO_CATALOG,Hatla2ee,https://eg.hatla2ee.com/en/new-car/land-rover/defender,2025-11-25T21:34:24Z,200,,0,,,,False,
UNKNOWN_TO_CATALOG,Hatla2ee,https://eg.hatla2ee.com/en/new-car/land-rover/sport,2025-11-25T21:34:24Z,200,,0,,,,False,
UNKNOWN_TO_CATALOG,Hatla2ee,https://eg.hatla2ee.com/en/new-car/land-rover/vogue,2025-11-25T21:34:24Z,200,,0,,,,False,
UNKNOWN_TO_CATALOG,Hatla2ee,https://eg.hatla2ee.com/en/new-car/land-rover/Velar,2025-11-25T21:34:25Z,200,,0,,,,False,
UNKNOWN_TO_CATALOG,Hatla2ee,https://eg.hatla2ee.com/en/new-car/land-rover/discovery,2025-11-25T21:34:25Z,200,,0,,,,False,
UNKNOWN_TO_CATALOG,Hatla2ee,https://eg.hatla2ee.com/en/new-car/land-rover/discovery-sport,2025-11-25T21:34:25Z,200,,0,,,,False,
UNKNOWN_TO_CATALOG,Hatla2ee,https://eg.hatla2ee.com/en/new-car/land-rover/range-rover,2025-11-25T21:34:26Z,200,,0,,,,False,
UNKNOWN_TO_CATALOG,Hatla2ee,https://eg.hatla2ee.com/en/new-car/mercedes/GLC-200-AMG-Imported,2025-11-25T21:34:26Z,200,,0,,,,False,
UNKNOWN_TO_CATALOG,Hatla2ee,https://eg.hatla2ee.com/en/new-car/toyota/camry,2025-11-25T21:34:27Z,200,,1,7400000,7400000,2024,False,
UNKNOWN_TO_CATALOG,Hatla2ee,https://eg.hatla2ee.com/en/new-car/toyota/rav4,2025-11-25T21:34:28Z,200,,1,6550000,6550000,2024,False,
UNKNOWN_TO_CATALOG,Hatla2ee,https://eg.hatla2ee.com/en/new-car/lotus/Eletre,2025-11-25T21:34:29Z,200,,0,,,,False,
UNKNOWN_TO_CATALOG,Hatla2ee,https://eg.hatla2ee.com/en/new-car/lotus/Emeya,2025-11-25T21:34:29Z,200,,0,,,,False,
UNKNOWN_TO_CATALOG,Hatla2ee,https://eg.hatla2ee.com/en/new-car/mercedes/EQE,2025-11-25T21:34:29Z,200,,2,4500000,5400000,2024,False,
UNKNOWN_TO_CATALOG,Hatla2ee,https://eg.hatla2ee.com/en/new-car/bmw/IX,2025-11-25T21:34:35Z,200,,1,7550000,7550000,2025,False,
UNKNOWN_TO_CATALOG,Hatla2ee,https://eg.hatla2ee.com/en/new-car/bmw/IX1,2025-11-25T21:34:35Z,200,,1,3650000,3650000,2025,False,
UNKNOWN_TO_CATALOG,Hatla2ee,https://eg.hatla2ee.com/en/new-car/bmw/x4,2025-11-25T21:34:39Z,200,,1,5100000,5100000,2025,False,
UNKNOWN_TO_CATALOG,Hatla2ee,https://eg.hatla2ee.com/en/new-car/toyota/prado,2025-11-25T21:34:39Z,200,,1,8580000,8580000,2024,False,
UNKNOWN_TO_CATALOG,Hatla2ee,https://eg.hatla2ee.com/en/new-car/volks-wagen/golf,2025-11-25T21:39:40Z,200,,0,,,,False,
UNKNOWN_TO_CATALOG,Hatla2ee,https://eg.hatla2ee.com/en/new-car/chery/EQ7,2025-11-25T21:39:45Z,200,,1,1599000,1599000,2026,False,
UNKNOWN_TO_CATALOG,Hatla2ee,https://eg.hatla2ee.com/en/new-car/nissan/patrol,2025-11-25T21:39:47Z,200,,8,8990000,14000000,2025,False,
UNKNOWN_TO_CATALOG,Hatla2ee,https://eg.hatla2ee.com/en/new-car/mercedes/AMG-GT,2025-11-25T21:40:08Z,200,,1,17200000,17200000,2026,False,
UNKNOWN_TO_CATALOG,Hatla2ee,https://eg.hatla2ee.com/en/new-car/mercedes/EQS+680,2025-11-25T21:40:08Z,200,,2,11800000,13200000,2026,False,
UNKNOWN_TO_CATALOG,Hatla2ee,https://eg.hatla2ee.com/en/new-car/mercedes/b-200,2025-11-25T21:40:08Z,200,,1,2350000,2350000,2026,True,
UNKNOWN_TO_CATALOG,Hatla2ee,https://eg.hatla2ee.com/en/new-car/mercedes/mercedes-benz-g63,2025-11-25T21:40:08Z,200,,4,10130000,18650000,2026,False,
UNKNOWN_TO_CATALOG,Hatla2ee,https://eg.hatla2ee.com/en/new-car/mercedes/EQS,2025-11-25T21:40:09Z,200,,3,6300000,8850000,2024 2026,False,
UNKNOWN_TO_CATALOG,Hatla2ee,https://eg.hatla2ee.com/en/new-car/mercedes/mercedes-benz-eqe-350,2025-11-25T21:40:09Z,200,,1,5500000,5500000,2026,False,
UNKNOWN_TO_CATALOG,Hatla2ee,https://eg.hatla2ee.com/en/new-car/mercedes/GLC-200,2025-11-25T21:40:11Z,200,,2,4930000,5250000,2026,False,
UNKNOWN_TO_CATALOG,Hatla2ee,https://eg.hatla2ee.com/en/new-car/mercedes/a-200,2025-11-25T21:40:11Z,200,,1,2390000,2390000,2026,True,
UNKNOWN_TO_CATALOG,Hatla2ee,https://eg.hatla2ee.com/en/new-car/mercedes/mercedes-benz-gla-200,2025-11-25T21:40:11Z,200,,1,2990000,2990000,2026,False,
UNKNOWN_TO_CATALOG,Hatla2ee,https://eg.hatla2ee.com/en/new-car/mercedes/mercedes-benz-glc-43,2025-11-25T21:40:11Z,200,,1,6600000,6600000,2026,False,
UNKNOWN_TO_CATALOG,Hatla2ee,https://eg.hatla2ee.com/en/new-car/mercedes/GLS,2025-11-25T21:40:12Z,200,,1,9930000,9930000,2026,False,
UNKNOWN_TO_CATALOG,Hatla2ee,https://eg.hatla2ee.com/en/new-car/mercedes/gle,2025-11-25T21:40:12Z,200,,2,7090000,8100000,2026,False,
UNKNOWN_TO_CATALOG,Hatla2ee,https://eg.hatla2ee.com/en/new-car/mercedes/Maybach,2025-11-25T21:40:13Z,200,,1,22800000,22800000,2026,False,
UNKNOWN_TO_CATALOG,Hatla2ee,https://eg.hatla2ee.com/en/new-car/mercedes/mercedes-benz-c43,2025-11-25T21:40:13Z,200,,1,5800000,5800000,2026,False,
UNKNOWN_TO_CATALOG,Hatla2ee,https://eg.hatla2ee.com/en/new-car/mercedes/s-500,2025-11-25T21:40:13Z,200,,1,12300000,12300000,2026,False,
UNKNOWN_TO_CATALOG,Hatla2ee,https://eg.hatla2ee.com/en/new-car/mercedes/sl-class,2025-11-25T21:40:13Z,200,,1,14330000,14330000,2025,False,
UNKNOWN_TO_CATALOG,Hatla2ee,https://eg.hatla2ee.com/en/new-car/byd/Song-Plus,2025-11-25T21:40:15Z,200,,0,,,,False,
UNKNOWN_TO_CATALOG,Hatla2ee,https://eg.hatla2ee.com/en/new-car/byd/byd-song-l,2025-11-25T21:40:17Z,200,,0,,,,False,
UNKNOWN_TO_CATALOG,Hatla2ee,https://eg.hatla2ee.com/en/new-car/mercedes/e-200,2025-11-25T21:40:19Z,200,,3,4920000,5600000,2026,False,
UNKNOWN_TO_CATALOG,Hatla2ee,https://eg.hatla2ee.com/en/new-car/land-rover/evoque,2025-11-25T21:40:21Z,200,,0,,,,False,
UNKNOWN_TO_CATALOG,Hatla2ee,https://eg.hatla2ee.com/en/new-car/mercedes/GLC300_+AMG,2025-11-25T21:40:21Z,200,,0,,,,False,
UNKNOWN_TO_CATALOG,Hatla2ee,https://eg.hatla2ee.com/en/new-car/chery/Arrizo-8,2025-12-01T10:18:23Z,200,,2,1300000,1380000,2026,False,
UNKNOWN_TO_CATALOG,Hatla2ee,https://eg.hatla2ee.com/en/new-car/changan/UNI-V,2025-12-01T15:45:21Z,200,,1,1325000,1325000,2026,False,
UNKNOWN_TO_CATALOG,Hatla2ee,https://eg.hatla2ee.com/en/new-car/changan/eado-plus,2025-12-01T15:47:25Z,200,,3,1049000,1200000,2026,False,
UNKNOWN_TO_CATALOG,Hatla2ee,https://eg.hatla2ee.com/en/new-car/mercedes/cla-200,2025-12-16T13:03:33Z,200,,1,2930000,2930000,2026,False,
UNKNOWN_TO_CATALOG,Hatla2ee,https://eg.hatla2ee.com/en/new-car/moris-garage/MG-4,2025-12-22T11:34:36Z,200,,2,1200000,1400000,2026,False,
UNKNOWN_TO_CATALOG,Hatla2ee,https://eg.hatla2ee.com/en/new-car/mercedes/c-200,2026-01-20T09:11:40Z,200,,1,4100000,4100000,2026,False,
UNKNOWN_TO_CATALOG,Hatla2ee,https://eg.hatla2ee.com/en/new-car/mercedes/mercedes-benz-cle-200,2026-01-20T09:15:44Z,200,,2,4350000,4950000,2026,False,
UNKNOWN_TO_CATALOG,Hatla2ee,https://eg.hatla2ee.com/en/new-car/mercedes/EQA,2026-01-20T10:28:49Z,200,,1,3300000,3300000,2026,False,
UNKNOWN_TO_CATALOG,Hatla2ee,https://eg.hatla2ee.com/en/new-car/mercedes/EQB,2026-01-20T10:59:11Z,200,,1,3420000,3420000,2026,False,
UNKNOWN_TO_CATALOG,Hatla2ee,https://eg.hatla2ee.com/en/new-car/chery/Tiggo-8-Pro,2026-01-28T14:06:47Z,200,,2,1375000,1475000,2026,False,
UNKNOWN_TO_CATALOG,Hatla2ee,https://eg.hatla2ee.com/en/new-car/baic/Baic-X3,2026-02-05T11:41:31Z,200,,1,899900,899900,2026,False,
UNKNOWN_TO_CATALOG,Hatla2ee,https://eg.hatla2ee.com/en/new-car/baic/BJ30,2026-02-24T08:06:25Z,200,,3,1574900,1774900,2026,True,
UNKNOWN_TO_CATALOG,Hatla2ee,https://eg.hatla2ee.com/en/new-car/baic/BEIJING-X7,2026-02-24T08:13:20Z,200,,3,1429900,1579900,2026,False,
UNKNOWN_TO_CATALOG,Hatla2ee,https://eg.hatla2ee.com/en/new-car/baic/X55,2026-02-24T10:32:53Z,200,,3,1199900,1414900,2026,False,
UNKNOWN_TO_CATALOG,Hatla2ee,https://eg.hatla2ee.com/en/new-car/mercedes/gla,2026-03-03T08:54:56Z,200,,0,,,,False,
UNKNOWN_TO_CATALOG,Hatla2ee,https://eg.hatla2ee.com/en/new-car/nissan/sentra,2026-03-24T15:48:29Z,200,,1,1020000,1020000,2026,False,
UNKNOWN_TO_CATALOG,Hatla2ee,https://eg.hatla2ee.com/en/new-car/nissan/x-Trail,2026-03-24T16:05:47Z,200,,3,2199990,2499990,2026,True,
UNKNOWN_TO_CATALOG,Hatla2ee,https://eg.hatla2ee.com/en/new-car/kia/Seltos,2026-03-31T10:32:50Z,200,,3,1349900,1624900,2025,True,
UNKNOWN_TO_CATALOG,Hatla2ee,https://eg.hatla2ee.com/en/new-car/kia/carnival,2026-03-31T10:39:52Z,200,,1,3849900,3849900,2026,False,
UNKNOWN_TO_CATALOG,Hatla2ee,https://eg.hatla2ee.com/en/new-car/kia/sorento,2026-03-31T10:41:18Z,200,,1,3549900,3549900,2025,False,
UNKNOWN_TO_CATALOG,Hatla2ee,https://eg.hatla2ee.com/en/new-car/kia/EV5,2026-03-31T10:48:02Z,200,,3,2050000,2550000,2026,True,
UNKNOWN_TO_CATALOG,Hatla2ee,https://eg.hatla2ee.com/en/new-car/kia/EV6,2026-03-31T10:49:55Z,200,,2,2300000,2550000,2026,True,
UNKNOWN_TO_CATALOG,Hatla2ee,https://eg.hatla2ee.com/en/new-car/kia/EV9,2026-03-31T10:53:48Z,200,,3,3700000,3800000,2026,False,
UNKNOWN_TO_CATALOG,Hatla2ee,https://eg.hatla2ee.com/en/new-car/changan/eado,2026-04-06T08:14:51Z,200,,2,875000,925000,2026,False,
UNKNOWN_TO_CATALOG,Hatla2ee,https://eg.hatla2ee.com/en/new-car/changan/CS-35-Plus,2026-04-06T08:22:10Z,200,,6,1000000,1249000,2025 2026,False,
UNKNOWN_TO_CATALOG,Hatla2ee,https://eg.hatla2ee.com/en/new-car/changan/uni-t,2026-04-06T08:36:29Z,200,,4,1325000,1499000,2025 2026,False,
UNKNOWN_TO_CATALOG,Hatla2ee,https://eg.hatla2ee.com/en/new-car/changan/CS75-Plus,2026-04-06T08:44:15Z,200,,2,1480000,1630000,2026,True,
UNKNOWN_TO_CATALOG,Hatla2ee,https://eg.hatla2ee.com/en/new-car/chery/Tiggo-9,2026-04-06T10:07:20Z,200,,1,2100000,2100000,2026,True,
UNKNOWN_TO_CATALOG,Hatla2ee,https://eg.hatla2ee.com/en/new-car/changan/CS55-Plus,2026-06-04T07:43:30Z,200,,3,1130000,1375000,2026 2027,False,
UNKNOWN_TO_CATALOG,Hatla2ee,https://eg.hatla2ee.com/en/new-car/mini/country-man,2026-06-04T12:55:42Z,200,,0,,,,False,
UNKNOWN_TO_CATALOG,Hatla2ee,https://eg.hatla2ee.com/en/new-car/bmw/118,2026-06-08T10:11:56Z,200,,1,2550000,2550000,2027,False,
UNKNOWN_TO_CATALOG,Hatla2ee,https://eg.hatla2ee.com/en/new-car/bmw/218-i,2026-06-08T10:32:52Z,200,,1,2750000,2750000,2027,False,
UNKNOWN_TO_CATALOG,Hatla2ee,https://eg.hatla2ee.com/en/new-car/bmw/320,2026-06-08T11:03:24Z,200,,3,3500000,6750000,2027,False,
UNKNOWN_TO_CATALOG,Hatla2ee,https://eg.hatla2ee.com/en/new-car/bmw/420,2026-06-08T11:14:34Z,200,,2,4950000,5200000,2027,False,
UNKNOWN_TO_CATALOG,Hatla2ee,https://eg.hatla2ee.com/en/new-car/bmw/520,2026-06-08T11:28:32Z,200,,4,4500000,6200000,2027,False,
UNKNOWN_TO_CATALOG,Hatla2ee,https://eg.hatla2ee.com/en/new-car/bmw/7-series,2026-06-08T11:38:48Z,200,,2,11000000,11200000,2027,False,
UNKNOWN_TO_CATALOG,Hatla2ee,https://eg.hatla2ee.com/en/new-car/bmw/x1,2026-06-08T11:45:35Z,200,,2,3200000,3500000,2027,False,
UNKNOWN_TO_CATALOG,Hatla2ee,https://eg.hatla2ee.com/en/new-car/bmw/X2,2026-06-08T11:49:53Z,200,,1,3600000,3600000,2027,False,
UNKNOWN_TO_CATALOG,Hatla2ee,https://eg.hatla2ee.com/en/new-car/bmw/x3,2026-06-08T11:57:49Z,200,,2,4350000,5300000,2026 2027,False,
UNKNOWN_TO_CATALOG,Hatla2ee,https://eg.hatla2ee.com/en/new-car/bmw/IX2,2026-06-08T12:01:05Z,200,,1,3900000,3900000,2027,False,
UNKNOWN_TO_CATALOG,Hatla2ee,https://eg.hatla2ee.com/en/new-car/bmw/x5,2026-06-08T12:15:22Z,200,,2,7300000,8750000,2027,False,
UNKNOWN_TO_CATALOG,Hatla2ee,https://eg.hatla2ee.com/en/new-car/bmw/x6,2026-06-08T12:21:03Z,200,,2,7950000,9250000,2027,False,
UNKNOWN_TO_CATALOG,Hatla2ee,https://eg.hatla2ee.com/en/new-car/bmw/BMW-X7,2026-06-09T08:29:18Z,200,,1,10200000,10200000,2027,False,
UNKNOWN_TO_CATALOG,Hatla2ee,https://eg.hatla2ee.com/en/new-car/chery/arrizo-6-gt,2026-06-15T13:01:40Z,200,,2,899000,999000,2027,False,
UNKNOWN_TO_CATALOG,Hatla2ee,https://eg.hatla2ee.com/en/new-car/chery/Tiggo-4-Pro,2026-06-15T13:15:40Z,200,,3,899000,999000,2027,False,
UNKNOWN_TO_CATALOG,Hatla2ee,https://eg.hatla2ee.com/en/new-car/chery/Tiggo-7,2026-06-15T13:19:11Z,200,,2,1010000,1080000,2027,False,
UNKNOWN_TO_CATALOG,Hatla2ee,https://eg.hatla2ee.com/en/new-car/chery/Tiggo-8,2026-06-15T13:38:01Z,200,,3,1170000,1270000,2027,False,
UNKNOWN_TO_CATALOG,Hatla2ee,https://eg.hatla2ee.com/en/new-car/chery/Tiggo-7-pro-max,2026-06-15T13:40:32Z,200,,2,1320000,1420000,2027,False,
UNKNOWN_TO_CATALOG,Hatla2ee,https://eg.hatla2ee.com/en/new-car/jetour/X70,2026-06-23T07:18:11Z,200,,2,1095000,1240000,2027,False,
UNKNOWN_TO_CATALOG,Hatla2ee,https://eg.hatla2ee.com/en/new-car/jetour/X70-Plus,2026-06-23T07:20:27Z,200,,1,1275000,1275000,2027,False,
UNKNOWN_TO_CATALOG,Hatla2ee,https://eg.hatla2ee.com/en/new-car/jetour/X90-Plus,2026-06-23T07:24:56Z,200,,1,1560000,1560000,2027,False,
UNKNOWN_TO_CATALOG,Hatla2ee,https://eg.hatla2ee.com/en/new-car/jetour/T1,2026-06-23T07:30:40Z,200,,2,1730000,1760000,2027,True,
UNKNOWN_TO_CATALOG,Hatla2ee,https://eg.hatla2ee.com/en/new-car/jetour/T2,2026-06-23T07:38:31Z,200,,3,1900000,2150000,2027,True,
UNKNOWN_TO_CATALOG,Hatla2ee,https://eg.hatla2ee.com/en/new-car/bmw/IX3,2026-06-30T08:16:40Z,200,,1,4900000,4900000,2027,False,
UNKNOWN_TO_CATALOG,Hatla2ee,https://eg.hatla2ee.com/en/new-car/mercedes/c-180,2026-07-05T11:38:28Z,200,,2,3100000,3650000,2026,False,
UNKNOWN_TO_CATALOG,Hatla2ee,https://eg.hatla2ee.com/en/new-car/nissan/Magnite,2026-07-26T09:00:07Z,200,,4,788000,888000,2027,False,
UNKNOWN_TO_CATALOG,Hatla2ee,https://eg.hatla2ee.com/en/new-car/nissan/qashqai,2026-07-27T08:03:23Z,200,,0,,,,False,
UNKNOWN_TO_CATALOG,Hatla2ee,https://eg.hatla2ee.com/en/new-car/nissan/juke,2026-07-27T08:12:31Z,200,,4,1035000,1225000,2025,False,
UNKNOWN_TO_CATALOG,Hatla2ee,https://eg.hatla2ee.com/en/new-car/moris-garage/RX9,2026-08-04T09:19:20Z,200,,1,1900000,1900000,2027,True,
UNKNOWN_TO_CATALOG,Hatla2ee,https://eg.hatla2ee.com/en/new-car/chery/Tiggo-7-pro,2026-08-25T14:58:36Z,200,,4,1080000,1230000,2026 2027,False,
UNKNOWN_TO_CATALOG,Hatla2ee,https://eg.hatla2ee.com/en/new-car/baic/U5-plus,2026-08-31T13:10:58Z,200,,3,695000,974900,2026,False,
UNKNOWN_TO_CATALOG,Hatla2ee,https://eg.hatla2ee.com/en/new-car/moris-garage/mg-5,2026-09-09T10:33:33Z,200,,2,874990,974990,2027,False,
UNKNOWN_TO_CATALOG,Hatla2ee,https://eg.hatla2ee.com/en/new-car/moris-garage/MG-GT,2026-09-09T10:35:12Z,200,,2,1110000,1160000,2027,False,
UNKNOWN_TO_CATALOG,Hatla2ee,https://eg.hatla2ee.com/en/new-car/moris-garage/zs,2026-09-09T10:37:39Z,200,,1,1075000,1075000,2026,False,
UNKNOWN_TO_CATALOG,Hatla2ee,https://eg.hatla2ee.com/en/new-car/moris-garage/MG+One,2026-09-09T10:38:51Z,200,,1,1400000,1400000,2027,False,
UNKNOWN_TO_CATALOG,Hatla2ee,https://eg.hatla2ee.com/en/new-car/moris-garage/g-50-plus,2026-09-09T10:39:51Z,200,,1,1300000,1300000,2027,False,
UNKNOWN_TO_CATALOG,Hatla2ee,https://eg.hatla2ee.com/en/new-car/moris-garage/RX5-Plus,2026-09-09T10:41:07Z,200,,1,1450000,1450000,2027,False,
UNKNOWN_TO_CATALOG,Hatla2ee,https://eg.hatla2ee.com/en/new-car/moris-garage/MG-HS,2026-09-09T10:42:16Z,200,,1,1600000,1600000,2026,True,
UNKNOWN_TO_CATALOG,Hatla2ee,https://eg.hatla2ee.com/en/new-car/moris-garage/mg-7,2026-09-09T10:43:21Z,200,,2,1625000,1725000,2027,True,
UNKNOWN_TO_CATALOG,Hatla2ee,https://eg.hatla2ee.com/en/new-car/moris-garage/mg-cyberster,2026-09-09T10:45:28Z,200,,1,2850000,2850000,2027,False,
UNKNOWN_TO_CATALOG,Hatla2ee,https://eg.hatla2ee.com/en/new-car/xpeng/g7,2026-09-16T11:09:49Z,200,,1,2249900,2249900,2027,True,
UNKNOWN_TO_CATALOG,Hatla2ee,https://eg.hatla2ee.com/en/new-car/hyundai/Venue,2026-09-17T06:57:47Z,200,,2,850000,920000,2027,False,
UNKNOWN_TO_CATALOG,Hatla2ee,https://eg.hatla2ee.com/en/new-car/byd/atto-2,2026-09-20T13:37:59Z,200,,1,1349900,1349900,2027,False,
