source,source_url,fetched_at,page_sha256,model_year,title_prefix,trim_raw,engine_cc,official_price,market_price,effective_date,page_updated_label,row_type
Hatla2ee,https://eg.hatla2ee.com/en/new-car/byd/sealion-6,"Fri, 25 Sep 2026 12:27:35 GMT",64e0323a1eb6d10da31844e524d50234df36dc16524def645d538ae9b845f381,2026,Byd Sealion 6, A/T / EV,,"1,749,900",,,,
Hatla2ee,https://eg.hatla2ee.com/en/new-car/byd/sealion-6,"Fri, 25 Sep 2026 12:27:35 GMT",64e0323a1eb6d10da31844e524d50234df36dc16524def645d538ae9b845f381,2027,Byd Sealion 6,A/T / EV Luxury,,"1,799,000",,,,
Hatla2ee,https://eg.hatla2ee.com/en/new-car/byd/sealion-6,"Fri, 25 Sep 2026 12:27:35 GMT",64e0323a1eb6d10da31844e524d50234df36dc16524def645d538ae9b845f381,2027,Byd Sealion 6, A/T / DM-i Ultra,1500 CC,"1,949,900",,,,
Hatla2ee,https://eg.hatla2ee.com/en/new-car/byd/sealion-6,"Fri, 25 Sep 2026 12:27:35 GMT",64e0323a1eb6d10da31844e524d50234df36dc16524def645d538ae9b845f381,2027,Byd Sealion 6, A/T / DM-i Luxury,1500 CC,"2,149,900",,,,
Hatla2ee,https://eg.hatla2ee.com/en/new-car/chery/Tiggo-8-Pro-Max,"Fri, 25 Sep 2026 12:27:37 GMT",ed81a30ecf65fb30ffedbfd9ab06a877f410528f1a87b60f8d9b7537b6b3f64f,2027,Chery Tiggo 8 Pro Max,A/T / Luxury,1600 CC,"1,620,000",,,,
Hatla2ee,https://eg.hatla2ee.com/en/new-car/chery/Tiggo-8-Pro-Max,"Fri, 25 Sep 2026 12:27:37 GMT",ed81a30ecf65fb30ffedbfd9ab06a877f410528f1a87b60f8d9b7537b6b3f64f,2027,Chery Tiggo 8 Pro Max,A/T / Flagship,1600 CC,"1,720,000",,,,
Hatla2ee,https://eg.hatla2ee.com/en/new-car/citroen/C5-Aircross,"Fri, 25 Sep 2026 12:27:39 GMT",5e4c6f47f33aa398df919aeb8370f88a3096bbf67effae92fef29f472c88164e,2027,Citroën C5 Aircross, A/T / Advanced,1600 CC,"1,695,000",,,,
Hatla2ee,https://eg.hatla2ee.com/en/new-car/citroen/C5-Aircross,"Fri, 25 Sep 2026 12:27:39 GMT",5e4c6f47f33aa398df919aeb8370f88a3096bbf67effae92fef29f472c88164e,2027,Citroën C5 Aircross, A/T / Ultimate,1600 CC,"1,935,000",,,,
Hatla2ee,https://eg.hatla2ee.com/en/new-car/citroen/C5-Aircross,"Fri, 25 Sep 2026 12:27:39 GMT",5e4c6f47f33aa398df919aeb8370f88a3096bbf67effae92fef29f472c88164e,2026,Citroën C5 Aircross,A/T / Shine Entry,1600 CC,"1,710,000",,,,
Hatla2ee,https://eg.hatla2ee.com/en/new-car/citroen/C5-Aircross,"Fri, 25 Sep 2026 12:27:39 GMT",5e4c6f47f33aa398df919aeb8370f88a3096bbf67effae92fef29f472c88164e,2026,Citroën C5 Aircross,A/T / Shine,1600 CC,"1,850,000",,,,
Hatla2ee,https://eg.hatla2ee.com/en/new-car/deepal/Deepal_S05,"Fri, 25 Sep 2026 12:27:42 GMT",a34c0e199a08ed3172839d2f7017576ed22fe3ba9d91fb21ca9088c276c22a00,2026,Deepal S 05,A/T / REEV,1500 CC,"1,599,000",,,,
Hatla2ee,https://eg.hatla2ee.com/en/new-car/deepal/Deepal_S05,"Fri, 25 Sep 2026 12:27:42 GMT",a34c0e199a08ed3172839d2f7017576ed22fe3ba9d91fb21ca9088c276c22a00,2026,Deepal S 05,A/T / BEV,,"1,750,000",,,,
Hatla2ee,https://eg.hatla2ee.com/en/new-car/haval/haval-H7,"Fri, 25 Sep 2026 12:27:44 GMT",c254cb19980bc991ad04ec95bebcbe362fb1d53ea2042bc049dcddfb39c6302d,2027,Haval H7,A/T / Ultra Black,1500 CC,"1,725,000",,,,
Hatla2ee,https://eg.hatla2ee.com/en/new-car/hyundai/tucson,"Fri, 25 Sep 2026 12:27:46 GMT",d39da7bbb103520d741d3830688f870c4ac31b3d44bda494819aa2fbe3482c3d,2027,Hyundai Tucson,A/T / SHADOW,1600 CC,"1,775,000",,,,
Hatla2ee,https://eg.hatla2ee.com/en/new-car/hyundai/tucson,"Fri, 25 Sep 2026 12:27:46 GMT",d39da7bbb103520d741d3830688f870c4ac31b3d44bda494819aa2fbe3482c3d,2027,Hyundai Tucson,A/T / Blaze,1600 CC,"1,925,000",,,,
Hatla2ee,https://eg.hatla2ee.com/en/new-car/hyundai/tucson,"Fri, 25 Sep 2026 12:27:46 GMT",d39da7bbb103520d741d3830688f870c4ac31b3d44bda494819aa2fbe3482c3d,2027,Hyundai Tucson,A/T / Redine,1600 CC,"2,025,000",,,,
Hatla2ee,https://eg.hatla2ee.com/en/new-car/hyundai/tucson,"Fri, 25 Sep 2026 12:27:46 GMT",d39da7bbb103520d741d3830688f870c4ac31b3d44bda494819aa2fbe3482c3d,2027,Hyundai Tucson,A/T / Redine (N Pack),1600 CC,"2,100,000",,,,
Hatla2ee,https://eg.hatla2ee.com/en/new-car/hyundai/tucson,"Fri, 25 Sep 2026 12:27:46 GMT",d39da7bbb103520d741d3830688f870c4ac31b3d44bda494819aa2fbe3482c3d,2027,Hyundai Tucson,A/T / NIGHT,1600 CC,"2,175,000",,,,
Hatla2ee,https://eg.hatla2ee.com/en/new-car/hyundai/tucson,"Fri, 25 Sep 2026 12:27:46 GMT",d39da7bbb103520d741d3830688f870c4ac31b3d44bda494819aa2fbe3482c3d,2027,Hyundai Tucson,A/T / BLACK DIAMOND,1600 CC,"2,275,000",,,,
Hatla2ee,https://eg.hatla2ee.com/en/new-car/hyundai/tucson,"Fri, 25 Sep 2026 12:27:46 GMT",d39da7bbb103520d741d3830688f870c4ac31b3d44bda494819aa2fbe3482c3d,2027,Hyundai Tucson,A/T / N-Line,1600 CC,"2,375,000",,,,
Hatla2ee,https://eg.hatla2ee.com/en/new-car/hyundai/tucson,"Fri, 25 Sep 2026 12:27:46 GMT",d39da7bbb103520d741d3830688f870c4ac31b3d44bda494819aa2fbe3482c3d,2025,Hyundai Tucson,A/T / SHADOW,1600 CC,"1,499,000","1,499,000",,,
Hatla2ee,https://eg.hatla2ee.com/en/new-car/hyundai/tucson,"Fri, 25 Sep 2026 12:27:46 GMT",d39da7bbb103520d741d3830688f870c4ac31b3d44bda494819aa2fbe3482c3d,2025,Hyundai Tucson,A/T / Blaze,1600 CC,"1,649,000","1,649,000",,,
Hatla2ee,https://eg.hatla2ee.com/en/new-car/hyundai/tucson,"Fri, 25 Sep 2026 12:27:46 GMT",d39da7bbb103520d741d3830688f870c4ac31b3d44bda494819aa2fbe3482c3d,2025,Hyundai Tucson,A/T / Redine,1600 CC,"1,749,000","1,749,000",,,
Hatla2ee,https://eg.hatla2ee.com/en/new-car/hyundai/tucson,"Fri, 25 Sep 2026 12:27:46 GMT",d39da7bbb103520d741d3830688f870c4ac31b3d44bda494819aa2fbe3482c3d,2025,Hyundai Tucson,A/T / NIGHT,1600 CC,"1,899,000","1,899,000",,,
Hatla2ee,https://eg.hatla2ee.com/en/new-car/hyundai/tucson,"Fri, 25 Sep 2026 12:27:46 GMT",d39da7bbb103520d741d3830688f870c4ac31b3d44bda494819aa2fbe3482c3d,2025,Hyundai Tucson,A/T / BLACK DIAMOND,1600 CC,"1,999,000","1,999,000",,,
Hatla2ee,https://eg.hatla2ee.com/en/new-car/hyundai/tucson,"Fri, 25 Sep 2026 12:27:46 GMT",d39da7bbb103520d741d3830688f870c4ac31b3d44bda494819aa2fbe3482c3d,2025,Hyundai Tucson,A/T / N-Line,1600 CC,"2,099,000","2,099,000",,,
Hatla2ee,https://eg.hatla2ee.com/en/new-car/kgm/KGM-Torres,"Fri, 25 Sep 2026 12:27:48 GMT",e95c70f77fa1a85aecee280c4ddc3725f4efe6f4a88aa8b7790cab6f75fec9b5,2026,KGM Torres,Automtic /comfort,1500 CC,"1,585,000",,,,
Hatla2ee,https://eg.hatla2ee.com/en/new-car/kgm/KGM-Torres,"Fri, 25 Sep 2026 12:27:48 GMT",e95c70f77fa1a85aecee280c4ddc3725f4efe6f4a88aa8b7790cab6f75fec9b5,2026,KGM Torres,Automtic /advanced,1500 CC,"1,720,002",,,,
Hatla2ee,https://eg.hatla2ee.com/en/new-car/kgm/KGM-Torres,"Fri, 25 Sep 2026 12:27:48 GMT",e95c70f77fa1a85aecee280c4ddc3725f4efe6f4a88aa8b7790cab6f75fec9b5,2026,KGM Torres,A/T / Premium,1500 CC,"1,850,001",,,,
Hatla2ee,https://eg.hatla2ee.com/en/new-car/kgm/KGM-Torres,"Fri, 25 Sep 2026 12:27:48 GMT",e95c70f77fa1a85aecee280c4ddc3725f4efe6f4a88aa8b7790cab6f75fec9b5,2026,KGM Torres,A/T / Luxury,1500 CC,"1,980,000",,,,
Hatla2ee,https://eg.hatla2ee.com/en/new-car/kgm/KGM-Torres,"Fri, 25 Sep 2026 12:27:48 GMT",e95c70f77fa1a85aecee280c4ddc3725f4efe6f4a88aa8b7790cab6f75fec9b5,2026,KGM Torres,Automtic /adventure plus 4*4,1500 CC,"1,999,000",,,,
Hatla2ee,https://eg.hatla2ee.com/en/new-car/kia/sportage,"Fri, 25 Sep 2026 12:27:51 GMT",9517deeb36af879a7e9c0d6b628838dfb88f7109fc26cc027698179bd9093cec,2027,Kia Sportage,A/T / LX,1600 CC,"1,825,000",,,,
Hatla2ee,https://eg.hatla2ee.com/en/new-car/kia/sportage,"Fri, 25 Sep 2026 12:27:51 GMT",9517deeb36af879a7e9c0d6b628838dfb88f7109fc26cc027698179bd9093cec,2027,Kia Sportage,A/T / EX,1600 CC,"1,925,000",,,,
Hatla2ee,https://eg.hatla2ee.com/en/new-car/kia/sportage,"Fri, 25 Sep 2026 12:27:51 GMT",9517deeb36af879a7e9c0d6b628838dfb88f7109fc26cc027698179bd9093cec,2027,Kia Sportage,A/T / Highline,1600 CC,"2,075,000",,,,
Hatla2ee,https://eg.hatla2ee.com/en/new-car/kia/sportage,"Fri, 25 Sep 2026 12:27:51 GMT",9517deeb36af879a7e9c0d6b628838dfb88f7109fc26cc027698179bd9093cec,2027,Kia Sportage,A/T / Premium,1600 CC,"2,300,000",,,,
Hatla2ee,https://eg.hatla2ee.com/en/new-car/kia/sportage,"Fri, 25 Sep 2026 12:27:51 GMT",9517deeb36af879a7e9c0d6b628838dfb88f7109fc26cc027698179bd9093cec,2027,Kia Sportage,A/T / GT-line,1600 CC,"2,400,000",,,,
Hatla2ee,https://eg.hatla2ee.com/en/new-car/kia/sportage,"Fri, 25 Sep 2026 12:27:51 GMT",9517deeb36af879a7e9c0d6b628838dfb88f7109fc26cc027698179bd9093cec,2025,Kia Sportage,A/T / LX,1600 CC,"1,799,900","1,799,900",,,
Hatla2ee,https://eg.hatla2ee.com/en/new-car/kia/sportage,"Fri, 25 Sep 2026 12:27:51 GMT",9517deeb36af879a7e9c0d6b628838dfb88f7109fc26cc027698179bd9093cec,2025,Kia Sportage,A/T / EX,1600 CC,"1,919,900","1,919,900",,,
Hatla2ee,https://eg.hatla2ee.com/en/new-car/kia/sportage,"Fri, 25 Sep 2026 12:27:51 GMT",9517deeb36af879a7e9c0d6b628838dfb88f7109fc26cc027698179bd9093cec,2025,Kia Sportage,A/T / Highline,1600 CC,"2,024,900","2,024,900",,,
Hatla2ee,https://eg.hatla2ee.com/en/new-car/kia/sportage,"Fri, 25 Sep 2026 12:27:51 GMT",9517deeb36af879a7e9c0d6b628838dfb88f7109fc26cc027698179bd9093cec,2025,Kia Sportage,A/T / Top Line,1600 CC,"2,149,900","2,149,900",,,
Hatla2ee,https://eg.hatla2ee.com/en/new-car/kia/sportage,"Fri, 25 Sep 2026 12:27:51 GMT",9517deeb36af879a7e9c0d6b628838dfb88f7109fc26cc027698179bd9093cec,2025,Kia Sportage,A/T /  GT-Line,1600 CC,"2,274,900","2,274,900",,,
Hatla2ee,https://eg.hatla2ee.com/en/new-car/mitsubishi/Eclipse-Cross,"Fri, 25 Sep 2026 12:27:53 GMT",169e67502a8bafa89091938d618f34eef0e06d112c37080b3df1457ed1864a52,2026,Mitsubishi Eclipse Cross,A/T / Insport BL,1500 CC,"1,400,000",,,,
Hatla2ee,https://eg.hatla2ee.com/en/new-car/mitsubishi/Eclipse-Cross,"Fri, 25 Sep 2026 12:27:53 GMT",169e67502a8bafa89091938d618f34eef0e06d112c37080b3df1457ed1864a52,2026,Mitsubishi Eclipse Cross,A/T / Insport PLUS - ML PLUS,1500 CC,"1,500,000",,,,
Hatla2ee,https://eg.hatla2ee.com/en/new-car/mitsubishi/Eclipse-Cross,"Fri, 25 Sep 2026 12:27:53 GMT",169e67502a8bafa89091938d618f34eef0e06d112c37080b3df1457ed1864a52,2026,Mitsubishi Eclipse Cross,A/T / Inspire - HL,1500 CC,"1,550,000",,,,
Hatla2ee,https://eg.hatla2ee.com/en/new-car/mitsubishi/Eclipse-Cross,"Fri, 25 Sep 2026 12:27:53 GMT",169e67502a8bafa89091938d618f34eef0e06d112c37080b3df1457ed1864a52,2026,Mitsubishi Eclipse Cross,A/T / Instyle TL,1500 CC,"1,610,000",,,,
Hatla2ee,https://eg.hatla2ee.com/en/new-car/mitsubishi/Eclipse-Cross,"Fri, 25 Sep 2026 12:27:53 GMT",169e67502a8bafa89091938d618f34eef0e06d112c37080b3df1457ed1864a52,2026,Mitsubishi Eclipse Cross,A/T / INFINITY - PL AWD,1500 CC,"1,690,000",,,,
Hatla2ee,https://eg.hatla2ee.com/en/new-car/opel/Grandland,"Fri, 25 Sep 2026 12:27:55 GMT",0ad329edada029737e9f87771d24c265b5aea4fa64f9b82a40b3879c9f40e3c8,2026,Opel Grandland,A/T / Highline+,1600 CC,"1,849,990","1,849,990",,,
Hatla2ee,https://eg.hatla2ee.com/en/new-car/opel/Grandland,"Fri, 25 Sep 2026 12:27:55 GMT",0ad329edada029737e9f87771d24c265b5aea4fa64f9b82a40b3879c9f40e3c8,2026,Opel Grandland,A/T / Top Line,1600 CC,"1,949,990","1,949,990",,,
Hatla2ee,https://eg.hatla2ee.com/en/new-car/opel/Grandland,"Fri, 25 Sep 2026 12:27:55 GMT",0ad329edada029737e9f87771d24c265b5aea4fa64f9b82a40b3879c9f40e3c8,2026,Opel Grandland,A/T / Top Line+,1600 CC,"2,099,990","2,099,990",,,
Hatla2ee,https://eg.hatla2ee.com/en/new-car/peugeot/3008,"Fri, 25 Sep 2026 12:27:58 GMT",55c61ead6f937b02212c559b2f2449f077fb2dc9b723ea7abcbcb84517da8a2a,2027,Peugeot 3008,A/T / Allure,1600 CC,"2,099,990",,,,
Hatla2ee,https://eg.hatla2ee.com/en/new-car/peugeot/3008,"Fri, 25 Sep 2026 12:27:58 GMT",55c61ead6f937b02212c559b2f2449f077fb2dc9b723ea7abcbcb84517da8a2a,2027,Peugeot 3008,A/T / GT,1600 CC,"2,399,990",,,,
Hatla2ee,https://eg.hatla2ee.com/en/new-car/peugeot/5008,"Fri, 25 Sep 2026 12:28:00 GMT",60f26adacda17267e270025f13a48087bdc2a0684d51d39b5f0061964fd2caf2,2027,Peugeot 5008,A/T / Allure,1600 CC,"2,274,990",,,,
Hatla2ee,https://eg.hatla2ee.com/en/new-car/peugeot/5008,"Fri, 25 Sep 2026 12:28:00 GMT",60f26adacda17267e270025f13a48087bdc2a0684d51d39b5f0061964fd2caf2,2027,Peugeot 5008,A/T / GT,1600 CC,"2,574,990",,,,
Hatla2ee,https://eg.hatla2ee.com/en/new-car/renault/Austral,"Fri, 25 Sep 2026 12:28:02 GMT",505e88bd41243c32c0d21c0db7b73df7d34665c64c355c575b5c5e0f520e3170,2026,Renault Austral,A/T / Evolution,1300 CC,"1,400,000","1,400,000",,,
Hatla2ee,https://eg.hatla2ee.com/en/new-car/renault/Austral,"Fri, 25 Sep 2026 12:28:02 GMT",505e88bd41243c32c0d21c0db7b73df7d34665c64c355c575b5c5e0f520e3170,2026,Renault Austral,A/T / Techno,1300 CC,"1,570,000","1,570,000",,,
Hatla2ee,https://eg.hatla2ee.com/en/new-car/renault/Austral,"Fri, 25 Sep 2026 12:28:02 GMT",505e88bd41243c32c0d21c0db7b73df7d34665c64c355c575b5c5e0f520e3170,2026,Renault Austral,A/T / Iconic,1300 CC,"1,630,000","1,630,000",,,
Hatla2ee,https://eg.hatla2ee.com/en/new-car/renault/Austral,"Fri, 25 Sep 2026 12:28:02 GMT",505e88bd41243c32c0d21c0db7b73df7d34665c64c355c575b5c5e0f520e3170,2026,Renault Austral,A/T /  Esprit Alpine,1300 CC,"1,740,000","1,740,000",,,
Hatla2ee,https://eg.hatla2ee.com/en/new-car/renault/Austral,"Fri, 25 Sep 2026 12:28:02 GMT",505e88bd41243c32c0d21c0db7b73df7d34665c64c355c575b5c5e0f520e3170,2026,Renault Austral,A/T / Esprit Alpine / B/E,1300 CC,"1,770,000","1,770,000",,,
Hatla2ee,https://eg.hatla2ee.com/en/new-car/soueast/S+06,"Fri, 25 Sep 2026 12:28:04 GMT",68e4602938197c037c2f6f086d5e13eca12d4b93af2975d0ad3e5937a2920e87,2027,Soueast S 06,A/T / Highline,1500 CC,"1,350,000",,,,
Hatla2ee,https://eg.hatla2ee.com/en/new-car/soueast/S+06,"Fri, 25 Sep 2026 12:28:04 GMT",68e4602938197c037c2f6f086d5e13eca12d4b93af2975d0ad3e5937a2920e87,2027,Soueast S 06,A/T / Premium,1600 CC,"1,485,000",,,,
Hatla2ee,https://eg.hatla2ee.com/en/new-car/soueast/S+06,"Fri, 25 Sep 2026 12:28:04 GMT",68e4602938197c037c2f6f086d5e13eca12d4b93af2975d0ad3e5937a2920e87,2027,Soueast S 06,A/T / Intellingent (DM-i ),1500 CC,"1,649,000",,,,
Hatla2ee,https://eg.hatla2ee.com/en/new-car/soueast/S+09,"Fri, 25 Sep 2026 12:28:07 GMT",677277087662ab9789369d86040a557c2e023a0f956801d0b752cfbbd5217ab4,2027,Soueast S 09,A/T / Premium,1600 CC,"1,600,000",,,,
Hatla2ee,https://eg.hatla2ee.com/en/new-car/volks-wagen/tiguan,"Fri, 25 Sep 2026 12:28:09 GMT",5827e2fd95c20133702f5d66c3efc5beb8b4732d5944d00f7f1519796aa38683,2026,Volkswagen Tiguan,A/T / R-Line,1400 CC,"2,590,000",,,,
Hatla2ee,https://eg.hatla2ee.com/en/new-car/volks-wagen/tiguan,"Fri, 25 Sep 2026 12:28:09 GMT",5827e2fd95c20133702f5d66c3efc5beb8b4732d5944d00f7f1519796aa38683,2025,Volkswagen Tiguan,A/T / R-Line,1400 CC,"2,350,000","2,350,000",,,
ContactCars,https://www.contactcars.com/en/new-cars/baic-bj30/year-2026,"Fri, 25 Sep 2026 12:28:11 GMT",2a9f22275960e5e4c1773c567cd753029e4b1823bcdf21e8348c02d92feb7445,2026,,Pro,,"1,575,000","1,800,000",,,
ContactCars,https://www.contactcars.com/en/new-cars/baic-bj30/year-2026,"Fri, 25 Sep 2026 12:28:11 GMT",2a9f22275960e5e4c1773c567cd753029e4b1823bcdf21e8348c02d92feb7445,2026,,Ultra - Hybrid,,"1,675,000","1,675,000",,,
ContactCars,https://www.contactcars.com/en/new-cars/baic-bj30/year-2026,"Fri, 25 Sep 2026 12:28:11 GMT",2a9f22275960e5e4c1773c567cd753029e4b1823bcdf21e8348c02d92feb7445,2026,,Off road - Hybrid,,"1,775,000","1,775,000",,,
ContactCars,https://www.contactcars.com/en/new-cars/chery-tiggo_8_pro_max/year-2027,"Fri, 25 Sep 2026 12:28:15 GMT",238c494cc9f94e22db2a0f408cec9d9f8b6aee16dc984c12387a21c78aa106c1,2027,,1.6T 6DCT Luxury,,"1,620,000","1,620,000",,,
ContactCars,https://www.contactcars.com/en/new-cars/chery-tiggo_8_pro_max/year-2027,"Fri, 25 Sep 2026 12:28:15 GMT",238c494cc9f94e22db2a0f408cec9d9f8b6aee16dc984c12387a21c78aa106c1,2027,,1.6T 6DCT Flagship,,"1,720,000","1,720,000",,,
ContactCars,https://www.contactcars.com/en/new-cars/hyundai-tucson/year-2026,"Fri, 25 Sep 2026 12:28:17 GMT",b4e4174cd65b6824f001206d7f6d93576d303c244a4acacc569315c18ff71a2d,2026,,SHADOW,,"1,700,000","1,780,000",,,
ContactCars,https://www.contactcars.com/en/new-cars/hyundai-tucson/year-2026,"Fri, 25 Sep 2026 12:28:17 GMT",b4e4174cd65b6824f001206d7f6d93576d303c244a4acacc569315c18ff71a2d,2026,,BLAZE,,"1,850,000","2,060,000",,,
ContactCars,https://www.contactcars.com/en/new-cars/hyundai-tucson/year-2026,"Fri, 25 Sep 2026 12:28:17 GMT",b4e4174cd65b6824f001206d7f6d93576d303c244a4acacc569315c18ff71a2d,2026,,REDLINE,,"1,950,000","1,950,000",,,
ContactCars,https://www.contactcars.com/en/new-cars/hyundai-tucson/year-2026,"Fri, 25 Sep 2026 12:28:17 GMT",b4e4174cd65b6824f001206d7f6d93576d303c244a4acacc569315c18ff71a2d,2026,,REDLINE - N PACK,,"2,025,000","2,025,000",,,
ContactCars,https://www.contactcars.com/en/new-cars/hyundai-tucson/year-2026,"Fri, 25 Sep 2026 12:28:17 GMT",b4e4174cd65b6824f001206d7f6d93576d303c244a4acacc569315c18ff71a2d,2026,,NIGHT,,"2,100,000",Unavailable,,,
ContactCars,https://www.contactcars.com/en/new-cars/hyundai-tucson/year-2026,"Fri, 25 Sep 2026 12:28:17 GMT",b4e4174cd65b6824f001206d7f6d93576d303c244a4acacc569315c18ff71a2d,2026,,BLACK DIAMOND,,"2,200,000",Unavailable,,,
ContactCars,https://www.contactcars.com/en/new-cars/hyundai-tucson/year-2026,"Fri, 25 Sep 2026 12:28:17 GMT",b4e4174cd65b6824f001206d7f6d93576d303c244a4acacc569315c18ff71a2d,2026,,NLINE (AWD),,"2,300,000","2,600,000",,,
ContactCars,https://www.contactcars.com/en/new-cars/hyundai-tucson/year-2027,"Fri, 25 Sep 2026 12:28:19 GMT",570843c9a5de5780d7d6b657b7a0f4f9dda26969457034db2c20cf70303317bf,2027,,SHADOW,,"1,800,000","1,840,000",,,
ContactCars,https://www.contactcars.com/en/new-cars/hyundai-tucson/year-2027,"Fri, 25 Sep 2026 12:28:19 GMT",570843c9a5de5780d7d6b657b7a0f4f9dda26969457034db2c20cf70303317bf,2027,,BLAZE,,"1,950,000","1,980,000",,,
ContactCars,https://www.contactcars.com/en/new-cars/hyundai-tucson/year-2027,"Fri, 25 Sep 2026 12:28:19 GMT",570843c9a5de5780d7d6b657b7a0f4f9dda26969457034db2c20cf70303317bf,2027,,REDLINE,,"2,050,000","2,160,000",,,
ContactCars,https://www.contactcars.com/en/new-cars/hyundai-tucson/year-2027,"Fri, 25 Sep 2026 12:28:19 GMT",570843c9a5de5780d7d6b657b7a0f4f9dda26969457034db2c20cf70303317bf,2027,,REDLINE (N Pack),,"2,125,000","2,160,000",,,
ContactCars,https://www.contactcars.com/en/new-cars/hyundai-tucson/year-2027,"Fri, 25 Sep 2026 12:28:19 GMT",570843c9a5de5780d7d6b657b7a0f4f9dda26969457034db2c20cf70303317bf,2027,,NIGHT,,"2,200,000","2,760,000",,,
ContactCars,https://www.contactcars.com/en/new-cars/hyundai-tucson/year-2027,"Fri, 25 Sep 2026 12:28:19 GMT",570843c9a5de5780d7d6b657b7a0f4f9dda26969457034db2c20cf70303317bf,2027,,BLACK DIAMOND,,"2,300,000","2,360,000",,,
ContactCars,https://www.contactcars.com/en/new-cars/hyundai-tucson/year-2027,"Fri, 25 Sep 2026 12:28:19 GMT",570843c9a5de5780d7d6b657b7a0f4f9dda26969457034db2c20cf70303317bf,2027,,NLINE (AWD),,"2,400,000","2,400,000",,,
ContactCars,https://www.contactcars.com/en/new-cars/jetour-t1/year-2027,"Fri, 25 Sep 2026 12:28:21 GMT",c5c9a9fd69dd543b8bbfa731fc3f6f4ccd6a7957ef757be73c9c9ec7add9db68,2027,,Luxury,,"1,730,000","1,760,000",,,
ContactCars,https://www.contactcars.com/en/new-cars/jetour-t1/year-2027,"Fri, 25 Sep 2026 12:28:21 GMT",c5c9a9fd69dd543b8bbfa731fc3f6f4ccd6a7957ef757be73c9c9ec7add9db68,2027,,Matt Colour,,"1,760,000","1,760,000",,,
ContactCars,https://www.contactcars.com/en/new-cars/jetour-t2/year-2027,"Fri, 25 Sep 2026 12:28:22 GMT",d6001587697890d288076fb98934e46daa5d46503100acbd6c3733f0aeeb43cf,2027,,Luxury 1.5 L,,"1,900,000","1,960,000",,,
ContactCars,https://www.contactcars.com/en/new-cars/jetour-t2/year-2027,"Fri, 25 Sep 2026 12:28:22 GMT",d6001587697890d288076fb98934e46daa5d46503100acbd6c3733f0aeeb43cf,2027,,Matt Colour,,"1,930,000","1,960,000",,,
ContactCars,https://www.contactcars.com/en/new-cars/jetour-t2/year-2027,"Fri, 25 Sep 2026 12:28:22 GMT",d6001587697890d288076fb98934e46daa5d46503100acbd6c3733f0aeeb43cf,2027,,i-DM,,"2,150,000","2,320,000",,,
ContactCars,https://www.contactcars.com/en/new-cars/kia-seltos/year-2026,"Fri, 25 Sep 2026 12:28:24 GMT",8e648239aa0855956e6f6df2e635bcaee56499cbcf567d11abe207c35d1998f1,2026,,EX,,"1,350,000","1,360,000",,,
ContactCars,https://www.contactcars.com/en/new-cars/kia-seltos/year-2026,"Fri, 25 Sep 2026 12:28:24 GMT",8e648239aa0855956e6f6df2e635bcaee56499cbcf567d11abe207c35d1998f1,2026,,Highline Turbo,,"1,500,000",Unavailable,,,
ContactCars,https://www.contactcars.com/en/new-cars/kia-seltos/year-2026,"Fri, 25 Sep 2026 12:28:24 GMT",8e648239aa0855956e6f6df2e635bcaee56499cbcf567d11abe207c35d1998f1,2026,,Topline Turbo,,"1,625,000","1,625,000",,,
ContactCars,https://www.contactcars.com/en/new-cars/kia-sportage/year-2026,"Fri, 25 Sep 2026 12:28:25 GMT",56c46c8dc880035f3d0ffa28971cb562a386a146e786b503295f15cf788b9af6,2026,,LX,,"1,800,000","1,820,000",,,
ContactCars,https://www.contactcars.com/en/new-cars/kia-sportage/year-2026,"Fri, 25 Sep 2026 12:28:25 GMT",56c46c8dc880035f3d0ffa28971cb562a386a146e786b503295f15cf788b9af6,2026,,EX,,"1,900,000","1,900,000",,,
ContactCars,https://www.contactcars.com/en/new-cars/kia-sportage/year-2026,"Fri, 25 Sep 2026 12:28:25 GMT",56c46c8dc880035f3d0ffa28971cb562a386a146e786b503295f15cf788b9af6,2026,,Highline,,"2,050,000","2,360,000",,,
ContactCars,https://www.contactcars.com/en/new-cars/kia-sportage/year-2026,"Fri, 25 Sep 2026 12:28:25 GMT",56c46c8dc880035f3d0ffa28971cb562a386a146e786b503295f15cf788b9af6,2026,,Premium,,"2,275,000","2,275,000",,,
ContactCars,https://www.contactcars.com/en/new-cars/kia-sportage/year-2026,"Fri, 25 Sep 2026 12:28:25 GMT",56c46c8dc880035f3d0ffa28971cb562a386a146e786b503295f15cf788b9af6,2026,,GT Line,,"2,375,000","2,375,000",,,
ContactCars,https://www.contactcars.com/en/new-cars/kia-sportage/year-2027,"Fri, 25 Sep 2026 12:28:26 GMT",329e9763299667726f9cc0a7e7bf091efbccbf2c2741fda2336191d99331260c,2027,,LX,,"1,824,900","1,880,000",,,
ContactCars,https://www.contactcars.com/en/new-cars/kia-sportage/year-2027,"Fri, 25 Sep 2026 12:28:26 GMT",329e9763299667726f9cc0a7e7bf091efbccbf2c2741fda2336191d99331260c,2027,,EX,,"1,924,900","1,960,000",,,
ContactCars,https://www.contactcars.com/en/new-cars/kia-sportage/year-2027,"Fri, 25 Sep 2026 12:28:26 GMT",329e9763299667726f9cc0a7e7bf091efbccbf2c2741fda2336191d99331260c,2027,,Highline,,"2,074,900","2,100,000",,,
ContactCars,https://www.contactcars.com/en/new-cars/kia-sportage/year-2027,"Fri, 25 Sep 2026 12:28:26 GMT",329e9763299667726f9cc0a7e7bf091efbccbf2c2741fda2336191d99331260c,2027,,Premium,,"2,299,900","2,300,000",,,
ContactCars,https://www.contactcars.com/en/new-cars/kia-sportage/year-2027,"Fri, 25 Sep 2026 12:28:26 GMT",329e9763299667726f9cc0a7e7bf091efbccbf2c2741fda2336191d99331260c,2027,,GT-line:,,"2,399,900","2,460,000",,,
ContactCars,https://www.contactcars.com/en/new-cars/mg-hs/year-2026,"Fri, 25 Sep 2026 12:28:28 GMT",b11dc97a890ec5101ad74602650ecb29bd398cd6bca0456817575bb6edaa2d42,2026,,+ Luxury,,"1,525,000","1,640,000",,,
ContactCars,https://www.contactcars.com/en/new-cars/mg-hs/year-2026,"Fri, 25 Sep 2026 12:28:28 GMT",b11dc97a890ec5101ad74602650ecb29bd398cd6bca0456817575bb6edaa2d42,2026,,HEV,,"1,625,000","1,640,000",,,
ContactCars,https://www.contactcars.com/en/new-cars/nissan-qashqai/year-2027,"Fri, 25 Sep 2026 12:28:29 GMT",ec548cf5aee17eb6c70470f85bf09af29e80920d7dc0536b78be640e59294d9c,2027,,N-connecta,,"1,555,000","1,580,000",,,
ContactCars,https://www.contactcars.com/en/new-cars/nissan-qashqai/year-2027,"Fri, 25 Sep 2026 12:28:29 GMT",ec548cf5aee17eb6c70470f85bf09af29e80920d7dc0536b78be640e59294d9c,2027,,N-connecta Plus,,"1,757,000","1,760,000",,,
ContactCars,https://www.contactcars.com/en/new-cars/nissan-qashqai/year-2027,"Fri, 25 Sep 2026 12:28:29 GMT",ec548cf5aee17eb6c70470f85bf09af29e80920d7dc0536b78be640e59294d9c,2027,,N-connecta+ 2T,,"1,777,000","1,800,000",,,
ContactCars,https://www.contactcars.com/en/new-cars/nissan-qashqai/year-2027,"Fri, 25 Sep 2026 12:28:29 GMT",ec548cf5aee17eb6c70470f85bf09af29e80920d7dc0536b78be640e59294d9c,2027,,Tekna 2T,,"1,888,000","1,888,000",,,
ContactCars,https://www.contactcars.com/en/new-cars/nissan-qashqai/year-2027,"Fri, 25 Sep 2026 12:28:29 GMT",ec548cf5aee17eb6c70470f85bf09af29e80920d7dc0536b78be640e59294d9c,2027,,N-Design e-PWR,,"1,999,000",Unavailable,,,
ContactCars,https://www.contactcars.com/en/new-cars/nissan-qashqai/year-2027,"Fri, 25 Sep 2026 12:28:29 GMT",ec548cf5aee17eb6c70470f85bf09af29e80920d7dc0536b78be640e59294d9c,2027,,Tekna Plus 4WD,,"2,068,000",Unavailable,,,
ContactCars,https://www.contactcars.com/en/new-cars/opel-grand_land/year-2026,"Fri, 25 Sep 2026 12:28:32 GMT",48334daa60209e8e6e61b716ed737055ef9bf8c35305669dab63e880872ee828,2026,,Highline Plus,,"1,850,000","1,860,000",,,
ContactCars,https://www.contactcars.com/en/new-cars/opel-grand_land/year-2026,"Fri, 25 Sep 2026 12:28:32 GMT",48334daa60209e8e6e61b716ed737055ef9bf8c35305669dab63e880872ee828,2026,,Topline,,"1,950,000","2,100,000",,,
ContactCars,https://www.contactcars.com/en/new-cars/opel-grand_land/year-2026,"Fri, 25 Sep 2026 12:28:32 GMT",48334daa60209e8e6e61b716ed737055ef9bf8c35305669dab63e880872ee828,2026,,Topline Plus,,"2,100,000","2,100,000",,,
ContactCars,https://www.contactcars.com/en/new-cars/renault-austral/year-2026,"Fri, 25 Sep 2026 12:28:33 GMT",662a0d5e48ab7296ac418212179fd5f1b17bf5bf7140f077a5bde2e12c9b19e5,2026,,Evolution Facelift,,"1,550,000","1,550,000",,,
ContactCars,https://www.contactcars.com/en/new-cars/renault-austral/year-2026,"Fri, 25 Sep 2026 12:28:33 GMT",662a0d5e48ab7296ac418212179fd5f1b17bf5bf7140f077a5bde2e12c9b19e5,2026,,Techno Facelift,,"1,690,000","1,690,000",,,
ContactCars,https://www.contactcars.com/en/new-cars/renault-austral/year-2026,"Fri, 25 Sep 2026 12:28:33 GMT",662a0d5e48ab7296ac418212179fd5f1b17bf5bf7140f077a5bde2e12c9b19e5,2026,,Iconic Facelift,,"1,790,000","1,900,000",,,
ContactCars,https://www.contactcars.com/en/new-cars/renault-austral/year-2026,"Fri, 25 Sep 2026 12:28:33 GMT",662a0d5e48ab7296ac418212179fd5f1b17bf5bf7140f077a5bde2e12c9b19e5,2026,,Espirit Alpine,,"1,890,000","1,890,000",,,
ContactCars,https://www.contactcars.com/en/new-cars/soueast-s_06/year-2027,"Fri, 25 Sep 2026 12:28:35 GMT",3e23b3c23ee3d61ce6e8ee79636c59a79e8eec8dc0835abbfe4cf21eebed5627,2027,,Highline,,"1,350,000","1,380,000",,,
ContactCars,https://www.contactcars.com/en/new-cars/soueast-s_06/year-2027,"Fri, 25 Sep 2026 12:28:35 GMT",3e23b3c23ee3d61ce6e8ee79636c59a79e8eec8dc0835abbfe4cf21eebed5627,2027,,Premium,,"1,485,000","1,540,000",,,
ContactCars,https://www.contactcars.com/en/new-cars/soueast-s_06/year-2027,"Fri, 25 Sep 2026 12:28:35 GMT",3e23b3c23ee3d61ce6e8ee79636c59a79e8eec8dc0835abbfe4cf21eebed5627,2027,,DM,,"1,650,000","1,700,000",,,
ContactCars,https://www.contactcars.com/en/new-cars/soueast-s_09/year-2027,"Fri, 25 Sep 2026 12:28:36 GMT",ccfa7c8cc74e7d85469ae0ed40e460400bab21de138e5ef82a5663c4663a7a62,2027,,Premium,,"1,600,000","1,680,000",,,
ContactCars,https://www.contactcars.com/en/new-cars/volkswagen-tiguan/year-2026,"Fri, 25 Sep 2026 12:28:37 GMT",7b770955cdf27280df6e3d266d24bc74472d4fdbebaee03fe63b18c65551bee4,2026,,R-Line,,"2,590,000","2,620,000",,,
EgyCar,https://www.egy-car.com/hyundai-tucson,"Fri, 25 Sep 2026 12:28:39 GMT",5b6b27ff593e5fab586cc346c42ff9efff9e6d75dc0bf70425a8a16f55a451f7,,,Shadow,,"1,800,000",,2026-05-06,,
EgyCar,https://www.egy-car.com/hyundai-tucson,"Fri, 25 Sep 2026 12:28:39 GMT",5b6b27ff593e5fab586cc346c42ff9efff9e6d75dc0bf70425a8a16f55a451f7,,,Blaze,,"1,950,000",,2026-05-06,,
EgyCar,https://www.egy-car.com/hyundai-tucson,"Fri, 25 Sep 2026 12:28:39 GMT",5b6b27ff593e5fab586cc346c42ff9efff9e6d75dc0bf70425a8a16f55a451f7,,,RedLine,,"2,050,000",,2026-05-06,,
EgyCar,https://www.egy-car.com/hyundai-tucson,"Fri, 25 Sep 2026 12:28:39 GMT",5b6b27ff593e5fab586cc346c42ff9efff9e6d75dc0bf70425a8a16f55a451f7,,,RedLine N-Line,,"2,125,000",,2026-05-06,,
EgyCar,https://www.egy-car.com/hyundai-tucson,"Fri, 25 Sep 2026 12:28:39 GMT",5b6b27ff593e5fab586cc346c42ff9efff9e6d75dc0bf70425a8a16f55a451f7,,,Night,,"2,200,000",,2026-05-06,,
EgyCar,https://www.egy-car.com/hyundai-tucson,"Fri, 25 Sep 2026 12:28:39 GMT",5b6b27ff593e5fab586cc346c42ff9efff9e6d75dc0bf70425a8a16f55a451f7,,,Black Diamond,,"2,300,000",,2026-05-06,,
EgyCar,https://www.egy-car.com/hyundai-tucson,"Fri, 25 Sep 2026 12:28:39 GMT",5b6b27ff593e5fab586cc346c42ff9efff9e6d75dc0bf70425a8a16f55a451f7,,,N-Line,,"2,400,000",,2026-05-06,,
EgyCar,https://www.egy-car.com/kia-seltos,"Fri, 25 Sep 2026 12:28:41 GMT",10b83d1e1cda18a2a94ea07e07a867729af4d17c3fbe7ae6cdbf921ec042b7af,,,EX,,"1,350,000",,2026-03-31,,
EgyCar,https://www.egy-car.com/kia-seltos,"Fri, 25 Sep 2026 12:28:41 GMT",10b83d1e1cda18a2a94ea07e07a867729af4d17c3fbe7ae6cdbf921ec042b7af,,,Highline Turbo,,"1,500,000",,2026-03-31,,
EgyCar,https://www.egy-car.com/kia-seltos,"Fri, 25 Sep 2026 12:28:41 GMT",10b83d1e1cda18a2a94ea07e07a867729af4d17c3fbe7ae6cdbf921ec042b7af,,,Topline Turbo,,"1,625,000",,2026-03-31,,
EgyCar,https://www.egy-car.com/kia-sportage,"Fri, 25 Sep 2026 12:28:43 GMT",d2a9fc3c0a7077c476177e7bbe7d413d24597df141c9b9f9903700a518232441,,,LX,,"1,825,000",,2026-06-22,,
EgyCar,https://www.egy-car.com/kia-sportage,"Fri, 25 Sep 2026 12:28:43 GMT",d2a9fc3c0a7077c476177e7bbe7d413d24597df141c9b9f9903700a518232441,,,EX,,"1,925,000",,2026-06-22,,
EgyCar,https://www.egy-car.com/kia-sportage,"Fri, 25 Sep 2026 12:28:43 GMT",d2a9fc3c0a7077c476177e7bbe7d413d24597df141c9b9f9903700a518232441,,,Highline,,"2,075,000",,2026-06-22,,
EgyCar,https://www.egy-car.com/kia-sportage,"Fri, 25 Sep 2026 12:28:43 GMT",d2a9fc3c0a7077c476177e7bbe7d413d24597df141c9b9f9903700a518232441,,,Premium,,"2,300,000",,2026-06-22,,
EgyCar,https://www.egy-car.com/kia-sportage,"Fri, 25 Sep 2026 12:28:43 GMT",d2a9fc3c0a7077c476177e7bbe7d413d24597df141c9b9f9903700a518232441,,,GT Line,,"2,400,000",,2026-06-22,,
EgyCar,https://www.egy-car.com/mg-hs,"Fri, 25 Sep 2026 12:28:44 GMT",717405bd2067ed010ac17ed5a401f64d746c83373a570d4ee7a7d69ab3acd842,,,Plus Luxury,,"1,525,000",,2026-08-05,,
EgyCar,https://www.egy-car.com/mg-hs,"Fri, 25 Sep 2026 12:28:44 GMT",717405bd2067ed010ac17ed5a401f64d746c83373a570d4ee7a7d69ab3acd842,,,HEV,,"1,625,000",,2026-08-05,,
EgyCar,https://www.egy-car.com/nissan-qashqai,"Fri, 25 Sep 2026 12:28:46 GMT",30ef8410539a4259d312ba8fb2fba83530ba069a7af4be8bd69b6f8866d8ec0b,,,N-Connecta,,"1,555,000",,2026-07-15,,
EgyCar,https://www.egy-car.com/nissan-qashqai,"Fri, 25 Sep 2026 12:28:46 GMT",30ef8410539a4259d312ba8fb2fba83530ba069a7af4be8bd69b6f8866d8ec0b,,,N-Connecta +,,"1,757,000",,2026-07-15,,
EgyCar,https://www.egy-car.com/nissan-qashqai,"Fri, 25 Sep 2026 12:28:46 GMT",30ef8410539a4259d312ba8fb2fba83530ba069a7af4be8bd69b6f8866d8ec0b,,,TEKNA,,"1,868,000",,2026-07-15,,
EgyCar,https://www.egy-car.com/nissan-qashqai,"Fri, 25 Sep 2026 12:28:46 GMT",30ef8410539a4259d312ba8fb2fba83530ba069a7af4be8bd69b6f8866d8ec0b,,,e-Power,,"2,000,000",,2026-07-15,,
EgyCar,https://www.egy-car.com/nissan-qashqai,"Fri, 25 Sep 2026 12:28:46 GMT",30ef8410539a4259d312ba8fb2fba83530ba069a7af4be8bd69b6f8866d8ec0b,,,TEKNA+ 4WD,,"2,048,000",,2026-07-15,,
ContactCars(pricetable),https://www.contactcars.com/en/new-cars/byd-song_l_dm_i,"Fri, 25 Sep 2026 12:28:12 GMT",7f94012c222239b7d8b5721e73fc123f2524c80a7c45f6934e1e1f658bfe3816,2025,BYD Song L DM-i,Other Trims,,"1,860,000",,,25-09-2026,pricetable
ContactCars(pricetable),https://www.contactcars.com/en/new-cars/byd-song_plus,"Fri, 25 Sep 2026 12:28:13 GMT",a028a3ae7dbf905d55b8af9dcb0c867ea910e3202492bedb1a481287bc7c7ed1,2024,BYD Song Plus,Other Trims,,"1,800,000",,,25-09-2026,pricetable
ContactCars(pricetable),https://www.contactcars.com/en/new-cars/citroen,"Fri, 25 Sep 2026 12:28:16 GMT",07f3346f6a22baffc02d814332a56d09f1e8f0af50c5c33733e179c9df05cf3e,2025,Citroen C3,Shine,,"1,260,000",,,25-09-2026,pricetable
ContactCars(pricetable),https://www.contactcars.com/en/new-cars/citroen,"Fri, 25 Sep 2026 12:28:16 GMT",07f3346f6a22baffc02d814332a56d09f1e8f0af50c5c33733e179c9df05cf3e,2026,Citroen C4 X,Feel,,"1,199,000",,,25-09-2026,pricetable
ContactCars(pricetable),https://www.contactcars.com/en/new-cars/citroen,"Fri, 25 Sep 2026 12:28:16 GMT",07f3346f6a22baffc02d814332a56d09f1e8f0af50c5c33733e179c9df05cf3e,2026,Citroen C4 X,Shine,,"1,349,000","1,380,000",,25-09-2026,pricetable
ContactCars(pricetable),https://www.contactcars.com/en/new-cars/citroen,"Fri, 25 Sep 2026 12:28:16 GMT",07f3346f6a22baffc02d814332a56d09f1e8f0af50c5c33733e179c9df05cf3e,2026,Citroen C4 Facelift,Shine,,"1,390,000",,,25-09-2026,pricetable
ContactCars(pricetable),https://www.contactcars.com/en/new-cars/citroen,"Fri, 25 Sep 2026 12:28:16 GMT",07f3346f6a22baffc02d814332a56d09f1e8f0af50c5c33733e179c9df05cf3e,2026,Citroen C4,Shine Two Tone,,"1,540,000",,,25-09-2026,pricetable
ContactCars(pricetable),https://www.contactcars.com/en/new-cars/citroen,"Fri, 25 Sep 2026 12:28:16 GMT",07f3346f6a22baffc02d814332a56d09f1e8f0af50c5c33733e179c9df05cf3e,2026,Citroen C5 Aircross,Shine Entry,,"1,590,000","1,620,000",,25-09-2026,pricetable
ContactCars(pricetable),https://www.contactcars.com/en/new-cars/citroen,"Fri, 25 Sep 2026 12:28:16 GMT",07f3346f6a22baffc02d814332a56d09f1e8f0af50c5c33733e179c9df05cf3e,2026,Citroen C5 Aircross,Shine,,"1,730,000","1,740,000",,25-09-2026,pricetable
ContactCars(pricetable),https://www.contactcars.com/en/new-cars/citroen,"Fri, 25 Sep 2026 12:28:16 GMT",07f3346f6a22baffc02d814332a56d09f1e8f0af50c5c33733e179c9df05cf3e,2025,Citroen C5 Aircross,Other Trims,,"1,180,000",,,25-09-2026,pricetable
ContactCars(pricetable),https://www.contactcars.com/en/new-cars/citroen,"Fri, 25 Sep 2026 12:28:16 GMT",07f3346f6a22baffc02d814332a56d09f1e8f0af50c5c33733e179c9df05cf3e,2026,Citroen C5,Other Trims,,"1,640,000",,,25-09-2026,pricetable
ContactCars(pricetable),https://www.contactcars.com/en/new-cars/citroen,"Fri, 25 Sep 2026 12:28:16 GMT",07f3346f6a22baffc02d814332a56d09f1e8f0af50c5c33733e179c9df05cf3e,2024,Citroen C4 X,Other Trims,,"1,440,000",,,25-09-2026,pricetable
ContactCars(pricetable),https://www.contactcars.com/en/new-cars/hyundai-tucson_nx4e,"Fri, 25 Sep 2026 12:28:20 GMT",abd814933bbf1aebc7c298a28f82b762a5d57038e263f25148bb289cca64cd86,2026,Hyundai Tucson NX4e,Other Trims,,"1,820,000",,,25-09-2026,pricetable
ContactCars(pricetable),https://www.contactcars.com/en/new-cars/hyundai-tucson_nx4e,"Fri, 25 Sep 2026 12:28:20 GMT",abd814933bbf1aebc7c298a28f82b762a5d57038e263f25148bb289cca64cd86,2027,Hyundai Tucson NX4e,Other Trims,,"1,960,000",,,25-09-2026,pricetable
ContactCars(pricetable),https://www.contactcars.com/en/new-cars/hyundai-tucson_nx4e,"Fri, 25 Sep 2026 12:28:20 GMT",abd814933bbf1aebc7c298a28f82b762a5d57038e263f25148bb289cca64cd86,2025,Hyundai Tucson NX4e,Other Trims,,"2,200,000",,,25-09-2026,pricetable
ContactCars(pricetable),https://www.contactcars.com/en/new-cars/opel-grand_land,"Fri, 25 Sep 2026 12:28:30 GMT",43c38dc053b4817001c4d22dd984f5ee9417d323be85630a0b2e56c21dd21714,2024,Opel Grand Land,1.6 A/T Turbo H/L,,"1,700,000",,,25-09-2026,pricetable
ContactCars(pricetable),https://www.contactcars.com/en/new-cars/opel-grand_land,"Fri, 25 Sep 2026 12:28:30 GMT",43c38dc053b4817001c4d22dd984f5ee9417d323be85630a0b2e56c21dd21714,2024,Opel Grand Land,1.6 A/T Turbo X T/L,,"1,600,000",,,25-09-2026,pricetable
ContactCars(pricetable),https://www.contactcars.com/en/new-cars/opel-grand_land,"Fri, 25 Sep 2026 12:28:30 GMT",43c38dc053b4817001c4d22dd984f5ee9417d323be85630a0b2e56c21dd21714,2024,Opel Grand Land,1.6 A/T T/L Plus,,"1,800,000",,,25-09-2026,pricetable
ContactCars(pricetable),https://www.contactcars.com/en/new-cars/opel-grand_land,"Fri, 25 Sep 2026 12:28:30 GMT",43c38dc053b4817001c4d22dd984f5ee9417d323be85630a0b2e56c21dd21714,2025,Opel Grand Land,1.6 A/T T/L Plus,,"1,860,000",,,25-09-2026,pricetable
ContactCars(pricetable),https://www.contactcars.com/en/new-cars/opel-grand_land,"Fri, 25 Sep 2026 12:28:30 GMT",43c38dc053b4817001c4d22dd984f5ee9417d323be85630a0b2e56c21dd21714,2025,Opel Grand Land,1.6 A/T Highline Plus,,"1,949,990","2,000,000",,25-09-2026,pricetable
ContactCars(pricetable),https://www.contactcars.com/en/new-cars/opel-grand_land,"Fri, 25 Sep 2026 12:28:30 GMT",43c38dc053b4817001c4d22dd984f5ee9417d323be85630a0b2e56c21dd21714,2025,Opel Grand Land,1.6 A/T Topline,,"2,049,990","2,060,000",,25-09-2026,pricetable
ContactCars(pricetable),https://www.contactcars.com/en/new-cars/opel-grand_land,"Fri, 25 Sep 2026 12:28:30 GMT",43c38dc053b4817001c4d22dd984f5ee9417d323be85630a0b2e56c21dd21714,2025,Opel Grand Land,1.6 A/T Topline Plus,,"2,199,990",,,25-09-2026,pricetable
ContactCars(pricetable),https://www.contactcars.com/en/new-cars/opel-grand_land,"Fri, 25 Sep 2026 12:28:30 GMT",43c38dc053b4817001c4d22dd984f5ee9417d323be85630a0b2e56c21dd21714,2024,Opel Grand Land,Other Trims,,"1,660,000",,,25-09-2026,pricetable
