source,source_url,fetched_at,page_sha256,title_prefix,trim_raw,model_year,old_price,new_price,stated_change,effective_date
Hatla2ee,https://eg.hatla2ee.com/en/new-car/byd/sealion-6,"Fri, 25 Sep 2026 12:27:35 GMT",64e0323a1eb6d10da31844e524d50234df36dc16524def645d538ae9b845f381,Byd Sealion 6,A/T / DM-i Ultra,2027,"1,824,900","1,949,900","125,000",2026-07-13
Hatla2ee,https://eg.hatla2ee.com/en/new-car/byd/sealion-6,"Fri, 25 Sep 2026 12:27:35 GMT",64e0323a1eb6d10da31844e524d50234df36dc16524def645d538ae9b845f381,Byd Sealion 6,A/T / DM-i Luxury,2027,"2,024,900","2,149,900","125,000",2026-07-13
Hatla2ee,https://eg.hatla2ee.com/en/new-car/byd/sealion-6,"Fri, 25 Sep 2026 12:27:35 GMT",64e0323a1eb6d10da31844e524d50234df36dc16524def645d538ae9b845f381,Byd Sealion 6,A/T / EV,2026,"1,624,900","1,749,900","125,000",2026-07-13
Hatla2ee,https://eg.hatla2ee.com/en/new-car/byd/sealion-6,"Fri, 25 Sep 2026 12:27:35 GMT",64e0323a1eb6d10da31844e524d50234df36dc16524def645d538ae9b845f381,Byd Sealion 6,A/T / DM-i Luxury,2027,"1,949,900","2,024,900","75,000",2026-04-01
Hatla2ee,https://eg.hatla2ee.com/en/new-car/byd/sealion-6,"Fri, 25 Sep 2026 12:27:35 GMT",64e0323a1eb6d10da31844e524d50234df36dc16524def645d538ae9b845f381,Byd Sealion 6,A/T / DM-i Ultra,2027,"1,749,900","1,824,900","75,000",2026-04-01
Hatla2ee,https://eg.hatla2ee.com/en/new-car/byd/sealion-6,"Fri, 25 Sep 2026 12:27:35 GMT",64e0323a1eb6d10da31844e524d50234df36dc16524def645d538ae9b845f381,Byd Sealion 6,A/T / EV,2026,"1,549,900","1,624,900","75,000",2026-04-01
Hatla2ee,https://eg.hatla2ee.com/en/new-car/chery/Tiggo-8-Pro-Max,"Fri, 25 Sep 2026 12:27:37 GMT",ed81a30ecf65fb30ffedbfd9ab06a877f410528f1a87b60f8d9b7537b6b3f64f,Chery Tiggo 8 Pro Max,A/T / Luxury,2027,"1,590,000","1,620,000","30,000",2026-06-15
Hatla2ee,https://eg.hatla2ee.com/en/new-car/chery/Tiggo-8-Pro-Max,"Fri, 25 Sep 2026 12:27:37 GMT",ed81a30ecf65fb30ffedbfd9ab06a877f410528f1a87b60f8d9b7537b6b3f64f,Chery Tiggo 8 Pro Max,A/T / Flagship,2027,"1,690,000","1,720,000","30,000",2026-06-15
Hatla2ee,https://eg.hatla2ee.com/en/new-car/chery/Tiggo-8-Pro-Max,"Fri, 25 Sep 2026 12:27:37 GMT",ed81a30ecf65fb30ffedbfd9ab06a877f410528f1a87b60f8d9b7537b6b3f64f,Chery Tiggo 8 Pro Max,A/T / Flagship,2027,"1,590,000","1,690,000","100,000",2026-04-06
Hatla2ee,https://eg.hatla2ee.com/en/new-car/chery/Tiggo-8-Pro-Max,"Fri, 25 Sep 2026 12:27:37 GMT",ed81a30ecf65fb30ffedbfd9ab06a877f410528f1a87b60f8d9b7537b6b3f64f,Chery Tiggo 8 Pro Max,A/T / Luxury,2027,"1,490,000","1,590,000","100,000",2026-04-06
Hatla2ee,https://eg.hatla2ee.com/en/new-car/chery/Tiggo-8-Pro-Max,"Fri, 25 Sep 2026 12:27:37 GMT",ed81a30ecf65fb30ffedbfd9ab06a877f410528f1a87b60f8d9b7537b6b3f64f,Chery Tiggo 8 Pro Max,A/T / Flagship,2027,"1,550,000","1,590,000","40,000",2026-03-16
Hatla2ee,https://eg.hatla2ee.com/en/new-car/chery/Tiggo-8-Pro-Max,"Fri, 25 Sep 2026 12:27:37 GMT",ed81a30ecf65fb30ffedbfd9ab06a877f410528f1a87b60f8d9b7537b6b3f64f,Chery Tiggo 8 Pro Max,A/T / Luxury,2027,"1,450,000","1,490,000","40,000",2026-03-16
Hatla2ee,https://eg.hatla2ee.com/en/new-car/chery/Tiggo-8-Pro-Max,"Fri, 25 Sep 2026 12:27:37 GMT",ed81a30ecf65fb30ffedbfd9ab06a877f410528f1a87b60f8d9b7537b6b3f64f,Chery Tiggo 8 Pro Max,A/T / Flagship,2027,"1,525,000","1,550,000","25,000",2026-03-05
Hatla2ee,https://eg.hatla2ee.com/en/new-car/chery/Tiggo-8-Pro-Max,"Fri, 25 Sep 2026 12:27:37 GMT",ed81a30ecf65fb30ffedbfd9ab06a877f410528f1a87b60f8d9b7537b6b3f64f,Chery Tiggo 8 Pro Max,A/T / Luxury,2027,"1,425,000","1,450,000","25,000",2026-03-05
Hatla2ee,https://eg.hatla2ee.com/en/new-car/citroen/C5-Aircross,"Fri, 25 Sep 2026 12:27:39 GMT",5e4c6f47f33aa398df919aeb8370f88a3096bbf67effae92fef29f472c88164e,Citroën C5 Aircross,A/T / Shine,2026,"1,730,000","1,850,000","120,000",2026-03-29
Hatla2ee,https://eg.hatla2ee.com/en/new-car/citroen/C5-Aircross,"Fri, 25 Sep 2026 12:27:39 GMT",5e4c6f47f33aa398df919aeb8370f88a3096bbf67effae92fef29f472c88164e,Citroën C5 Aircross,A/T / Shine Entry,2026,"1,590,000","1,710,000","120,000",2026-03-29
Hatla2ee,https://eg.hatla2ee.com/en/new-car/citroen/C5-Aircross,"Fri, 25 Sep 2026 12:27:39 GMT",5e4c6f47f33aa398df919aeb8370f88a3096bbf67effae92fef29f472c88164e,Citroën C5 Aircross,A/T / Shine,2026,"1,850,000","1,730,000","-120,000",2025-09-16
Hatla2ee,https://eg.hatla2ee.com/en/new-car/citroen/C5-Aircross,"Fri, 25 Sep 2026 12:27:39 GMT",5e4c6f47f33aa398df919aeb8370f88a3096bbf67effae92fef29f472c88164e,Citroën C5 Aircross,A/T / Shine Entry,2026,"1,720,000","1,590,000","-130,000",2025-09-16
Hatla2ee,https://eg.hatla2ee.com/en/new-car/deepal/Deepal_S05,"Fri, 25 Sep 2026 12:27:42 GMT",a34c0e199a08ed3172839d2f7017576ed22fe3ba9d91fb21ca9088c276c22a00,Deepal S 05,A/T / BEV,2026,"1,825,000","1,750,000","-75,000",2026-08-25
Hatla2ee,https://eg.hatla2ee.com/en/new-car/deepal/Deepal_S05,"Fri, 25 Sep 2026 12:27:42 GMT",a34c0e199a08ed3172839d2f7017576ed22fe3ba9d91fb21ca9088c276c22a00,Deepal S 05,A/T / REEV,2026,"1,675,000","1,599,000","-76,000",2026-08-25
Hatla2ee,https://eg.hatla2ee.com/en/new-car/deepal/Deepal_S05,"Fri, 25 Sep 2026 12:27:42 GMT",a34c0e199a08ed3172839d2f7017576ed22fe3ba9d91fb21ca9088c276c22a00,Deepal S 05,A/T / BEV,2026,"1,740,000","1,825,000","85,000",2026-04-08
Hatla2ee,https://eg.hatla2ee.com/en/new-car/deepal/Deepal_S05,"Fri, 25 Sep 2026 12:27:42 GMT",a34c0e199a08ed3172839d2f7017576ed22fe3ba9d91fb21ca9088c276c22a00,Deepal S 05,A/T / REEV,2026,"1,590,000","1,675,000","85,000",2026-04-08
Hatla2ee,https://eg.hatla2ee.com/en/new-car/deepal/Deepal_S05,"Fri, 25 Sep 2026 12:27:42 GMT",a34c0e199a08ed3172839d2f7017576ed22fe3ba9d91fb21ca9088c276c22a00,Deepal S 05,A/T / BEV,2026,"1,665,000","1,740,000","75,000",2026-03-24
Hatla2ee,https://eg.hatla2ee.com/en/new-car/deepal/Deepal_S05,"Fri, 25 Sep 2026 12:27:42 GMT",a34c0e199a08ed3172839d2f7017576ed22fe3ba9d91fb21ca9088c276c22a00,Deepal S 05,A/T / REEV,2026,"1,515,000","1,590,000","75,000",2026-03-24
Hatla2ee,https://eg.hatla2ee.com/en/new-car/deepal/Deepal_S05,"Fri, 25 Sep 2026 12:27:42 GMT",a34c0e199a08ed3172839d2f7017576ed22fe3ba9d91fb21ca9088c276c22a00,Deepal S 05,A/T / BEV,2026,"1,600,000","1,665,000","65,000",2026-03-04
Hatla2ee,https://eg.hatla2ee.com/en/new-car/deepal/Deepal_S05,"Fri, 25 Sep 2026 12:27:42 GMT",a34c0e199a08ed3172839d2f7017576ed22fe3ba9d91fb21ca9088c276c22a00,Deepal S 05,A/T / REEV,2026,"1,450,000","1,515,000","65,000",2026-03-04
Hatla2ee,https://eg.hatla2ee.com/en/new-car/haval/haval-H7,"Fri, 25 Sep 2026 12:27:44 GMT",c254cb19980bc991ad04ec95bebcbe362fb1d53ea2042bc049dcddfb39c6302d,Haval H7,A/T / Ultra Black,2027,"1,850,000","1,725,000","-125,000",2026-09-09
Hatla2ee,https://eg.hatla2ee.com/en/new-car/hyundai/tucson,"Fri, 25 Sep 2026 12:27:46 GMT",d39da7bbb103520d741d3830688f870c4ac31b3d44bda494819aa2fbe3482c3d,Hyundai Tucson,A/T / N-Line,2027,"2,300,000","2,375,000","75,000",2026-07-20
Hatla2ee,https://eg.hatla2ee.com/en/new-car/hyundai/tucson,"Fri, 25 Sep 2026 12:27:46 GMT",d39da7bbb103520d741d3830688f870c4ac31b3d44bda494819aa2fbe3482c3d,Hyundai Tucson,A/T / BLACK DIAMOND,2027,"2,200,000","2,275,000","75,000",2026-07-20
Hatla2ee,https://eg.hatla2ee.com/en/new-car/hyundai/tucson,"Fri, 25 Sep 2026 12:27:46 GMT",d39da7bbb103520d741d3830688f870c4ac31b3d44bda494819aa2fbe3482c3d,Hyundai Tucson,A/T / NIGHT,2027,"2,100,000","2,175,000","75,000",2026-07-20
Hatla2ee,https://eg.hatla2ee.com/en/new-car/hyundai/tucson,"Fri, 25 Sep 2026 12:27:46 GMT",d39da7bbb103520d741d3830688f870c4ac31b3d44bda494819aa2fbe3482c3d,Hyundai Tucson,A/T / Redine (N Pack),2027,"2,025,000","2,100,000","75,000",2026-07-20
Hatla2ee,https://eg.hatla2ee.com/en/new-car/hyundai/tucson,"Fri, 25 Sep 2026 12:27:46 GMT",d39da7bbb103520d741d3830688f870c4ac31b3d44bda494819aa2fbe3482c3d,Hyundai Tucson,A/T / Redine,2027,"1,950,000","2,025,000","75,000",2026-07-20
Hatla2ee,https://eg.hatla2ee.com/en/new-car/hyundai/tucson,"Fri, 25 Sep 2026 12:27:46 GMT",d39da7bbb103520d741d3830688f870c4ac31b3d44bda494819aa2fbe3482c3d,Hyundai Tucson,A/T / Blaze,2027,"1,850,000","1,925,000","75,000",2026-07-20
Hatla2ee,https://eg.hatla2ee.com/en/new-car/hyundai/tucson,"Fri, 25 Sep 2026 12:27:46 GMT",d39da7bbb103520d741d3830688f870c4ac31b3d44bda494819aa2fbe3482c3d,Hyundai Tucson,A/T / SHADOW,2027,"1,700,000","1,775,000","75,000",2026-07-20
Hatla2ee,https://eg.hatla2ee.com/en/new-car/hyundai/tucson,"Fri, 25 Sep 2026 12:27:46 GMT",d39da7bbb103520d741d3830688f870c4ac31b3d44bda494819aa2fbe3482c3d,Hyundai Tucson,A/T / N-Line,2027,"2,225,000","2,300,000","75,000",2026-05-06
Hatla2ee,https://eg.hatla2ee.com/en/new-car/hyundai/tucson,"Fri, 25 Sep 2026 12:27:46 GMT",d39da7bbb103520d741d3830688f870c4ac31b3d44bda494819aa2fbe3482c3d,Hyundai Tucson,A/T / BLACK DIAMOND,2027,"2,125,000","2,200,000","75,000",2026-05-06
Hatla2ee,https://eg.hatla2ee.com/en/new-car/hyundai/tucson,"Fri, 25 Sep 2026 12:27:46 GMT",d39da7bbb103520d741d3830688f870c4ac31b3d44bda494819aa2fbe3482c3d,Hyundai Tucson,A/T / NIGHT,2027,"2,025,000","2,100,000","75,000",2026-05-06
Hatla2ee,https://eg.hatla2ee.com/en/new-car/kgm/KGM-Torres,"Fri, 25 Sep 2026 12:27:48 GMT",e95c70f77fa1a85aecee280c4ddc3725f4efe6f4a88aa8b7790cab6f75fec9b5,KGM Torres Automtic /adventure plus,4*4,2026,"2,040,000","1,999,000","-41,000",2026-04-20
Hatla2ee,https://eg.hatla2ee.com/en/new-car/kgm/KGM-Torres,"Fri, 25 Sep 2026 12:27:48 GMT",e95c70f77fa1a85aecee280c4ddc3725f4efe6f4a88aa8b7790cab6f75fec9b5,KGM Torres,A/T / Luxury,2026,"1,840,000","1,980,000","140,000",2026-04-20
Hatla2ee,https://eg.hatla2ee.com/en/new-car/kgm/KGM-Torres,"Fri, 25 Sep 2026 12:27:48 GMT",e95c70f77fa1a85aecee280c4ddc3725f4efe6f4a88aa8b7790cab6f75fec9b5,KGM Torres,A/T / Premium,2026,"1,715,000","1,850,001","135,001",2026-04-20
Hatla2ee,https://eg.hatla2ee.com/en/new-car/kgm/KGM-Torres,"Fri, 25 Sep 2026 12:27:48 GMT",e95c70f77fa1a85aecee280c4ddc3725f4efe6f4a88aa8b7790cab6f75fec9b5,KGM Torres Automtic,/advanced,2026,"1,585,000","1,720,002","135,002",2026-04-20
Hatla2ee,https://eg.hatla2ee.com/en/new-car/kgm/KGM-Torres,"Fri, 25 Sep 2026 12:27:48 GMT",e95c70f77fa1a85aecee280c4ddc3725f4efe6f4a88aa8b7790cab6f75fec9b5,KGM Torres Automtic,/comfort,2026,"1,450,000","1,585,000","135,000",2026-04-20
Hatla2ee,https://eg.hatla2ee.com/en/new-car/kgm/KGM-Torres,"Fri, 25 Sep 2026 12:27:48 GMT",e95c70f77fa1a85aecee280c4ddc3725f4efe6f4a88aa8b7790cab6f75fec9b5,KGM Torres,A/T / Luxury,2026,"1,940,000","1,840,000","-100,000",2025-12-03
Hatla2ee,https://eg.hatla2ee.com/en/new-car/kgm/KGM-Torres,"Fri, 25 Sep 2026 12:27:48 GMT",e95c70f77fa1a85aecee280c4ddc3725f4efe6f4a88aa8b7790cab6f75fec9b5,KGM Torres,A/T / Premium,2026,"1,799,000","1,715,000","-84,000",2025-12-03
Hatla2ee,https://eg.hatla2ee.com/en/new-car/kgm/KGM-Torres,"Fri, 25 Sep 2026 12:27:48 GMT",e95c70f77fa1a85aecee280c4ddc3725f4efe6f4a88aa8b7790cab6f75fec9b5,KGM Torres Automtic,/advanced,2026,"1,650,000","1,585,000","-65,000",2025-12-03
Hatla2ee,https://eg.hatla2ee.com/en/new-car/kgm/KGM-Torres,"Fri, 25 Sep 2026 12:27:48 GMT",e95c70f77fa1a85aecee280c4ddc3725f4efe6f4a88aa8b7790cab6f75fec9b5,KGM Torres Automtic,/comfort,2026,"1,525,000","1,450,000","-75,000",2025-12-03
Hatla2ee,https://eg.hatla2ee.com/en/new-car/kgm/KGM-Torres,"Fri, 25 Sep 2026 12:27:48 GMT",e95c70f77fa1a85aecee280c4ddc3725f4efe6f4a88aa8b7790cab6f75fec9b5,KGM Torres Automtic /adventure plus,4*4,2026,"2,090,000","2,040,000","-50,000",2025-09-30
Hatla2ee,https://eg.hatla2ee.com/en/new-car/kia/sportage,"Fri, 25 Sep 2026 12:27:51 GMT",9517deeb36af879a7e9c0d6b628838dfb88f7109fc26cc027698179bd9093cec,Kia Sportage,A/T / LX,2027,"1,799,900","1,825,000","25,100",2026-06-24
Hatla2ee,https://eg.hatla2ee.com/en/new-car/kia/sportage,"Fri, 25 Sep 2026 12:27:51 GMT",9517deeb36af879a7e9c0d6b628838dfb88f7109fc26cc027698179bd9093cec,Kia Sportage,A/T / EX,2027,"1,899,900","1,925,000","25,100",2026-06-24
Hatla2ee,https://eg.hatla2ee.com/en/new-car/kia/sportage,"Fri, 25 Sep 2026 12:27:51 GMT",9517deeb36af879a7e9c0d6b628838dfb88f7109fc26cc027698179bd9093cec,Kia Sportage,A/T / Highline,2027,"2,049,900","2,075,000","25,100",2026-06-24
Hatla2ee,https://eg.hatla2ee.com/en/new-car/kia/sportage,"Fri, 25 Sep 2026 12:27:51 GMT",9517deeb36af879a7e9c0d6b628838dfb88f7109fc26cc027698179bd9093cec,Kia Sportage,A/T / Premium,2027,"2,274,900","2,300,000","25,100",2026-06-24
Hatla2ee,https://eg.hatla2ee.com/en/new-car/kia/sportage,"Fri, 25 Sep 2026 12:27:51 GMT",9517deeb36af879a7e9c0d6b628838dfb88f7109fc26cc027698179bd9093cec,Kia Sportage,A/T / GT-line,2027,"2,374,900","2,400,000","25,100",2026-06-24
Hatla2ee,https://eg.hatla2ee.com/en/new-car/kia/sportage,"Fri, 25 Sep 2026 12:27:51 GMT",9517deeb36af879a7e9c0d6b628838dfb88f7109fc26cc027698179bd9093cec,Kia Sportage,A/T / GT-line,2027,"2,249,900","2,374,900","125,000",2026-03-31
Hatla2ee,https://eg.hatla2ee.com/en/new-car/kia/sportage,"Fri, 25 Sep 2026 12:27:51 GMT",9517deeb36af879a7e9c0d6b628838dfb88f7109fc26cc027698179bd9093cec,Kia Sportage,A/T / Premium,2027,"2,149,900","2,274,900","125,000",2026-03-31
Hatla2ee,https://eg.hatla2ee.com/en/new-car/kia/sportage,"Fri, 25 Sep 2026 12:27:51 GMT",9517deeb36af879a7e9c0d6b628838dfb88f7109fc26cc027698179bd9093cec,Kia Sportage,A/T / Highline,2027,"1,949,900","2,049,900","100,000",2026-03-31
Hatla2ee,https://eg.hatla2ee.com/en/new-car/kia/sportage,"Fri, 25 Sep 2026 12:27:51 GMT",9517deeb36af879a7e9c0d6b628838dfb88f7109fc26cc027698179bd9093cec,Kia Sportage,A/T / EX,2027,"1,799,900","1,899,900","100,000",2026-03-31
Hatla2ee,https://eg.hatla2ee.com/en/new-car/kia/sportage,"Fri, 25 Sep 2026 12:27:51 GMT",9517deeb36af879a7e9c0d6b628838dfb88f7109fc26cc027698179bd9093cec,Kia Sportage,A/T / LX,2027,"1,699,900","1,799,900","100,000",2026-03-31
Hatla2ee,https://eg.hatla2ee.com/en/new-car/mitsubishi/Eclipse-Cross,"Fri, 25 Sep 2026 12:27:53 GMT",169e67502a8bafa89091938d618f34eef0e06d112c37080b3df1457ed1864a52,Mitsubishi Eclipse Cross,A/T / INFINITY - PL AWD,2026,"1,640,000","1,690,000","50,000",2026-01-28
Hatla2ee,https://eg.hatla2ee.com/en/new-car/mitsubishi/Eclipse-Cross,"Fri, 25 Sep 2026 12:27:53 GMT",169e67502a8bafa89091938d618f34eef0e06d112c37080b3df1457ed1864a52,Mitsubishi Eclipse Cross,A/T / Instyle TL,2026,"1,560,000","1,610,000","50,000",2026-01-28
Hatla2ee,https://eg.hatla2ee.com/en/new-car/mitsubishi/Eclipse-Cross,"Fri, 25 Sep 2026 12:27:53 GMT",169e67502a8bafa89091938d618f34eef0e06d112c37080b3df1457ed1864a52,Mitsubishi Eclipse Cross,A/T / Inspire - HL,2026,"1,500,000","1,550,000","50,000",2026-01-28
Hatla2ee,https://eg.hatla2ee.com/en/new-car/mitsubishi/Eclipse-Cross,"Fri, 25 Sep 2026 12:27:53 GMT",169e67502a8bafa89091938d618f34eef0e06d112c37080b3df1457ed1864a52,Mitsubishi Eclipse Cross,A/T / Insport PLUS - ML PLUS,2026,"1,405,000","1,500,000","95,000",2026-01-28
Hatla2ee,https://eg.hatla2ee.com/en/new-car/mitsubishi/Eclipse-Cross,"Fri, 25 Sep 2026 12:27:53 GMT",169e67502a8bafa89091938d618f34eef0e06d112c37080b3df1457ed1864a52,Mitsubishi Eclipse Cross,A/T / Insport BL,2026,"1,330,000","1,400,000","70,000",2026-01-28
Hatla2ee,https://eg.hatla2ee.com/en/new-car/mitsubishi/Eclipse-Cross,"Fri, 25 Sep 2026 12:27:53 GMT",169e67502a8bafa89091938d618f34eef0e06d112c37080b3df1457ed1864a52,Mitsubishi Eclipse Cross,A/T / INFINITY - PL AWD,2026,"1,740,000","1,640,000","-100,000",2025-11-18
Hatla2ee,https://eg.hatla2ee.com/en/new-car/mitsubishi/Eclipse-Cross,"Fri, 25 Sep 2026 12:27:53 GMT",169e67502a8bafa89091938d618f34eef0e06d112c37080b3df1457ed1864a52,Mitsubishi Eclipse Cross,A/T / Instyle TL,2026,"1,660,000","1,560,000","-100,000",2025-11-18
Hatla2ee,https://eg.hatla2ee.com/en/new-car/mitsubishi/Eclipse-Cross,"Fri, 25 Sep 2026 12:27:53 GMT",169e67502a8bafa89091938d618f34eef0e06d112c37080b3df1457ed1864a52,Mitsubishi Eclipse Cross,A/T / Inspire - HL,2026,"1,600,000","1,500,000","-100,000",2025-11-18
Hatla2ee,https://eg.hatla2ee.com/en/new-car/mitsubishi/Eclipse-Cross,"Fri, 25 Sep 2026 12:27:53 GMT",169e67502a8bafa89091938d618f34eef0e06d112c37080b3df1457ed1864a52,Mitsubishi Eclipse Cross,A/T / Insport PLUS - ML PLUS,2026,"1,530,000","1,405,000","-125,000",2025-11-18
Hatla2ee,https://eg.hatla2ee.com/en/new-car/mitsubishi/Eclipse-Cross,"Fri, 25 Sep 2026 12:27:53 GMT",169e67502a8bafa89091938d618f34eef0e06d112c37080b3df1457ed1864a52,Mitsubishi Eclipse Cross,A/T / Insport BL,2026,"1,480,000","1,330,000","-150,000",2025-11-18
Hatla2ee,https://eg.hatla2ee.com/en/new-car/peugeot/3008,"Fri, 25 Sep 2026 12:27:58 GMT",55c61ead6f937b02212c559b2f2449f077fb2dc9b723ea7abcbcb84517da8a2a,Peugeot 3008,A/T / GT,2027,"2,249,990","2,399,990","150,000",2026-04-07
Hatla2ee,https://eg.hatla2ee.com/en/new-car/peugeot/3008,"Fri, 25 Sep 2026 12:27:58 GMT",55c61ead6f937b02212c559b2f2449f077fb2dc9b723ea7abcbcb84517da8a2a,Peugeot 3008,A/T / Allure,2027,"1,989,990","2,099,990","110,000",2026-04-07
Hatla2ee,https://eg.hatla2ee.com/en/new-car/peugeot/3008,"Fri, 25 Sep 2026 12:27:58 GMT",55c61ead6f937b02212c559b2f2449f077fb2dc9b723ea7abcbcb84517da8a2a,Peugeot 3008,A/T / GT,2027,"2,349,990","2,249,990","-100,000",2025-10-21
Hatla2ee,https://eg.hatla2ee.com/en/new-car/peugeot/3008,"Fri, 25 Sep 2026 12:27:58 GMT",55c61ead6f937b02212c559b2f2449f077fb2dc9b723ea7abcbcb84517da8a2a,Peugeot 3008,A/T / Allure,2027,"2,049,990","1,989,990","-60,000",2025-10-21
Hatla2ee,https://eg.hatla2ee.com/en/new-car/peugeot/3008,"Fri, 25 Sep 2026 12:27:58 GMT",55c61ead6f937b02212c559b2f2449f077fb2dc9b723ea7abcbcb84517da8a2a,Peugeot 3008,A/T / GT,2027,"2,459,990","2,349,990","-110,000",2025-09-14
Hatla2ee,https://eg.hatla2ee.com/en/new-car/peugeot/3008,"Fri, 25 Sep 2026 12:27:58 GMT",55c61ead6f937b02212c559b2f2449f077fb2dc9b723ea7abcbcb84517da8a2a,Peugeot 3008,A/T / Allure,2027,"2,199,990","2,049,990","-150,000",2025-09-14
Hatla2ee,https://eg.hatla2ee.com/en/new-car/peugeot/5008,"Fri, 25 Sep 2026 12:28:00 GMT",60f26adacda17267e270025f13a48087bdc2a0684d51d39b5f0061964fd2caf2,Peugeot 5008,A/T / GT,2027,"2,449,990","2,574,990","125,000",2026-04-07
Hatla2ee,https://eg.hatla2ee.com/en/new-car/peugeot/5008,"Fri, 25 Sep 2026 12:28:00 GMT",60f26adacda17267e270025f13a48087bdc2a0684d51d39b5f0061964fd2caf2,Peugeot 5008,A/T / Allure,2027,"2,174,990","2,274,990","100,000",2026-04-07
Hatla2ee,https://eg.hatla2ee.com/en/new-car/peugeot/5008,"Fri, 25 Sep 2026 12:28:00 GMT",60f26adacda17267e270025f13a48087bdc2a0684d51d39b5f0061964fd2caf2,Peugeot 5008,A/T / GT,2027,"2,574,990","2,449,990","-125,000",2025-10-21
Hatla2ee,https://eg.hatla2ee.com/en/new-car/peugeot/5008,"Fri, 25 Sep 2026 12:28:00 GMT",60f26adacda17267e270025f13a48087bdc2a0684d51d39b5f0061964fd2caf2,Peugeot 5008,A/T / Allure,2027,"2,284,990","2,174,990","-110,000",2025-10-21
Hatla2ee,https://eg.hatla2ee.com/en/new-car/peugeot/5008,"Fri, 25 Sep 2026 12:28:00 GMT",60f26adacda17267e270025f13a48087bdc2a0684d51d39b5f0061964fd2caf2,Peugeot 5008,A/T / GT,2027,"2,674,990","2,574,990","-100,000",2025-09-14
Hatla2ee,https://eg.hatla2ee.com/en/new-car/peugeot/5008,"Fri, 25 Sep 2026 12:28:00 GMT",60f26adacda17267e270025f13a48087bdc2a0684d51d39b5f0061964fd2caf2,Peugeot 5008,A/T / Allure,2027,"2,424,990","2,284,990","-140,000",2025-09-14
Hatla2ee,https://eg.hatla2ee.com/en/new-car/renault/Austral,"Fri, 25 Sep 2026 12:28:02 GMT",505e88bd41243c32c0d21c0db7b73df7d34665c64c355c575b5c5e0f520e3170,Renault Austral,A/T / Esprit Alpine,2026,"1,850,000","1,890,000","40,000",2026-04-16
Hatla2ee,https://eg.hatla2ee.com/en/new-car/renault/Austral,"Fri, 25 Sep 2026 12:28:02 GMT",505e88bd41243c32c0d21c0db7b73df7d34665c64c355c575b5c5e0f520e3170,Renault Austral,A/T / Iconic,2026,"1,750,000","1,790,000","40,000",2026-04-16
Hatla2ee,https://eg.hatla2ee.com/en/new-car/renault/Austral,"Fri, 25 Sep 2026 12:28:02 GMT",505e88bd41243c32c0d21c0db7b73df7d34665c64c355c575b5c5e0f520e3170,Renault Austral,A/T / Techno,2026,"1,625,000","1,690,000","65,000",2026-04-16
Hatla2ee,https://eg.hatla2ee.com/en/new-car/renault/Austral,"Fri, 25 Sep 2026 12:28:02 GMT",505e88bd41243c32c0d21c0db7b73df7d34665c64c355c575b5c5e0f520e3170,Renault Austral,A/T / Evolution,2026,"1,490,000","1,550,000","60,000",2026-04-16
Hatla2ee,https://eg.hatla2ee.com/en/new-car/renault/Austral,"Fri, 25 Sep 2026 12:28:02 GMT",505e88bd41243c32c0d21c0db7b73df7d34665c64c355c575b5c5e0f520e3170,Renault Austral,A/T / Esprit Alpine,2026,"1,750,000","1,850,000","100,000",2026-03-31
Hatla2ee,https://eg.hatla2ee.com/en/new-car/renault/Austral,"Fri, 25 Sep 2026 12:28:02 GMT",505e88bd41243c32c0d21c0db7b73df7d34665c64c355c575b5c5e0f520e3170,Renault Austral,A/T / Iconic,2026,"1,650,000","1,750,000","100,000",2026-03-31
Hatla2ee,https://eg.hatla2ee.com/en/new-car/renault/Austral,"Fri, 25 Sep 2026 12:28:02 GMT",505e88bd41243c32c0d21c0db7b73df7d34665c64c355c575b5c5e0f520e3170,Renault Austral,A/T / Techno,2026,"1,525,000","1,625,000","100,000",2026-03-31
Hatla2ee,https://eg.hatla2ee.com/en/new-car/renault/Austral,"Fri, 25 Sep 2026 12:28:02 GMT",505e88bd41243c32c0d21c0db7b73df7d34665c64c355c575b5c5e0f520e3170,Renault Austral,A/T / Evolution,2026,"1,390,000","1,490,000","100,000",2026-03-31
Hatla2ee,https://eg.hatla2ee.com/en/new-car/renault/Austral,"Fri, 25 Sep 2026 12:28:02 GMT",505e88bd41243c32c0d21c0db7b73df7d34665c64c355c575b5c5e0f520e3170,Renault Austral,A/T / Esprit Alpine / B/E,2026,"2,020,000","1,770,000","-250,000",2025-10-13
Hatla2ee,https://eg.hatla2ee.com/en/new-car/renault/Austral,"Fri, 25 Sep 2026 12:28:02 GMT",505e88bd41243c32c0d21c0db7b73df7d34665c64c355c575b5c5e0f520e3170,Renault Austral,A/T /  Esprit Alpine,2026,"1,990,000","1,740,000","-250,000",2025-10-13
Hatla2ee,https://eg.hatla2ee.com/en/new-car/soueast/S+06,"Fri, 25 Sep 2026 12:28:04 GMT",68e4602938197c037c2f6f086d5e13eca12d4b93af2975d0ad3e5937a2920e87,Soueast S 06,A/T / Highline,2027,"1,290,000","1,350,000","60,000",2026-06-25
Hatla2ee,https://eg.hatla2ee.com/en/new-car/soueast/S+06,"Fri, 25 Sep 2026 12:28:04 GMT",68e4602938197c037c2f6f086d5e13eca12d4b93af2975d0ad3e5937a2920e87,Soueast S 06,A/T / Premium,2027,"1,425,000","1,485,000","60,000",2026-06-25
Hatla2ee,https://eg.hatla2ee.com/en/new-car/soueast/S+06,"Fri, 25 Sep 2026 12:28:04 GMT",68e4602938197c037c2f6f086d5e13eca12d4b93af2975d0ad3e5937a2920e87,Soueast S 06,A/T / Premium,2027,"1,384,000","1,425,000","41,000",2026-03-27
Hatla2ee,https://eg.hatla2ee.com/en/new-car/soueast/S+06,"Fri, 25 Sep 2026 12:28:04 GMT",68e4602938197c037c2f6f086d5e13eca12d4b93af2975d0ad3e5937a2920e87,Soueast S 06,A/T / Highline,2027,"1,249,000","1,290,000","41,000",2026-03-27
Hatla2ee,https://eg.hatla2ee.com/en/new-car/soueast/S+09,"Fri, 25 Sep 2026 12:28:07 GMT",677277087662ab9789369d86040a557c2e023a0f956801d0b752cfbbd5217ab4,Soueast S 09,A/T / Premium,2027,"1,550,000","1,600,000","50,000",2026-06-25
Hatla2ee,https://eg.hatla2ee.com/en/new-car/soueast/S+09,"Fri, 25 Sep 2026 12:28:07 GMT",677277087662ab9789369d86040a557c2e023a0f956801d0b752cfbbd5217ab4,Soueast S 09,A/T / Premium,2027,"1,519,000","1,550,000","31,000",2026-03-27
Hatla2ee,https://eg.hatla2ee.com/en/new-car/soueast/S+09,"Fri, 25 Sep 2026 12:28:07 GMT",677277087662ab9789369d86040a557c2e023a0f956801d0b752cfbbd5217ab4,Soueast S 09,A/T / Premium,2027,"1,499,000","1,519,000","20,000",2026-02-15
Hatla2ee,https://eg.hatla2ee.com/en/new-car/volks-wagen/tiguan,"Fri, 25 Sep 2026 12:28:09 GMT",5827e2fd95c20133702f5d66c3efc5beb8b4732d5944d00f7f1519796aa38683,Volkswagen Tiguan,A/T / R-Line,2026,"2,390,000","2,590,000","200,000",2026-03-30
Hatla2ee,https://eg.hatla2ee.com/en/new-car/volks-wagen/tiguan,"Fri, 25 Sep 2026 12:28:09 GMT",5827e2fd95c20133702f5d66c3efc5beb8b4732d5944d00f7f1519796aa38683,Volkswagen Tiguan,A/T / R-Line,2025,"2,550,000","2,350,000","-200,000",2025-10-28
Hatla2ee,https://eg.hatla2ee.com/en/new-car/volks-wagen/tiguan,"Fri, 25 Sep 2026 12:28:09 GMT",5827e2fd95c20133702f5d66c3efc5beb8b4732d5944d00f7f1519796aa38683,Volkswagen Tiguan,A/T / R-Line,2025,"2,650,000","2,550,000","-100,000",2025-07-06
