conflict_id,batch_id,model_id,trim_key,field,conflict_type,observation_ids,values_summary,rule_outcome,state,route
5b4a7cb1316b827fe917,B001_nissan_eg_2026-09-28,nissan/juke,unnamed lvl002,trim,TRIM_ONLY_IN_T1,"[""375c34f5f3f5033ee0d5""]","official grade ""UNNAMED:LVL002"" 1,259,999 has no trim_key match in consumer set ['Acenta', 'Tekna', 'Tekna N-design']; same-price consumer labels: ['Tekna']",label reconciliation,open,ai_exception
89578c721dcce49ff0bd,B001_nissan_eg_2026-09-28,nissan/juke,unnamed lvl003,trim,TRIM_ONLY_IN_T1,"[""d256288ad2f672d94a65""]","official grade ""UNNAMED:LVL003"" 1,299,999 has no trim_key match in consumer set ['Acenta', 'Tekna', 'Tekna N-design']; same-price consumer labels: ['Tekna N-design']",label reconciliation,open,ai_exception
a51ac3d7699f50eac8dd,B001_nissan_eg_2026-09-28,nissan/juke,tekna,trim,TRIM_ONLY_IN_CONSUMER,[],"consumer trim ""Tekna"" 1,259,999 (date 2026-09-10) not on official site","possibly stale, dealer-only, renamed or duplicate label",open,ai_exception
f95e855d601ed3f7bfb0,B001_nissan_eg_2026-09-28,nissan/juke,tekna design,trim,TRIM_ONLY_IN_CONSUMER,[],"consumer trim ""Tekna N-design"" 1,299,999 (date 2026-09-10) not on official site","possibly stale, dealer-only, renamed or duplicate label",open,ai_exception
9739febc9281421143d6,B001_nissan_eg_2026-09-28,nissan/magnite,tekna,trim,TRIM_ONLY_IN_T1,"[""93228ccfecf407b3a8ac""]","official grade ""Magnite 1.0T Tekna CVT"" 868,000 has no trim_key match in consumer set ['Visia', 'Acenta', 'Tekna+']; same-price consumer labels: ['Tekna+']",label reconciliation,open,ai_exception
dcee3abf29ad3058863c,B001_nissan_eg_2026-09-28,nissan/magnite,tekna plus,price_official_egp,VALUE,"[""e68a18eb88015a509cf8"", ""45b7080d0ac521d91d9e"", ""236fbae027d5cee2868f""]","T1 ""Magnite 1.0T Tekna+ CVT"" 888,000 (updated 2026-07-29) vs consumer [('Tekna+', 868000)]; aggregators [('contactcars', 'Tekna+', 888000.0), ('egycar', 'Tekna+', 888000.0)]",tier rule favours T1 value,open,deterministic
e95746e2fd0cf3d2a760,B001_nissan_eg_2026-09-28,nissan/magnite,,model_year,MODEL_YEAR,"[""e689b99561eea8566959"", ""93228ccfecf407b3a8ac"", ""e68a18eb88015a509cf8"", ""307a06e441a4eceae764""]",official price key says [2026]; consumer trims say [2027],do not relabel: Egypt MY conventions differ (dealers sell next MY early),open,human_review
896d7b36fd8583682f18,B001_nissan_eg_2026-09-28,nissan/patrol,se 2,trim,TRIM_ONLY_IN_T1,"[""093c3a0c6150d7ef7f8c""]","official grade ""3.8L V6 SE T2"" 9,600,000 has no trim_key match in consumer set ['XE', 'SE', 'SE Titanium', 'LE1', 'SE Platinum City', 'LE2', 'LE Titanium', 'LE Platinum City']; same-price consumer labels: ['SE']",label reconciliation,open,ai_exception
bf74069d73ddb8cd38cb,B001_nissan_eg_2026-09-28,nissan/patrol,se,trim,TRIM_ONLY_IN_CONSUMER,[],"consumer trim ""SE"" 9,600,000 (date 2026-09-10) not on official site","possibly stale, dealer-only, renamed or duplicate label",open,ai_exception
aaa7cf2e26e7d26c4350,B001_nissan_eg_2026-09-28,nissan/qashqai,connecta plus,price_official_egp,VALUE,"[""a389ba8e88d5fc1b67ee"", ""c09c6406ac73c921d900"", ""b5691308711c973f3dbb""]","T1 ""Qashqai N-connecta Plus"" 1,777,000 (updated 2026-05-19) vs consumer [('N-Connecta+', 1757000)]; aggregators [('contactcars', 'N-connecta Plus', 1757000.0), ('egycar', 'N-Connecta+', 1757000.0)]",tier rule favours T1 value,open,deterministic
a4e136993844296c189d,B001_nissan_eg_2026-09-28,nissan/qashqai,tekna,price_official_egp,VALUE,"[""5af8e97bd96214196dbd"", ""727733eedd7d962bd65b""]","T1 ""Qashqai Tekna"" 1,888,000 (updated 2026-05-19) vs consumer [('TEKNA', 1868000)]; aggregators [('egycar', 'TEKNA', 1868000.0)]",tier rule favours T1 value,open,deterministic
945202bff8daa1a66535,B001_nissan_eg_2026-09-28,nissan/qashqai,connecta plus 2t,trim,TRIM_ONLY_IN_CONSUMER,[],"consumer trim ""N-connecta+ 2T"" 1,777,000 (date 2026-09-25) not on official site","possibly stale, dealer-only, renamed or duplicate label",open,ai_exception
2402e1be00b54068c34a,B001_nissan_eg_2026-09-28,nissan/qashqai,tekna 2t,trim,TRIM_ONLY_IN_CONSUMER,[],"consumer trim ""Tekna 2T"" 1,888,000 (date 2026-09-25) not on official site","possibly stale, dealer-only, renamed or duplicate label",open,ai_exception
88039075f2dde18812b7,B001_nissan_eg_2026-09-28,nissan/qashqai,e power,trim,TRIM_ONLY_IN_CONSUMER,[],"consumer trim ""e-Power"" 2,000,000 (date 2026-09-10) not on official site","possibly stale, dealer-only, renamed or duplicate label",open,ai_exception
47510179c6b4548367bc,B001_nissan_eg_2026-09-28,nissan/sentra,full option,trim,TRIM_ONLY_IN_CONSUMER,[],"consumer trim ""Full Option"" 1,050,000 (date 2026-09-10) not on official site","possibly stale, dealer-only, renamed or duplicate label",open,ai_exception
84905cf36e57f614233e,B001_nissan_eg_2026-09-28,nissan/sunny,base,price_official_egp,VALUE,"[""3204dd470816143b2a47""]","official grade ""SUNNY Base MT"" lists no price; consumer set shows [('Manual/Baseline', 665000, False, '2026-09-10'), ('Baseline', 765000, False, '2026-09-10')]","official site silent: keep aggregator value visible, do not promote",open,human_review
be1791ff126525b4bab7,B001_nissan_eg_2026-09-28,nissan/sunny,mid,price_official_egp,VALUE,"[""5fd2f134674c52148304"", ""06665ca26bfabeee58d7"", ""fed3ba29b1fcec3a6d99""]","T1 ""SUNNY Mid"" 799,999 (updated 2026-04-10) vs consumer [('Midline', 800000)]; aggregators [('contactcars', 'AT Mid', 799999.0), ('egycar', 'Midline', 800000.0)]",tier rule favours T1 value,open,deterministic
945517e1f08e57682c76,B001_nissan_eg_2026-09-28,nissan/sunny,plus,trim,TRIM_ONLY_IN_CONSUMER,[],"consumer trim ""plus"" 799,900 (date 2026-09-10) not on official site","possibly stale, dealer-only, renamed or duplicate label",open,ai_exception
05fe147a512a0fc80dc6,B001_nissan_eg_2026-09-28,nissan/x-trail,acenta premium,trim,TRIM_ONLY_IN_T1,"[""95ea4bfcc88fa7564792""]","official grade ""Acenta Premium"" 1,999,990 has no trim_key match in consumer set ['Acenta Plus', 'N-Trek', 'Tekna', 'Tekna e-4ORCE']; same-price consumer labels: []",label reconciliation,open,ai_exception
8d04aa9c0707ae236d41,B001_nissan_eg_2026-09-28,nissan/x-trail,tekna,price_official_egp,VALUE,"[""cb68f77c4817f3599eb8"", ""dd7469792d0be1ba16ff""]","T1 ""Tekna"" 2,299,990 (updated 2025-10-08) vs consumer [('Tekna', 2300000)]; aggregators [('contactcars', 'Tekna', 2300000.0)]",tier rule favours T1 value,open,deterministic
a44706bbf1b6a25c851d,B001_nissan_eg_2026-09-28,nissan/x-trail,acenta plus,trim,TRIM_ONLY_IN_CONSUMER,[],"consumer trim ""Acenta Plus"" 2,000,000 (date 2026-09-10) not on official site","possibly stale, dealer-only, renamed or duplicate label",open,ai_exception
679b208b25cb5d016f2c,B001_nissan_eg_2026-09-28,nissan/x-trail,trek,trim,TRIM_ONLY_IN_CONSUMER,[],"consumer trim ""N-Trek"" 2,080,000 (date 2026-09-10) not on official site","possibly stale, dealer-only, renamed or duplicate label",open,ai_exception
d8ba4fb9dbef561f6f87,B001_nissan_eg_2026-09-28,nissan/x-trail,tekna 4wd,trim,TRIM_ONLY_IN_CONSUMER,[],"consumer trim ""Tekna e-4ORCE"" 2,300,000 (date 2026-09-10) not on official site","possibly stale, dealer-only, renamed or duplicate label",open,ai_exception
