observation_id,batch_id,evidence_id,evidence_pointer,source_id,source_tier,market_scope,brand_raw,model_raw,trim_raw,model_year,model_id,trim_key,identity_confidence,field,value_raw,value_num,unit,value_status,observed_at,effective_date,extraction_method,extraction_kind,confidence,verification_state,conflict_state,promotion_state,notes
ebad1eaf9f4cac7b28ce,S0_2026-09-10,cda1d6dcae685eefe640,carindex_master.csv#row291.official_price,contactcars,4,egypt,Nissan,Sunny,A/T Base,2027,nissan/sunny,base,HIGH,price_official_egp,"765,000",765000.0,EGP,OK,2026-09-10,,legacy_scrape_2026-09-10,legacy_unknown,LOW,corroborated,none,not_candidate,AC manual
a2a8878b88a14b94410a,S0_2026-09-10,cda1d6dcae685eefe640,carindex_master.csv#row291.market_price,contactcars,4,egypt,Nissan,Sunny,A/T Base,2027,nissan/sunny,base,HIGH,price_market_egp,"800,000",800000.0,EGP,OK,2026-09-10,,legacy_scrape_2026-09-10,legacy_unknown,LOW,observed,none,not_candidate,AC manual
0506c08b276be8cf58f4,S0_2026-09-10,cda1d6dcae685eefe640,carindex_master.csv#row291.transmission,contactcars,4,egypt,Nissan,Sunny,A/T Base,2027,nissan/sunny,base,HIGH,transmission,Automatic,,,OK,2026-09-10,,legacy_scrape_2026-09-10,legacy_unknown,LOW,observed,none,not_candidate,AC manual
06665ca26bfabeee58d7,S0_2026-09-10,b6c520ecd3c9153cea59,carindex_master.csv#row292.official_price,contactcars,4,egypt,Nissan,Sunny,AT Mid,2027,nissan/sunny,mid,HIGH,price_official_egp,"799,999",799999.0,EGP,OK,2026-09-10,,legacy_scrape_2026-09-10,legacy_unknown,LOW,observed,open,not_candidate,"7in display, android/apple carplay, rear camera"
e8069516a7065df87a73,S0_2026-09-10,b6c520ecd3c9153cea59,carindex_master.csv#row292.market_price,contactcars,4,egypt,Nissan,Sunny,AT Mid,2027,nissan/sunny,mid,HIGH,price_market_egp,"900,000",900000.0,EGP,OK,2026-09-10,,legacy_scrape_2026-09-10,legacy_unknown,LOW,observed,none,not_candidate,"7in display, android/apple carplay, rear camera"
94fe5d80beaa8d7d0605,S0_2026-09-10,b6c520ecd3c9153cea59,carindex_master.csv#row292.transmission,contactcars,4,egypt,Nissan,Sunny,AT Mid,2027,nissan/sunny,mid,HIGH,transmission,Automatic,,,OK,2026-09-10,,legacy_scrape_2026-09-10,legacy_unknown,LOW,observed,none,not_candidate,"7in display, android/apple carplay, rear camera"
704ae88416a26278c1b9,S0_2026-09-10,679329ea6537fe96a60a,carindex_master.csv#row293.official_price,contactcars,4,egypt,Nissan,Sunny,AT Super salon,2027,nissan/sunny,super,HIGH,price_official_egp,"835,000",835000.0,EGP,OK,2026-09-10,,legacy_scrape_2026-09-10,legacy_unknown,LOW,corroborated,none,not_candidate,"digital AC, keyless start/stop"
d0773dee21cb9c12962d,S0_2026-09-10,679329ea6537fe96a60a,carindex_master.csv#row293.market_price,contactcars,4,egypt,Nissan,Sunny,AT Super salon,2027,nissan/sunny,super,HIGH,price_market_egp,"900,000",900000.0,EGP,OK,2026-09-10,,legacy_scrape_2026-09-10,legacy_unknown,LOW,observed,none,not_candidate,"digital AC, keyless start/stop"
4dc012bab73f7da8f7ae,S0_2026-09-10,679329ea6537fe96a60a,carindex_master.csv#row293.transmission,contactcars,4,egypt,Nissan,Sunny,AT Super salon,2027,nissan/sunny,super,HIGH,transmission,Automatic,,,OK,2026-09-10,,legacy_scrape_2026-09-10,legacy_unknown,LOW,observed,none,not_candidate,"digital AC, keyless start/stop"
fe59c585a46fa793990d,S0_2026-09-10,1e71c22df7207609485d,carindex_master.csv#row294.official_price,contactcars,4,egypt,Nissan,Magnite,Visia,2027,nissan/magnite,visia,HIGH,price_official_egp,"788,000",788000.0,EGP,OK,2026-09-10,,legacy_scrape_2026-09-10,legacy_unknown,LOW,corroborated,none,not_candidate,"16in steel wheel, halogen headlamps"
380958c5ff1b912dac9f,S0_2026-09-10,1e71c22df7207609485d,carindex_master.csv#row294.market_price,contactcars,4,egypt,Nissan,Magnite,Visia,2027,nissan/magnite,visia,HIGH,price_market_egp,"840,000",840000.0,EGP,OK,2026-09-10,,legacy_scrape_2026-09-10,legacy_unknown,LOW,observed,none,not_candidate,"16in steel wheel, halogen headlamps"
96573970839630b356b9,S0_2026-09-10,1e71c22df7207609485d,carindex_master.csv#row294.transmission,contactcars,4,egypt,Nissan,Magnite,Visia,2027,nissan/magnite,visia,HIGH,transmission,CVT,,,OK,2026-09-10,,legacy_scrape_2026-09-10,legacy_unknown,LOW,observed,none,not_candidate,"16in steel wheel, halogen headlamps"
1a5bd20a02a49067e22e,S0_2026-09-10,2451cd12f49bb63bbf91,carindex_master.csv#row295.official_price,contactcars,4,egypt,Nissan,Magnite,Acenta,2027,nissan/magnite,acenta,HIGH,price_official_egp,"848,000",848000.0,EGP,OK,2026-09-10,,legacy_scrape_2026-09-10,legacy_unknown,LOW,corroborated,none,not_candidate,"LED foglights, air purifier, 16in alloy two-tone"
2bc0af664864df2ea134,S0_2026-09-10,2451cd12f49bb63bbf91,carindex_master.csv#row295.market_price,contactcars,4,egypt,Nissan,Magnite,Acenta,2027,nissan/magnite,acenta,HIGH,price_market_egp,"900,000",900000.0,EGP,OK,2026-09-10,,legacy_scrape_2026-09-10,legacy_unknown,LOW,observed,none,not_candidate,"LED foglights, air purifier, 16in alloy two-tone"
4004eef8b1d1f9e9116c,S0_2026-09-10,2451cd12f49bb63bbf91,carindex_master.csv#row295.transmission,contactcars,4,egypt,Nissan,Magnite,Acenta,2027,nissan/magnite,acenta,HIGH,transmission,CVT,,,OK,2026-09-10,,legacy_scrape_2026-09-10,legacy_unknown,LOW,observed,none,not_candidate,"LED foglights, air purifier, 16in alloy two-tone"
22fb86909ca34a73765e,S0_2026-09-10,159482ea7b7f9e07c62a,carindex_master.csv#row296.official_price,contactcars,4,egypt,Nissan,Magnite,Tekna,2027,nissan/magnite,tekna,HIGH,price_official_egp,"868,000",868000.0,EGP,OK,2026-09-10,,legacy_scrape_2026-09-10,legacy_unknown,LOW,observed,none,not_candidate,"leather steering wheel, central armrest cool/heat"
d76a27e9b6677ed37932,S0_2026-09-10,159482ea7b7f9e07c62a,carindex_master.csv#row296.market_price,contactcars,4,egypt,Nissan,Magnite,Tekna,2027,nissan/magnite,tekna,HIGH,price_market_egp,"940,000",940000.0,EGP,OK,2026-09-10,,legacy_scrape_2026-09-10,legacy_unknown,LOW,observed,none,not_candidate,"leather steering wheel, central armrest cool/heat"
f8d931ff6bf424b4f56b,S0_2026-09-10,159482ea7b7f9e07c62a,carindex_master.csv#row296.transmission,contactcars,4,egypt,Nissan,Magnite,Tekna,2027,nissan/magnite,tekna,HIGH,transmission,CVT,,,OK,2026-09-10,,legacy_scrape_2026-09-10,legacy_unknown,LOW,observed,none,not_candidate,"leather steering wheel, central armrest cool/heat"
45b7080d0ac521d91d9e,S0_2026-09-10,3c065539f6bcc8d3dd13,carindex_master.csv#row297.official_price,contactcars,4,egypt,Nissan,Magnite,Tekna+,2027,nissan/magnite,tekna plus,HIGH,price_official_egp,"888,000",888000.0,EGP,OK,2026-09-10,,legacy_scrape_2026-09-10,legacy_unknown,LOW,observed,open,not_candidate,leather seats
95b4a87b52d033ad4254,S0_2026-09-10,3c065539f6bcc8d3dd13,carindex_master.csv#row297.market_price,contactcars,4,egypt,Nissan,Magnite,Tekna+,2027,nissan/magnite,tekna plus,HIGH,price_market_egp,Unavailable,,EGP,NOT_PUBLISHED,2026-09-10,,legacy_scrape_2026-09-10,legacy_unknown,LOW,observed,none,not_candidate,leather seats
ba10e05bdbfc684ac0ef,S0_2026-09-10,3c065539f6bcc8d3dd13,carindex_master.csv#row297.transmission,contactcars,4,egypt,Nissan,Magnite,Tekna+,2027,nissan/magnite,tekna plus,HIGH,transmission,CVT,,,OK,2026-09-10,,legacy_scrape_2026-09-10,legacy_unknown,LOW,observed,none,not_candidate,leather seats
5b1465c7a7a9786e5a3d,S0_2026-09-10,f91b70f9577dbfa96247,carindex_master.csv#row298.official_price,contactcars,4,egypt,Nissan,Sentra,Premium,2027,nissan/sentra,premium,HIGH,price_official_egp,"1,050,000",1050000.0,EGP,OK,2026-09-10,,legacy_scrape_2026-09-10,legacy_unknown,LOW,corroborated,none,not_candidate,
3bf6f83dd35206c873ab,S0_2026-09-10,f91b70f9577dbfa96247,carindex_master.csv#row298.market_price,contactcars,4,egypt,Nissan,Sentra,Premium,2027,nissan/sentra,premium,HIGH,price_market_egp,"1,060,000",1060000.0,EGP,OK,2026-09-10,,legacy_scrape_2026-09-10,legacy_unknown,LOW,observed,none,not_candidate,
57ae1b62f4df1cc63e65,S0_2026-09-10,f91b70f9577dbfa96247,carindex_master.csv#row298.transmission,contactcars,4,egypt,Nissan,Sentra,Premium,2027,nissan/sentra,premium,HIGH,transmission,CVT,,,OK,2026-09-10,,legacy_scrape_2026-09-10,legacy_unknown,LOW,observed,none,not_candidate,
6685efb685854d384c21,S0_2026-09-10,e249f8def0a2079bafcf,carindex_master.csv#row299.official_price,contactcars,4,egypt,Nissan,Juke,Acenta,2027,nissan/juke,acenta,HIGH,price_official_egp,"1,159,999",1159999.0,EGP,OK,2026-09-10,,legacy_scrape_2026-09-10,legacy_unknown,LOW,corroborated,none,not_candidate,"17in Acenta alloy wheels, fabric seats"
cfe6b706478b2670cf7b,S0_2026-09-10,e249f8def0a2079bafcf,carindex_master.csv#row299.market_price,contactcars,4,egypt,Nissan,Juke,Acenta,2027,nissan/juke,acenta,HIGH,price_market_egp,"1,160,000",1160000.0,EGP,OK,2026-09-10,,legacy_scrape_2026-09-10,legacy_unknown,LOW,observed,none,not_candidate,"17in Acenta alloy wheels, fabric seats"
2a49037e1b15b349380b,S0_2026-09-10,e249f8def0a2079bafcf,carindex_master.csv#row299.transmission,contactcars,4,egypt,Nissan,Juke,Acenta,2027,nissan/juke,acenta,HIGH,transmission,Dual Clutch,,,OK,2026-09-10,,legacy_scrape_2026-09-10,legacy_unknown,LOW,observed,none,not_candidate,"17in Acenta alloy wheels, fabric seats"
cbf565d4cddb9f95ad10,S0_2026-09-10,0b248985facbcbf64f89,carindex_master.csv#row300.official_price,contactcars,4,egypt,Nissan,Juke,Tekna,2027,nissan/juke,tekna,HIGH,price_official_egp,"1,259,999",1259999.0,EGP,OK,2026-09-10,,legacy_scrape_2026-09-10,legacy_unknown,LOW,observed,none,not_candidate,"leather seats, 19in Tekna Aero alloy, 12.3in display"
43f0fa5e3962794e7b2e,S0_2026-09-10,0b248985facbcbf64f89,carindex_master.csv#row300.market_price,contactcars,4,egypt,Nissan,Juke,Tekna,2027,nissan/juke,tekna,HIGH,price_market_egp,"1,280,000",1280000.0,EGP,OK,2026-09-10,,legacy_scrape_2026-09-10,legacy_unknown,LOW,observed,none,not_candidate,"leather seats, 19in Tekna Aero alloy, 12.3in display"
f3dcad77d7788797e227,S0_2026-09-10,0b248985facbcbf64f89,carindex_master.csv#row300.transmission,contactcars,4,egypt,Nissan,Juke,Tekna,2027,nissan/juke,tekna,HIGH,transmission,Dual Clutch,,,OK,2026-09-10,,legacy_scrape_2026-09-10,legacy_unknown,LOW,observed,none,not_candidate,"leather seats, 19in Tekna Aero alloy, 12.3in display"
6d8efb29597f6d309b7b,S0_2026-09-10,ac2c67947a07dde69be7,carindex_master.csv#row301.official_price,contactcars,4,egypt,Nissan,Juke,Tekna N-design,2027,nissan/juke,tekna design,HIGH,price_official_egp,"1,299,999",1299999.0,EGP,OK,2026-09-10,,legacy_scrape_2026-09-10,legacy_unknown,LOW,observed,none,not_candidate,"19in Black Akari alloy, cruise control"
371572203f29284862dd,S0_2026-09-10,ac2c67947a07dde69be7,carindex_master.csv#row301.market_price,contactcars,4,egypt,Nissan,Juke,Tekna N-design,2027,nissan/juke,tekna design,HIGH,price_market_egp,"1,300,000",1300000.0,EGP,OK,2026-09-10,,legacy_scrape_2026-09-10,legacy_unknown,LOW,observed,none,not_candidate,"19in Black Akari alloy, cruise control"
7cddda49f33dcd6afd2f,S0_2026-09-10,ac2c67947a07dde69be7,carindex_master.csv#row301.transmission,contactcars,4,egypt,Nissan,Juke,Tekna N-design,2027,nissan/juke,tekna design,HIGH,transmission,Dual Clutch,,,OK,2026-09-10,,legacy_scrape_2026-09-10,legacy_unknown,LOW,observed,none,not_candidate,"19in Black Akari alloy, cruise control"
dfb306d067396f63f22c,S0_2026-09-10,5b57508ae1f737b78b58,carindex_master.csv#row302.official_price,contactcars,4,egypt,Nissan,Juke,Tekna N-Design,2026,nissan/juke,tekna design,HIGH,price_official_egp,"1,245,000",1245000.0,EGP,OK,2026-09-10,,legacy_scrape_2026-09-10,legacy_unknown,LOW,observed,none,not_candidate,MODEL_YEAR_CONFLICT vs EgyCar's Juke page which shows completely different 4-trim/price lineup dated Oct 2025
d189e1c17db5e4b28b3c,S0_2026-09-10,5b57508ae1f737b78b58,carindex_master.csv#row302.market_price,contactcars,4,egypt,Nissan,Juke,Tekna N-Design,2026,nissan/juke,tekna design,HIGH,price_market_egp,"1,260,000",1260000.0,EGP,OK,2026-09-10,,legacy_scrape_2026-09-10,legacy_unknown,LOW,observed,none,not_candidate,MODEL_YEAR_CONFLICT vs EgyCar's Juke page which shows completely different 4-trim/price lineup dated Oct 2025
a258caa5bba533c9c5fe,S0_2026-09-10,5b57508ae1f737b78b58,carindex_master.csv#row302.transmission,contactcars,4,egypt,Nissan,Juke,Tekna N-Design,2026,nissan/juke,tekna design,HIGH,transmission,Dual Clutch,,,OK,2026-09-10,,legacy_scrape_2026-09-10,legacy_unknown,LOW,observed,none,not_candidate,MODEL_YEAR_CONFLICT vs EgyCar's Juke page which shows completely different 4-trim/price lineup dated Oct 2025
c50a38faaaf3722ef363,S0_2026-09-10,8e8e944b885222defeb5,carindex_master.csv#row303.official_price,contactcars,4,egypt,Nissan,Navara,Single Cab 2.5D XE Plus 4X2 MT,2026,,single cab 2 5d xe plus,NONE,price_official_egp,"1,400,000",1400000.0,EGP,OK,2026-09-10,,legacy_scrape_2026-09-10,legacy_unknown,LOW,observed,none,not_candidate,
9dae63d21ff3a451ea1c,S0_2026-09-10,8e8e944b885222defeb5,carindex_master.csv#row303.market_price,contactcars,4,egypt,Nissan,Navara,Single Cab 2.5D XE Plus 4X2 MT,2026,,single cab 2 5d xe plus,NONE,price_market_egp,"1,400,000",1400000.0,EGP,OK,2026-09-10,,legacy_scrape_2026-09-10,legacy_unknown,LOW,observed,none,not_candidate,
2a8b5827992c39173251,S0_2026-09-10,8e8e944b885222defeb5,carindex_master.csv#row303.horsepower,contactcars,4,egypt,Nissan,Navara,Single Cab 2.5D XE Plus 4X2 MT,2026,,single cab 2 5d xe plus,NONE,power_hp,161/3600,161.0,hp,OK,2026-09-10,,legacy_scrape_2026-09-10,legacy_unknown,LOW,observed,none,not_candidate,
8de9bd647499a17cdd03,S0_2026-09-10,8e8e944b885222defeb5,carindex_master.csv#row303.transmission,contactcars,4,egypt,Nissan,Navara,Single Cab 2.5D XE Plus 4X2 MT,2026,,single cab 2 5d xe plus,NONE,transmission,Manual,,,OK,2026-09-10,,legacy_scrape_2026-09-10,legacy_unknown,LOW,observed,none,not_candidate,
676179e9bcf6d5a532a2,S0_2026-09-10,2ac9a3d3ca0f27d8437d,carindex_master.csv#row304.official_price,contactcars,4,egypt,Nissan,Navara,4WD MT XE Plus,2026,,4wd xe plus,NONE,price_official_egp,"4,325,000",4325000.0,EGP,OK,2026-09-10,,legacy_scrape_2026-09-10,legacy_unknown,LOW,observed,none,not_candidate,
742764fbd28a2729b150,S0_2026-09-10,2ac9a3d3ca0f27d8437d,carindex_master.csv#row304.market_price,contactcars,4,egypt,Nissan,Navara,4WD MT XE Plus,2026,,4wd xe plus,NONE,price_market_egp,"4,325,000",4325000.0,EGP,OK,2026-09-10,,legacy_scrape_2026-09-10,legacy_unknown,LOW,observed,none,not_candidate,
ba5b83e95e6f22f5d59b,S0_2026-09-10,2ac9a3d3ca0f27d8437d,carindex_master.csv#row304.horsepower,contactcars,4,egypt,Nissan,Navara,4WD MT XE Plus,2026,,4wd xe plus,NONE,power_hp,161/3600,161.0,hp,OK,2026-09-10,,legacy_scrape_2026-09-10,legacy_unknown,LOW,observed,none,not_candidate,
a46395dc0a1a1499f1cf,S0_2026-09-10,2ac9a3d3ca0f27d8437d,carindex_master.csv#row304.torque,contactcars,4,egypt,Nissan,Navara,4WD MT XE Plus,2026,,4wd xe plus,NONE,torque_nm,403/2000,403.0,Nm,OK,2026-09-10,,legacy_scrape_2026-09-10,legacy_unknown,LOW,observed,none,not_candidate,
ae5c855e635d1064709e,S0_2026-09-10,2ac9a3d3ca0f27d8437d,carindex_master.csv#row304.transmission,contactcars,4,egypt,Nissan,Navara,4WD MT XE Plus,2026,,4wd xe plus,NONE,transmission,Manual,,,OK,2026-09-10,,legacy_scrape_2026-09-10,legacy_unknown,LOW,observed,none,not_candidate,
2765f2e111699af6cda1,S0_2026-09-10,f6260274cc2e56f39ddc,carindex_master.csv#row305.official_price,contactcars,4,egypt,Nissan,Navara,4WD AT SE Plus,2026,,4wd se plus,NONE,price_official_egp,"4,725,000",4725000.0,EGP,OK,2026-09-10,,legacy_scrape_2026-09-10,legacy_unknown,LOW,observed,none,not_candidate,
804676e9e5062a8d86d6,S0_2026-09-10,f6260274cc2e56f39ddc,carindex_master.csv#row305.market_price,contactcars,4,egypt,Nissan,Navara,4WD AT SE Plus,2026,,4wd se plus,NONE,price_market_egp,Unavailable,,EGP,NOT_PUBLISHED,2026-09-10,,legacy_scrape_2026-09-10,legacy_unknown,LOW,observed,none,not_candidate,
fc9196af9f3c36ddbb43,S0_2026-09-10,f6260274cc2e56f39ddc,carindex_master.csv#row305.horsepower,contactcars,4,egypt,Nissan,Navara,4WD AT SE Plus,2026,,4wd se plus,NONE,power_hp,187/3600,187.0,hp,OK,2026-09-10,,legacy_scrape_2026-09-10,legacy_unknown,LOW,observed,none,not_candidate,
e9794f089d921bfc0a33,S0_2026-09-10,f6260274cc2e56f39ddc,carindex_master.csv#row305.transmission,contactcars,4,egypt,Nissan,Navara,4WD AT SE Plus,2026,,4wd se plus,NONE,transmission,Automatic,,,OK,2026-09-10,,legacy_scrape_2026-09-10,legacy_unknown,LOW,observed,none,not_candidate,
23a43c0228fe27849338,S0_2026-09-10,9c2cf92f99946037f483,carindex_master.csv#row306.official_price,contactcars,4,egypt,Nissan,Navara,4WD MT LE Plus,2026,,4wd le plus,NONE,price_official_egp,"5,375,000",5375000.0,EGP,OK,2026-09-10,,legacy_scrape_2026-09-10,legacy_unknown,LOW,observed,none,not_candidate,"leather seats, keyless"
d08acce0cc4ad9433195,S0_2026-09-10,9c2cf92f99946037f483,carindex_master.csv#row306.market_price,contactcars,4,egypt,Nissan,Navara,4WD MT LE Plus,2026,,4wd le plus,NONE,price_market_egp,Unavailable,,EGP,NOT_PUBLISHED,2026-09-10,,legacy_scrape_2026-09-10,legacy_unknown,LOW,observed,none,not_candidate,"leather seats, keyless"
8306c716d5afb7185963,S0_2026-09-10,9c2cf92f99946037f483,carindex_master.csv#row306.horsepower,contactcars,4,egypt,Nissan,Navara,4WD MT LE Plus,2026,,4wd le plus,NONE,power_hp,187/3600,187.0,hp,OK,2026-09-10,,legacy_scrape_2026-09-10,legacy_unknown,LOW,observed,none,not_candidate,"leather seats, keyless"
77dfab0a8a785e5b1d10,S0_2026-09-10,9c2cf92f99946037f483,carindex_master.csv#row306.transmission,contactcars,4,egypt,Nissan,Navara,4WD MT LE Plus,2026,,4wd le plus,NONE,transmission,Manual,,,OK,2026-09-10,,legacy_scrape_2026-09-10,legacy_unknown,LOW,observed,none,not_candidate,"leather seats, keyless"
6f787b20c4752d7346cd,S0_2026-09-10,9b3b46f60c2eb1aa4cb8,carindex_master.csv#row307.official_price,contactcars,4,egypt,Nissan,Navara,4WD AT LE Plus,2026,,4wd le plus,NONE,price_official_egp,"5,825,000",5825000.0,EGP,OK,2026-09-10,,legacy_scrape_2026-09-10,legacy_unknown,LOW,observed,none,not_candidate,"leather seats, keyless"
9f89d3558648b4eb2e42,S0_2026-09-10,9b3b46f60c2eb1aa4cb8,carindex_master.csv#row307.market_price,contactcars,4,egypt,Nissan,Navara,4WD AT LE Plus,2026,,4wd le plus,NONE,price_market_egp,Unavailable,,EGP,NOT_PUBLISHED,2026-09-10,,legacy_scrape_2026-09-10,legacy_unknown,LOW,observed,none,not_candidate,"leather seats, keyless"
7e617b3a77cd7eae4cfc,S0_2026-09-10,9b3b46f60c2eb1aa4cb8,carindex_master.csv#row307.horsepower,contactcars,4,egypt,Nissan,Navara,4WD AT LE Plus,2026,,4wd le plus,NONE,power_hp,187/3600,187.0,hp,OK,2026-09-10,,legacy_scrape_2026-09-10,legacy_unknown,LOW,observed,none,not_candidate,"leather seats, keyless"
286e6f9ddf065d170b2a,S0_2026-09-10,9b3b46f60c2eb1aa4cb8,carindex_master.csv#row307.transmission,contactcars,4,egypt,Nissan,Navara,4WD AT LE Plus,2026,,4wd le plus,NONE,transmission,Automatic,,,OK,2026-09-10,,legacy_scrape_2026-09-10,legacy_unknown,LOW,observed,none,not_candidate,"leather seats, keyless"
453c0b9b6e357667ab6a,S0_2026-09-10,4d86f3b7b3b1aa4dbcb2,carindex_master.csv#row308.official_price,contactcars,4,egypt,Nissan,Qashqai,N-connecta,2027,nissan/qashqai,connecta,HIGH,price_official_egp,"1,555,000",1555000.0,EGP,OK,2026-09-10,,legacy_scrape_2026-09-10,legacy_unknown,LOW,corroborated,none,not_candidate,"EuroNCAP 5-star, R17, 12.3in display"
6c2e1276f44a179c8bea,S0_2026-09-10,4d86f3b7b3b1aa4dbcb2,carindex_master.csv#row308.market_price,contactcars,4,egypt,Nissan,Qashqai,N-connecta,2027,nissan/qashqai,connecta,HIGH,price_market_egp,"1,600,000",1600000.0,EGP,OK,2026-09-10,,legacy_scrape_2026-09-10,legacy_unknown,LOW,observed,none,not_candidate,"EuroNCAP 5-star, R17, 12.3in display"
a606fd1406a6da1eac26,S0_2026-09-10,4d86f3b7b3b1aa4dbcb2,carindex_master.csv#row308.horsepower,contactcars,4,egypt,Nissan,Qashqai,N-connecta,2027,nissan/qashqai,connecta,HIGH,power_hp,148/5000,148.0,hp,OK,2026-09-10,,legacy_scrape_2026-09-10,legacy_unknown,LOW,observed,none,not_candidate,"EuroNCAP 5-star, R17, 12.3in display"
33e1cb0ccd91b08786c3,S0_2026-09-10,4d86f3b7b3b1aa4dbcb2,carindex_master.csv#row308.transmission,contactcars,4,egypt,Nissan,Qashqai,N-connecta,2027,nissan/qashqai,connecta,HIGH,transmission,CVT,,,OK,2026-09-10,,legacy_scrape_2026-09-10,legacy_unknown,LOW,observed,none,not_candidate,"EuroNCAP 5-star, R17, 12.3in display"
c09c6406ac73c921d900,S0_2026-09-10,62e9dcdb7d665088911f,carindex_master.csv#row309.official_price,contactcars,4,egypt,Nissan,Qashqai,N-connecta Plus,2027,nissan/qashqai,connecta plus,HIGH,price_official_egp,"1,757,000",1757000.0,EGP,OK,2026-09-10,,legacy_scrape_2026-09-10,legacy_unknown,LOW,observed,open,not_candidate,"auto headlights, tempered glass, active noise control"
3ff823d54682448eefac,S0_2026-09-10,62e9dcdb7d665088911f,carindex_master.csv#row309.market_price,contactcars,4,egypt,Nissan,Qashqai,N-connecta Plus,2027,nissan/qashqai,connecta plus,HIGH,price_market_egp,"1,800,000",1800000.0,EGP,OK,2026-09-10,,legacy_scrape_2026-09-10,legacy_unknown,LOW,observed,none,not_candidate,"auto headlights, tempered glass, active noise control"
e8daf1d33fbd8ed94cfb,S0_2026-09-10,62e9dcdb7d665088911f,carindex_master.csv#row309.transmission,contactcars,4,egypt,Nissan,Qashqai,N-connecta Plus,2027,nissan/qashqai,connecta plus,HIGH,transmission,CVT,,,OK,2026-09-10,,legacy_scrape_2026-09-10,legacy_unknown,LOW,observed,none,not_candidate,"auto headlights, tempered glass, active noise control"
d0695d2aaa197d813051,S0_2026-09-10,e627a2dd94e4583f155f,carindex_master.csv#row310.official_price,contactcars,4,egypt,Nissan,Qashqai,N-connecta+ 2T,2027,nissan/qashqai,connecta plus 2t,HIGH,price_official_egp,"1,777,000",1777000.0,EGP,OK,2026-09-10,,legacy_scrape_2026-09-10,legacy_unknown,LOW,observed,none,not_candidate,VARIANT_DISCOVERY: this exact trim not present on EgyCar's 5-trim Qashqai lineup
9f6635f561744b481ebf,S0_2026-09-10,e627a2dd94e4583f155f,carindex_master.csv#row310.market_price,contactcars,4,egypt,Nissan,Qashqai,N-connecta+ 2T,2027,nissan/qashqai,connecta plus 2t,HIGH,price_market_egp,"1,780,000",1780000.0,EGP,OK,2026-09-10,,legacy_scrape_2026-09-10,legacy_unknown,LOW,observed,none,not_candidate,VARIANT_DISCOVERY: this exact trim not present on EgyCar's 5-trim Qashqai lineup
83fed520a86113b536a0,S0_2026-09-10,e627a2dd94e4583f155f,carindex_master.csv#row310.horsepower,contactcars,4,egypt,Nissan,Qashqai,N-connecta+ 2T,2027,nissan/qashqai,connecta plus 2t,HIGH,power_hp,148/5000,148.0,hp,OK,2026-09-10,,legacy_scrape_2026-09-10,legacy_unknown,LOW,observed,none,not_candidate,VARIANT_DISCOVERY: this exact trim not present on EgyCar's 5-trim Qashqai lineup
daa681f2254f6a935f30,S0_2026-09-10,e627a2dd94e4583f155f,carindex_master.csv#row310.transmission,contactcars,4,egypt,Nissan,Qashqai,N-connecta+ 2T,2027,nissan/qashqai,connecta plus 2t,HIGH,transmission,CVT,,,OK,2026-09-10,,legacy_scrape_2026-09-10,legacy_unknown,LOW,observed,none,not_candidate,VARIANT_DISCOVERY: this exact trim not present on EgyCar's 5-trim Qashqai lineup
8c51778fd6f7f38d3b0d,S0_2026-09-10,fa6c553ea9500ce8e5b2,carindex_master.csv#row311.official_price,contactcars,4,egypt,Nissan,Qashqai,Tekna 2T,2027,nissan/qashqai,tekna 2t,HIGH,price_official_egp,"1,888,000",1888000.0,EGP,OK,2026-09-10,,legacy_scrape_2026-09-10,legacy_unknown,LOW,observed,none,not_candidate,"power passenger seat, adaptive headlights; PRICE_CONFLICT vs EgyCar TEKNA 1,868,000"
2aaa141beacad5741153,S0_2026-09-10,fa6c553ea9500ce8e5b2,carindex_master.csv#row311.market_price,contactcars,4,egypt,Nissan,Qashqai,Tekna 2T,2027,nissan/qashqai,tekna 2t,HIGH,price_market_egp,"1,888,000",1888000.0,EGP,OK,2026-09-10,,legacy_scrape_2026-09-10,legacy_unknown,LOW,observed,none,not_candidate,"power passenger seat, adaptive headlights; PRICE_CONFLICT vs EgyCar TEKNA 1,868,000"
c6b64e707c4f3713e404,S0_2026-09-10,fa6c553ea9500ce8e5b2,carindex_master.csv#row311.horsepower,contactcars,4,egypt,Nissan,Qashqai,Tekna 2T,2027,nissan/qashqai,tekna 2t,HIGH,power_hp,148/5000,148.0,hp,OK,2026-09-10,,legacy_scrape_2026-09-10,legacy_unknown,LOW,observed,none,not_candidate,"power passenger seat, adaptive headlights; PRICE_CONFLICT vs EgyCar TEKNA 1,868,000"
41048958b35dd52b21c8,S0_2026-09-10,fa6c553ea9500ce8e5b2,carindex_master.csv#row311.transmission,contactcars,4,egypt,Nissan,Qashqai,Tekna 2T,2027,nissan/qashqai,tekna 2t,HIGH,transmission,CVT,,,OK,2026-09-10,,legacy_scrape_2026-09-10,legacy_unknown,LOW,observed,none,not_candidate,"power passenger seat, adaptive headlights; PRICE_CONFLICT vs EgyCar TEKNA 1,868,000"
24bb96522b578ff11d47,S0_2026-09-10,4c1f1ef8d75f1b692bc2,carindex_master.csv#row312.official_price,contactcars,4,egypt,Nissan,Qashqai,N-Design e-PWR,2027,nissan/qashqai,design e pwr,HIGH,price_official_egp,"1,999,000",1999000.0,EGP,OK,2026-09-10,,legacy_scrape_2026-09-10,legacy_unknown,LOW,corroborated,none,not_candidate,"PRICE_CONFLICT vs EgyCar e-Power 2,000,000"
d818f93e498a22d0a2ed,S0_2026-09-10,4c1f1ef8d75f1b692bc2,carindex_master.csv#row312.market_price,contactcars,4,egypt,Nissan,Qashqai,N-Design e-PWR,2027,nissan/qashqai,design e pwr,HIGH,price_market_egp,Unavailable,,EGP,NOT_PUBLISHED,2026-09-10,,legacy_scrape_2026-09-10,legacy_unknown,LOW,observed,none,not_candidate,"PRICE_CONFLICT vs EgyCar e-Power 2,000,000"
0155dfe79ed63872e777,S0_2026-09-10,4c1f1ef8d75f1b692bc2,carindex_master.csv#row312.transmission,contactcars,4,egypt,Nissan,Qashqai,N-Design e-PWR,2027,nissan/qashqai,design e pwr,HIGH,transmission,CVT,,,OK,2026-09-10,,legacy_scrape_2026-09-10,legacy_unknown,LOW,observed,none,not_candidate,"PRICE_CONFLICT vs EgyCar e-Power 2,000,000"
4b638015292d51932394,S0_2026-09-10,5e37100373e17bdcff48,carindex_master.csv#row313.official_price,contactcars,4,egypt,Nissan,Qashqai,Tekna Plus 4WD,2027,nissan/qashqai,tekna plus 4wd,HIGH,price_official_egp,"2,068,000",2068000.0,EGP,OK,2026-09-10,,legacy_scrape_2026-09-10,legacy_unknown,LOW,corroborated,none,not_candidate,"shift-by-wire; PRICE_CONFLICT vs EgyCar TEKNA+4WD 2,048,000"
6e15fc07daa3af1f0412,S0_2026-09-10,5e37100373e17bdcff48,carindex_master.csv#row313.market_price,contactcars,4,egypt,Nissan,Qashqai,Tekna Plus 4WD,2027,nissan/qashqai,tekna plus 4wd,HIGH,price_market_egp,Unavailable,,EGP,NOT_PUBLISHED,2026-09-10,,legacy_scrape_2026-09-10,legacy_unknown,LOW,observed,none,not_candidate,"shift-by-wire; PRICE_CONFLICT vs EgyCar TEKNA+4WD 2,048,000"
f7affa4f4f57fdea5cb5,S0_2026-09-10,5e37100373e17bdcff48,carindex_master.csv#row313.transmission,contactcars,4,egypt,Nissan,Qashqai,Tekna Plus 4WD,2027,nissan/qashqai,tekna plus 4wd,HIGH,transmission,CVT,,,OK,2026-09-10,,legacy_scrape_2026-09-10,legacy_unknown,LOW,observed,none,not_candidate,"shift-by-wire; PRICE_CONFLICT vs EgyCar TEKNA+4WD 2,048,000"
2055d5b99d0e920698d5,S0_2026-09-10,8664bdcd13b851b8879e,carindex_master.csv#row314.official_price,contactcars,4,egypt,Nissan,X-Trail,Acenta Plus,2026,nissan/x-trail,acenta plus,HIGH,price_official_egp,"2,199,990",2199990.0,EGP,OK,2026-09-10,,legacy_scrape_2026-09-10,legacy_unknown,LOW,observed,none,not_candidate,"PRICE_CONFLICT: EgyCar shows this trim at 2,000,000 (~200k EGP lower)"
accc865164a617fcf790,S0_2026-09-10,8664bdcd13b851b8879e,carindex_master.csv#row314.market_price,contactcars,4,egypt,Nissan,X-Trail,Acenta Plus,2026,nissan/x-trail,acenta plus,HIGH,price_market_egp,"2,200,000",2200000.0,EGP,OK,2026-09-10,,legacy_scrape_2026-09-10,legacy_unknown,LOW,observed,none,not_candidate,"PRICE_CONFLICT: EgyCar shows this trim at 2,000,000 (~200k EGP lower)"
f9e5e086f2e89156581d,S0_2026-09-10,8664bdcd13b851b8879e,carindex_master.csv#row314.horsepower,contactcars,4,egypt,Nissan,X-Trail,Acenta Plus,2026,nissan/x-trail,acenta plus,HIGH,power_hp,201,201.0,hp,OK,2026-09-10,,legacy_scrape_2026-09-10,legacy_unknown,LOW,observed,none,not_candidate,"PRICE_CONFLICT: EgyCar shows this trim at 2,000,000 (~200k EGP lower)"
91bf3ec539479913b990,S0_2026-09-10,8664bdcd13b851b8879e,carindex_master.csv#row314.transmission,contactcars,4,egypt,Nissan,X-Trail,Acenta Plus,2026,nissan/x-trail,acenta plus,HIGH,transmission,Automatic,,,OK,2026-09-10,,legacy_scrape_2026-09-10,legacy_unknown,LOW,observed,none,not_candidate,"PRICE_CONFLICT: EgyCar shows this trim at 2,000,000 (~200k EGP lower)"
180a1163e715dea08a3d,S0_2026-09-10,adf3b03312382401c644,carindex_master.csv#row315.official_price,contactcars,4,egypt,Nissan,X-Trail,N-Trek,2026,nissan/x-trail,trek,HIGH,price_official_egp,"2,279,990",2279990.0,EGP,OK,2026-09-10,,legacy_scrape_2026-09-10,legacy_unknown,LOW,observed,none,not_candidate,"PRICE_CONFLICT: EgyCar shows this trim at 2,080,000 (~200k EGP lower)"
31c8e58e95a2a1022162,S0_2026-09-10,adf3b03312382401c644,carindex_master.csv#row315.market_price,contactcars,4,egypt,Nissan,X-Trail,N-Trek,2026,nissan/x-trail,trek,HIGH,price_market_egp,Unavailable,,EGP,NOT_PUBLISHED,2026-09-10,,legacy_scrape_2026-09-10,legacy_unknown,LOW,observed,none,not_candidate,"PRICE_CONFLICT: EgyCar shows this trim at 2,080,000 (~200k EGP lower)"
f2653499d9f9f25c2aa1,S0_2026-09-10,adf3b03312382401c644,carindex_master.csv#row315.horsepower,contactcars,4,egypt,Nissan,X-Trail,N-Trek,2026,nissan/x-trail,trek,HIGH,power_hp,201,201.0,hp,OK,2026-09-10,,legacy_scrape_2026-09-10,legacy_unknown,LOW,observed,none,not_candidate,"PRICE_CONFLICT: EgyCar shows this trim at 2,080,000 (~200k EGP lower)"
2696c652dd90b17178ad,S0_2026-09-10,adf3b03312382401c644,carindex_master.csv#row315.transmission,contactcars,4,egypt,Nissan,X-Trail,N-Trek,2026,nissan/x-trail,trek,HIGH,transmission,Automatic,,,OK,2026-09-10,,legacy_scrape_2026-09-10,legacy_unknown,LOW,observed,none,not_candidate,"PRICE_CONFLICT: EgyCar shows this trim at 2,080,000 (~200k EGP lower)"
dd7469792d0be1ba16ff,S0_2026-09-10,359841597b03455355fb,carindex_master.csv#row316.official_price,contactcars,4,egypt,Nissan,X-Trail,Tekna,2026,nissan/x-trail,tekna,HIGH,price_official_egp,"2,300,000",2300000.0,EGP,OK,2026-09-10,,legacy_scrape_2026-09-10,legacy_unknown,LOW,observed,open,not_candidate,"heated steering wheel, fabric seats; EgyCar calls this trim 'Tekna e-4ORCE' (hybrid AWD variant) at same price"
56e6c328454639c1eced,S0_2026-09-10,359841597b03455355fb,carindex_master.csv#row316.market_price,contactcars,4,egypt,Nissan,X-Trail,Tekna,2026,nissan/x-trail,tekna,HIGH,price_market_egp,Unavailable,,EGP,NOT_PUBLISHED,2026-09-10,,legacy_scrape_2026-09-10,legacy_unknown,LOW,observed,none,not_candidate,"heated steering wheel, fabric seats; EgyCar calls this trim 'Tekna e-4ORCE' (hybrid AWD variant) at same price"
517ce4e3408ceed816ab,S0_2026-09-10,359841597b03455355fb,carindex_master.csv#row316.transmission,contactcars,4,egypt,Nissan,X-Trail,Tekna,2026,nissan/x-trail,tekna,HIGH,transmission,Automatic,,,OK,2026-09-10,,legacy_scrape_2026-09-10,legacy_unknown,LOW,observed,none,not_candidate,"heated steering wheel, fabric seats; EgyCar calls this trim 'Tekna e-4ORCE' (hybrid AWD variant) at same price"
91fede02b7fb6134d40e,S0_2026-09-10,875b44e571f1877e35af,carindex_master.csv#row317.official_price,contactcars,4,egypt,Nissan,Patrol,XE,2026,nissan/patrol,xe,HIGH,price_official_egp,"8,990,000",8990000.0,EGP,OK,2026-09-10,,legacy_scrape_2026-09-10,legacy_unknown,LOW,corroborated,none,not_candidate,"18in machine cut alloy, 12.3in display"
c6a42e775da5dd1e71f3,S0_2026-09-10,875b44e571f1877e35af,carindex_master.csv#row317.market_price,contactcars,4,egypt,Nissan,Patrol,XE,2026,nissan/patrol,xe,HIGH,price_market_egp,Unavailable,,EGP,NOT_PUBLISHED,2026-09-10,,legacy_scrape_2026-09-10,legacy_unknown,LOW,observed,none,not_candidate,"18in machine cut alloy, 12.3in display"
d92e2083f81d19b4ffc7,S0_2026-09-10,875b44e571f1877e35af,carindex_master.csv#row317.horsepower,contactcars,4,egypt,Nissan,Patrol,XE,2026,nissan/patrol,xe,HIGH,power_hp,316,316.0,hp,OK,2026-09-10,,legacy_scrape_2026-09-10,legacy_unknown,LOW,observed,none,not_candidate,"18in machine cut alloy, 12.3in display"
67799187d5a3c4f90dc3,S0_2026-09-10,875b44e571f1877e35af,carindex_master.csv#row317.transmission,contactcars,4,egypt,Nissan,Patrol,XE,2026,nissan/patrol,xe,HIGH,transmission,Automatic,,,OK,2026-09-10,,legacy_scrape_2026-09-10,legacy_unknown,LOW,observed,none,not_candidate,"18in machine cut alloy, 12.3in display"
c747e0c8a2336f315ccc,S0_2026-09-10,8be8280646037196ccee,carindex_master.csv#row318.official_price,contactcars,4,egypt,Nissan,Patrol,SE,2026,nissan/patrol,se,HIGH,price_official_egp,"9,600,000",9600000.0,EGP,OK,2026-09-10,,legacy_scrape_2026-09-10,legacy_unknown,LOW,observed,none,not_candidate,"leather, roof rack, digital center mirror"
491cde5d4aa84860136c,S0_2026-09-10,8be8280646037196ccee,carindex_master.csv#row318.market_price,contactcars,4,egypt,Nissan,Patrol,SE,2026,nissan/patrol,se,HIGH,price_market_egp,Unavailable,,EGP,NOT_PUBLISHED,2026-09-10,,legacy_scrape_2026-09-10,legacy_unknown,LOW,observed,none,not_candidate,"leather, roof rack, digital center mirror"
30f0f11fad9b9d2c4a66,S0_2026-09-10,8be8280646037196ccee,carindex_master.csv#row318.horsepower,contactcars,4,egypt,Nissan,Patrol,SE,2026,nissan/patrol,se,HIGH,power_hp,316,316.0,hp,OK,2026-09-10,,legacy_scrape_2026-09-10,legacy_unknown,LOW,observed,none,not_candidate,"leather, roof rack, digital center mirror"
ea2736a8461154ee5e06,S0_2026-09-10,8be8280646037196ccee,carindex_master.csv#row318.transmission,contactcars,4,egypt,Nissan,Patrol,SE,2026,nissan/patrol,se,HIGH,transmission,Automatic,,,OK,2026-09-10,,legacy_scrape_2026-09-10,legacy_unknown,LOW,observed,none,not_candidate,"leather, roof rack, digital center mirror"
020c016081a27aea8d02,S0_2026-09-10,90f0aa62fec79e7199a1,carindex_master.csv#row319.official_price,contactcars,4,egypt,Nissan,Patrol,SE Titanium,2026,nissan/patrol,se titanium,HIGH,price_official_egp,"10,750,000",10750000.0,EGP,OK,2026-09-10,,legacy_scrape_2026-09-10,legacy_unknown,LOW,corroborated,none,not_candidate,"panoramic roof, leather, auto high/low beam"
672656e98575b933c71a,S0_2026-09-10,90f0aa62fec79e7199a1,carindex_master.csv#row319.market_price,contactcars,4,egypt,Nissan,Patrol,SE Titanium,2026,nissan/patrol,se titanium,HIGH,price_market_egp,Unavailable,,EGP,NOT_PUBLISHED,2026-09-10,,legacy_scrape_2026-09-10,legacy_unknown,LOW,observed,none,not_candidate,"panoramic roof, leather, auto high/low beam"
7437c63e0bfdadafc23f,S0_2026-09-10,90f0aa62fec79e7199a1,carindex_master.csv#row319.transmission,contactcars,4,egypt,Nissan,Patrol,SE Titanium,2026,nissan/patrol,se titanium,HIGH,transmission,Automatic,,,OK,2026-09-10,,legacy_scrape_2026-09-10,legacy_unknown,LOW,observed,none,not_candidate,"panoramic roof, leather, auto high/low beam"
3b285bdbf6569a5d817b,S0_2026-09-10,7abc97cf0823847f4502,carindex_master.csv#row320.official_price,contactcars,4,egypt,Nissan,Patrol,LE1,2026,nissan/patrol,le 1,HIGH,price_official_egp,"11,050,000",11050000.0,EGP,OK,2026-09-10,,legacy_scrape_2026-09-10,legacy_unknown,LOW,corroborated,none,not_candidate,
b86d1d7bd22557ac5b75,S0_2026-09-10,7abc97cf0823847f4502,carindex_master.csv#row320.market_price,contactcars,4,egypt,Nissan,Patrol,LE1,2026,nissan/patrol,le 1,HIGH,price_market_egp,Unavailable,,EGP,NOT_PUBLISHED,2026-09-10,,legacy_scrape_2026-09-10,legacy_unknown,LOW,observed,none,not_candidate,
27dcb961896dd5727199,S0_2026-09-10,7abc97cf0823847f4502,carindex_master.csv#row320.horsepower,contactcars,4,egypt,Nissan,Patrol,LE1,2026,nissan/patrol,le 1,HIGH,power_hp,425/5600,425.0,hp,OK,2026-09-10,,legacy_scrape_2026-09-10,legacy_unknown,LOW,observed,none,not_candidate,
2d1b156dd1e20daf24a8,S0_2026-09-10,7abc97cf0823847f4502,carindex_master.csv#row320.transmission,contactcars,4,egypt,Nissan,Patrol,LE1,2026,nissan/patrol,le 1,HIGH,transmission,Automatic,,,OK,2026-09-10,,legacy_scrape_2026-09-10,legacy_unknown,LOW,observed,none,not_candidate,
bba28ac5e0138e5f8dca,S0_2026-09-10,5abd80f02b47f34836a1,carindex_master.csv#row321.official_price,contactcars,4,egypt,Nissan,Patrol,SE Platinum City,2026,nissan/patrol,se platinum city,HIGH,price_official_egp,"11,750,000",11750000.0,EGP,OK,2026-09-10,,legacy_scrape_2026-09-10,legacy_unknown,LOW,corroborated,none,not_candidate,"panoramic roof, massage seats, leather"
eb8fd6cd1089ff1126af,S0_2026-09-10,5abd80f02b47f34836a1,carindex_master.csv#row321.market_price,contactcars,4,egypt,Nissan,Patrol,SE Platinum City,2026,nissan/patrol,se platinum city,HIGH,price_market_egp,Unavailable,,EGP,NOT_PUBLISHED,2026-09-10,,legacy_scrape_2026-09-10,legacy_unknown,LOW,observed,none,not_candidate,"panoramic roof, massage seats, leather"
b672b280b3c039423fce,S0_2026-09-10,5abd80f02b47f34836a1,carindex_master.csv#row321.transmission,contactcars,4,egypt,Nissan,Patrol,SE Platinum City,2026,nissan/patrol,se platinum city,HIGH,transmission,Automatic,,,OK,2026-09-10,,legacy_scrape_2026-09-10,legacy_unknown,LOW,observed,none,not_candidate,"panoramic roof, massage seats, leather"
34bcd88d1faa17269f38,S0_2026-09-10,e07fa34a4693289df62d,carindex_master.csv#row322.official_price,contactcars,4,egypt,Nissan,Patrol,LE2,2026,nissan/patrol,le 2,HIGH,price_official_egp,"11,900,000",11900000.0,EGP,OK,2026-09-10,,legacy_scrape_2026-09-10,legacy_unknown,LOW,corroborated,none,not_candidate,"panoramic roof, leather, digital center mirror"
4f484f9fcaed1c497350,S0_2026-09-10,e07fa34a4693289df62d,carindex_master.csv#row322.market_price,contactcars,4,egypt,Nissan,Patrol,LE2,2026,nissan/patrol,le 2,HIGH,price_market_egp,Unavailable,,EGP,NOT_PUBLISHED,2026-09-10,,legacy_scrape_2026-09-10,legacy_unknown,LOW,observed,none,not_candidate,"panoramic roof, leather, digital center mirror"
8eb009487306b930a5d1,S0_2026-09-10,e07fa34a4693289df62d,carindex_master.csv#row322.transmission,contactcars,4,egypt,Nissan,Patrol,LE2,2026,nissan/patrol,le 2,HIGH,transmission,Automatic,,,OK,2026-09-10,,legacy_scrape_2026-09-10,legacy_unknown,LOW,observed,none,not_candidate,"panoramic roof, leather, digital center mirror"
0a365395eb7c84c30597,S0_2026-09-10,46bfd67b1dad37796840,carindex_master.csv#row323.official_price,contactcars,4,egypt,Nissan,Patrol,LE Titanium,2026,nissan/patrol,le titanium,HIGH,price_official_egp,"13,000,000",13000000.0,EGP,OK,2026-09-10,,legacy_scrape_2026-09-10,legacy_unknown,LOW,corroborated,none,not_candidate,"panoramic roof, leather, auto high/low beam"
03ab9036e12ee990e5e2,S0_2026-09-10,46bfd67b1dad37796840,carindex_master.csv#row323.market_price,contactcars,4,egypt,Nissan,Patrol,LE Titanium,2026,nissan/patrol,le titanium,HIGH,price_market_egp,Unavailable,,EGP,NOT_PUBLISHED,2026-09-10,,legacy_scrape_2026-09-10,legacy_unknown,LOW,observed,none,not_candidate,"panoramic roof, leather, auto high/low beam"
9932763ecad40176a717,S0_2026-09-10,46bfd67b1dad37796840,carindex_master.csv#row323.transmission,contactcars,4,egypt,Nissan,Patrol,LE Titanium,2026,nissan/patrol,le titanium,HIGH,transmission,Automatic,,,OK,2026-09-10,,legacy_scrape_2026-09-10,legacy_unknown,LOW,observed,none,not_candidate,"panoramic roof, leather, auto high/low beam"
36a35e090dd8a9155dac,S0_2026-09-10,49b5d018326ecc54e7cf,carindex_master.csv#row324.official_price,contactcars,4,egypt,Nissan,Patrol,LE Platinum City,2026,nissan/patrol,le platinum city,HIGH,price_official_egp,"14,000,000",14000000.0,EGP,OK,2026-09-10,,legacy_scrape_2026-09-10,legacy_unknown,LOW,corroborated,none,not_candidate,MODEL_YEAR_CONFLICT: Hatla2ee lists an identical-priced/identical-count (8-class) Patrol lineup but labels it 2025
cdef66668bd306789192,S0_2026-09-10,49b5d018326ecc54e7cf,carindex_master.csv#row324.market_price,contactcars,4,egypt,Nissan,Patrol,LE Platinum City,2026,nissan/patrol,le platinum city,HIGH,price_market_egp,"14,000,000",14000000.0,EGP,OK,2026-09-10,,legacy_scrape_2026-09-10,legacy_unknown,LOW,observed,none,not_candidate,MODEL_YEAR_CONFLICT: Hatla2ee lists an identical-priced/identical-count (8-class) Patrol lineup but labels it 2025
ad4cf2791890f1722af9,S0_2026-09-10,49b5d018326ecc54e7cf,carindex_master.csv#row324.transmission,contactcars,4,egypt,Nissan,Patrol,LE Platinum City,2026,nissan/patrol,le platinum city,HIGH,transmission,Automatic,,,OK,2026-09-10,,legacy_scrape_2026-09-10,legacy_unknown,LOW,observed,none,not_candidate,MODEL_YEAR_CONFLICT: Hatla2ee lists an identical-priced/identical-count (8-class) Patrol lineup but labels it 2025
4204b6dd930344c2d8dd,S0_2026-09-10,5dd600ffab01f71dc6d4,carindex_master.csv#row325.market_price,contactcars,4,egypt,Nissan,N7,FWD,2025,,,NONE,price_market_egp,"1,400,000",1400000.0,EGP,OK,2026-09-10,,legacy_scrape_2026-09-10,legacy_unknown,LOW,observed,none,not_candidate,Official price unavailable on ContactCars; market/classified price only
7457430195fdeaad86aa,S0_2026-09-10,5dd600ffab01f71dc6d4,carindex_master.csv#row325.transmission,contactcars,4,egypt,Nissan,N7,FWD,2025,,,NONE,transmission,Automatic,,,OK,2026-09-10,,legacy_scrape_2026-09-10,legacy_unknown,LOW,observed,none,not_candidate,Official price unavailable on ContactCars; market/classified price only
410acb712c99656f41e3,S0_2026-09-10,0ed45230d5050e991582,carindex_master.csv#row326.market_price,contactcars_classified,4,egypt,Nissan,Armada,Unspecified trim,2026,,unspecified trim,NONE,price_market_egp,"8,900,000",8900000.0,EGP,OK,2026-09-10,,legacy_scrape_2026-09-10,legacy_unknown,LOW,observed,none,not_candidate,"No official-importer year-trims page found; classified listing only, Imported Specs"
440d3afdc681ebf53a87,S0_2026-09-10,0ed45230d5050e991582,carindex_master.csv#row326.transmission,contactcars_classified,4,egypt,Nissan,Armada,Unspecified trim,2026,,unspecified trim,NONE,transmission,Automatic,,,OK,2026-09-10,,legacy_scrape_2026-09-10,legacy_unknown,LOW,observed,none,not_candidate,"No official-importer year-trims page found; classified listing only, Imported Specs"
e80774bc2f2ebfa8097a,S0_2026-09-10,2a8613183b58fd2074ef,carindex_master.csv#row327.official_price,egycar,4,egypt,Nissan,Sunny,Baseline AT,2027,nissan/sunny,base,HIGH,price_official_egp,"765,000",765000.0,EGP,OK,2026-09-10,2026-04-10,legacy_scrape_2026-09-10,legacy_unknown,LOW,corroborated,none,not_candidate,"CONFIRMED MATCH with ContactCars A/T Base 765,000"
97edaf3887712d4bdd15,S0_2026-09-10,2a8613183b58fd2074ef,carindex_master.csv#row327.horsepower,egycar,4,egypt,Nissan,Sunny,Baseline AT,2027,nissan/sunny,base,HIGH,power_hp,108,108.0,hp,OK,2026-09-10,2026-04-10,legacy_scrape_2026-09-10,legacy_unknown,LOW,observed,none,not_candidate,"CONFIRMED MATCH with ContactCars A/T Base 765,000"
e0ae747541ed7ff6692f,S0_2026-09-10,2a8613183b58fd2074ef,carindex_master.csv#row327.engine_capacity,egycar,4,egypt,Nissan,Sunny,Baseline AT,2027,nissan/sunny,base,HIGH,engine_cc,1500cc,1500.0,cc,OK,2026-09-10,2026-04-10,legacy_scrape_2026-09-10,legacy_unknown,LOW,observed,none,not_candidate,"CONFIRMED MATCH with ContactCars A/T Base 765,000"
73a32a0055b25e494965,S0_2026-09-10,2a8613183b58fd2074ef,carindex_master.csv#row327.torque,egycar,4,egypt,Nissan,Sunny,Baseline AT,2027,nissan/sunny,base,HIGH,torque_nm,134,134.0,Nm,OK,2026-09-10,2026-04-10,legacy_scrape_2026-09-10,legacy_unknown,LOW,observed,none,not_candidate,"CONFIRMED MATCH with ContactCars A/T Base 765,000"
296089c215dbaae4e612,S0_2026-09-10,2a8613183b58fd2074ef,carindex_master.csv#row327.transmission,egycar,4,egypt,Nissan,Sunny,Baseline AT,2027,nissan/sunny,base,HIGH,transmission,Manual/Automatic,,,OK,2026-09-10,2026-04-10,legacy_scrape_2026-09-10,legacy_unknown,LOW,observed,none,not_candidate,"CONFIRMED MATCH with ContactCars A/T Base 765,000"
fed3ba29b1fcec3a6d99,S0_2026-09-10,dbfdbf226a7329408b4c,carindex_master.csv#row328.official_price,egycar,4,egypt,Nissan,Sunny,Midline,2027,nissan/sunny,mid,HIGH,price_official_egp,"800,000",800000.0,EGP,OK,2026-09-10,2026-04-10,legacy_scrape_2026-09-10,legacy_unknown,LOW,observed,open,not_candidate,"minor PRICE_CONFLICT vs ContactCars AT Mid 799,999 (1 EGP, rounding)"
47c51cf8aeed1cd44b11,S0_2026-09-10,b870482b96cec06b0969,carindex_master.csv#row329.official_price,egycar,4,egypt,Nissan,Sunny,Super Saloon,2027,nissan/sunny,super,HIGH,price_official_egp,"835,000",835000.0,EGP,OK,2026-09-10,2026-04-10,legacy_scrape_2026-09-10,legacy_unknown,LOW,corroborated,none,not_candidate,CONFIRMED MATCH with ContactCars AT Super salon
1fa9616c7ecfd475ced4,S0_2026-09-10,69c6e7dcb9eff5f82ff9,carindex_master.csv#row330.official_price,egycar,4,egypt,Nissan,Magnite,Visia,2027,nissan/magnite,visia,HIGH,price_official_egp,"788,000",788000.0,EGP,OK,2026-09-10,2026-07-26,legacy_scrape_2026-09-10,legacy_unknown,LOW,corroborated,none,not_candidate,CONFIRMED EXACT MATCH with ContactCars on all 4 trims
9a64e32327075017ae41,S0_2026-09-10,69c6e7dcb9eff5f82ff9,carindex_master.csv#row330.horsepower,egycar,4,egypt,Nissan,Magnite,Visia,2027,nissan/magnite,visia,HIGH,power_hp,100,100.0,hp,OK,2026-09-10,2026-07-26,legacy_scrape_2026-09-10,legacy_unknown,LOW,observed,none,not_candidate,CONFIRMED EXACT MATCH with ContactCars on all 4 trims
2a1d5c31c679115c6f26,S0_2026-09-10,69c6e7dcb9eff5f82ff9,carindex_master.csv#row330.engine_capacity,egycar,4,egypt,Nissan,Magnite,Visia,2027,nissan/magnite,visia,HIGH,engine_cc,1000cc turbo,1000.0,cc,OK,2026-09-10,2026-07-26,legacy_scrape_2026-09-10,legacy_unknown,LOW,observed,none,not_candidate,CONFIRMED EXACT MATCH with ContactCars on all 4 trims
ae1fa7bd191bd6c77537,S0_2026-09-10,69c6e7dcb9eff5f82ff9,carindex_master.csv#row330.torque,egycar,4,egypt,Nissan,Magnite,Visia,2027,nissan/magnite,visia,HIGH,torque_nm,152,152.0,Nm,OK,2026-09-10,2026-07-26,legacy_scrape_2026-09-10,legacy_unknown,LOW,observed,none,not_candidate,CONFIRMED EXACT MATCH with ContactCars on all 4 trims
fa39c28c034625f40812,S0_2026-09-10,69c6e7dcb9eff5f82ff9,carindex_master.csv#row330.transmission,egycar,4,egypt,Nissan,Magnite,Visia,2027,nissan/magnite,visia,HIGH,transmission,CVT,,,OK,2026-09-10,2026-07-26,legacy_scrape_2026-09-10,legacy_unknown,LOW,observed,none,not_candidate,CONFIRMED EXACT MATCH with ContactCars on all 4 trims
21d02c5c832b2c01abd3,S0_2026-09-10,39bc44112dbc32b3921a,carindex_master.csv#row331.official_price,egycar,4,egypt,Nissan,Magnite,Acenta,2027,nissan/magnite,acenta,HIGH,price_official_egp,"848,000",848000.0,EGP,OK,2026-09-10,2026-07-26,legacy_scrape_2026-09-10,legacy_unknown,LOW,corroborated,none,not_candidate,
345293adf9491f94e202,S0_2026-09-10,ded04370a00cda0ecb2d,carindex_master.csv#row332.official_price,egycar,4,egypt,Nissan,Magnite,Tekna,2027,nissan/magnite,tekna,HIGH,price_official_egp,"868,000",868000.0,EGP,OK,2026-09-10,2026-07-26,legacy_scrape_2026-09-10,legacy_unknown,LOW,observed,none,not_candidate,
236fbae027d5cee2868f,S0_2026-09-10,bfbccf41db58e34d796d,carindex_master.csv#row333.official_price,egycar,4,egypt,Nissan,Magnite,Tekna+,2027,nissan/magnite,tekna plus,HIGH,price_official_egp,"888,000",888000.0,EGP,OK,2026-09-10,2026-07-26,legacy_scrape_2026-09-10,legacy_unknown,LOW,observed,open,not_candidate,
717913b21b5318e5739e,S0_2026-09-10,457c93670a0d2a5cb293,carindex_master.csv#row334.official_price,egycar,4,egypt,Nissan,Juke,Acenta,2026,nissan/juke,acenta,HIGH,price_official_egp,"1,075,000",1075000.0,EGP,OK,2026-09-10,2025-10-02,legacy_scrape_2026-09-10,legacy_unknown,LOW,observed,none,not_candidate,"MODEL_YEAR_CONFLICT + NAMING_DIFFERENCE + PRICE_CONFLICT: entirely different 4-trim lineup vs ContactCars Juke 2026 (1 trim, 1,245,000) and Juke 2027 (3 trims, 1,159,999-1,299,999). Page dated Oct 2025, likely stale/superseded but preserved as collected."
199ba93bf40c6c7df2da,S0_2026-09-10,457c93670a0d2a5cb293,carindex_master.csv#row334.horsepower,egycar,4,egypt,Nissan,Juke,Acenta,2026,nissan/juke,acenta,HIGH,power_hp,115,115.0,hp,OK,2026-09-10,2025-10-02,legacy_scrape_2026-09-10,legacy_unknown,LOW,observed,none,not_candidate,"MODEL_YEAR_CONFLICT + NAMING_DIFFERENCE + PRICE_CONFLICT: entirely different 4-trim lineup vs ContactCars Juke 2026 (1 trim, 1,245,000) and Juke 2027 (3 trims, 1,159,999-1,299,999). Page dated Oct 2025, likely stale/superseded but preserved as collected."
d886c4cf0a814f80a80d,S0_2026-09-10,457c93670a0d2a5cb293,carindex_master.csv#row334.engine_capacity,egycar,4,egypt,Nissan,Juke,Acenta,2026,nissan/juke,acenta,HIGH,engine_cc,1000cc turbo,1000.0,cc,OK,2026-09-10,2025-10-02,legacy_scrape_2026-09-10,legacy_unknown,LOW,observed,none,not_candidate,"MODEL_YEAR_CONFLICT + NAMING_DIFFERENCE + PRICE_CONFLICT: entirely different 4-trim lineup vs ContactCars Juke 2026 (1 trim, 1,245,000) and Juke 2027 (3 trims, 1,159,999-1,299,999). Page dated Oct 2025, likely stale/superseded but preserved as collected."
4a36956b97bb2fa3310a,S0_2026-09-10,457c93670a0d2a5cb293,carindex_master.csv#row334.torque,egycar,4,egypt,Nissan,Juke,Acenta,2026,nissan/juke,acenta,HIGH,torque_nm,200,200.0,Nm,OK,2026-09-10,2025-10-02,legacy_scrape_2026-09-10,legacy_unknown,LOW,observed,none,not_candidate,"MODEL_YEAR_CONFLICT + NAMING_DIFFERENCE + PRICE_CONFLICT: entirely different 4-trim lineup vs ContactCars Juke 2026 (1 trim, 1,245,000) and Juke 2027 (3 trims, 1,159,999-1,299,999). Page dated Oct 2025, likely stale/superseded but preserved as collected."
6a4f3c01c0d8daac7804,S0_2026-09-10,457c93670a0d2a5cb293,carindex_master.csv#row334.transmission,egycar,4,egypt,Nissan,Juke,Acenta,2026,nissan/juke,acenta,HIGH,transmission,Dual Clutch,,,OK,2026-09-10,2025-10-02,legacy_scrape_2026-09-10,legacy_unknown,LOW,observed,none,not_candidate,"MODEL_YEAR_CONFLICT + NAMING_DIFFERENCE + PRICE_CONFLICT: entirely different 4-trim lineup vs ContactCars Juke 2026 (1 trim, 1,245,000) and Juke 2027 (3 trims, 1,159,999-1,299,999). Page dated Oct 2025, likely stale/superseded but preserved as collected."
508c6f6020a0d550f70b,S0_2026-09-10,5e187af70deb6c86621b,carindex_master.csv#row335.official_price,egycar,4,egypt,Nissan,Juke,Tekna,2026,nissan/juke,tekna,HIGH,price_official_egp,"1,175,000",1175000.0,EGP,OK,2026-09-10,2025-10-02,legacy_scrape_2026-09-10,legacy_unknown,LOW,observed,none,not_candidate,
26b8585902e13191a85a,S0_2026-09-10,24e3e1b762d55657e872,carindex_master.csv#row336.official_price,egycar,4,egypt,Nissan,Juke,N-Sport,2026,nissan/juke,sport,HIGH,price_official_egp,"1,225,000",1225000.0,EGP,OK,2026-09-10,2025-10-02,legacy_scrape_2026-09-10,legacy_unknown,LOW,observed,none,not_candidate,
9bccaabd75f31b1e60ef,S0_2026-09-10,f4e3f7c06e526ce2b8ed,carindex_master.csv#row337.official_price,egycar,4,egypt,Nissan,Juke,N-Design,2026,nissan/juke,design,HIGH,price_official_egp,"1,225,000",1225000.0,EGP,OK,2026-09-10,2025-10-02,legacy_scrape_2026-09-10,legacy_unknown,LOW,observed,none,not_candidate,
da0e6c548014e01541b2,S0_2026-09-10,0e36c103ab26f146b83f,carindex_master.csv#row338.official_price,egycar,4,egypt,Nissan,X-Trail,Acenta Plus,2026,nissan/x-trail,acenta plus,HIGH,price_official_egp,"2,000,000",2000000.0,EGP,OK,2026-09-10,2025-10-02,legacy_scrape_2026-09-10,legacy_unknown,LOW,observed,none,not_candidate,"PRICE_CONFLICT: ~200k EGP lower than ContactCars 2,199,990. Page dated Oct 2025 (stale)."
ddf20e4ff70005efc4e6,S0_2026-09-10,0e36c103ab26f146b83f,carindex_master.csv#row338.horsepower,egycar,4,egypt,Nissan,X-Trail,Acenta Plus,2026,nissan/x-trail,acenta plus,HIGH,power_hp,201/211,201.0,hp,OK,2026-09-10,2025-10-02,legacy_scrape_2026-09-10,legacy_unknown,LOW,observed,none,not_candidate,"PRICE_CONFLICT: ~200k EGP lower than ContactCars 2,199,990. Page dated Oct 2025 (stale)."
94377b04ac0a44670903,S0_2026-09-10,0e36c103ab26f146b83f,carindex_master.csv#row338.engine_capacity,egycar,4,egypt,Nissan,X-Trail,Acenta Plus,2026,nissan/x-trail,acenta plus,HIGH,engine_cc,1.5L turbo + electric motor,1.5,cc,OK,2026-09-10,2025-10-02,legacy_scrape_2026-09-10,legacy_unknown,LOW,observed,none,not_candidate,"PRICE_CONFLICT: ~200k EGP lower than ContactCars 2,199,990. Page dated Oct 2025 (stale)."
04071084c08ea750d2a6,S0_2026-09-10,0e36c103ab26f146b83f,carindex_master.csv#row338.torque,egycar,4,egypt,Nissan,X-Trail,Acenta Plus,2026,nissan/x-trail,acenta plus,HIGH,torque_nm,330/525,330.0,Nm,OK,2026-09-10,2025-10-02,legacy_scrape_2026-09-10,legacy_unknown,LOW,observed,none,not_candidate,"PRICE_CONFLICT: ~200k EGP lower than ContactCars 2,199,990. Page dated Oct 2025 (stale)."
d5f69d84d221b51a82d3,S0_2026-09-10,0e36c103ab26f146b83f,carindex_master.csv#row338.transmission,egycar,4,egypt,Nissan,X-Trail,Acenta Plus,2026,nissan/x-trail,acenta plus,HIGH,transmission,Automatic,,,OK,2026-09-10,2025-10-02,legacy_scrape_2026-09-10,legacy_unknown,LOW,observed,none,not_candidate,"PRICE_CONFLICT: ~200k EGP lower than ContactCars 2,199,990. Page dated Oct 2025 (stale)."
9439b47f32f8cd717293,S0_2026-09-10,77472220832f7070177f,carindex_master.csv#row339.official_price,egycar,4,egypt,Nissan,X-Trail,N-Trek,2026,nissan/x-trail,trek,HIGH,price_official_egp,"2,080,000",2080000.0,EGP,OK,2026-09-10,2025-10-02,legacy_scrape_2026-09-10,legacy_unknown,LOW,observed,none,not_candidate,"PRICE_CONFLICT vs ContactCars 2,279,990"
eb6d1db810bec78c5645,S0_2026-09-10,977e5eb381fc31793e0e,carindex_master.csv#row340.official_price,egycar,4,egypt,Nissan,X-Trail,Tekna e-4ORCE,2026,nissan/x-trail,tekna 4wd,HIGH,price_official_egp,"2,300,000",2300000.0,EGP,OK,2026-09-10,2025-10-02,legacy_scrape_2026-09-10,legacy_unknown,LOW,observed,none,not_candidate,"CONFIRMED MATCH with ContactCars Tekna 2,300,000; NAMING_DIFFERENCE (e-4ORCE hybrid AWD variant name)"
f1ee1d319a8a38a49fe2,S0_2026-09-10,13ee3eff26fc69442db7,carindex_master.csv#row341.official_price,egycar,4,egypt,Nissan,Sentra,Full Option,2027,nissan/sentra,full option,HIGH,price_official_egp,"1,050,000",1050000.0,EGP,OK,2026-09-10,2026-04-10,legacy_scrape_2026-09-10,legacy_unknown,LOW,observed,none,not_candidate,CONFIRMED MATCH with ContactCars Premium trim (NAMING_DIFFERENCE only)
74fe5eaa5884fb85e845,S0_2026-09-10,13ee3eff26fc69442db7,carindex_master.csv#row341.horsepower,egycar,4,egypt,Nissan,Sentra,Full Option,2027,nissan/sentra,full option,HIGH,power_hp,118,118.0,hp,OK,2026-09-10,2026-04-10,legacy_scrape_2026-09-10,legacy_unknown,LOW,observed,none,not_candidate,CONFIRMED MATCH with ContactCars Premium trim (NAMING_DIFFERENCE only)
7685b4117f5b3425b00a,S0_2026-09-10,13ee3eff26fc69442db7,carindex_master.csv#row341.engine_capacity,egycar,4,egypt,Nissan,Sentra,Full Option,2027,nissan/sentra,full option,HIGH,engine_cc,1600cc,1600.0,cc,OK,2026-09-10,2026-04-10,legacy_scrape_2026-09-10,legacy_unknown,LOW,observed,none,not_candidate,CONFIRMED MATCH with ContactCars Premium trim (NAMING_DIFFERENCE only)
0e9567ff590d3bb10d4b,S0_2026-09-10,13ee3eff26fc69442db7,carindex_master.csv#row341.torque,egycar,4,egypt,Nissan,Sentra,Full Option,2027,nissan/sentra,full option,HIGH,torque_nm,154,154.0,Nm,OK,2026-09-10,2026-04-10,legacy_scrape_2026-09-10,legacy_unknown,LOW,observed,none,not_candidate,CONFIRMED MATCH with ContactCars Premium trim (NAMING_DIFFERENCE only)
89d3b118239b044056a6,S0_2026-09-10,13ee3eff26fc69442db7,carindex_master.csv#row341.transmission,egycar,4,egypt,Nissan,Sentra,Full Option,2027,nissan/sentra,full option,HIGH,transmission,CVT,,,OK,2026-09-10,2026-04-10,legacy_scrape_2026-09-10,legacy_unknown,LOW,observed,none,not_candidate,CONFIRMED MATCH with ContactCars Premium trim (NAMING_DIFFERENCE only)
7d515b6ab6099d784c5f,S0_2026-09-10,71d907345a9fc3185dc9,carindex_master.csv#row342.official_price,egycar,4,egypt,Nissan,Qashqai,N-Connecta,2027,nissan/qashqai,connecta,HIGH,price_official_egp,"1,555,000",1555000.0,EGP,OK,2026-09-10,2026-07-15,legacy_scrape_2026-09-10,legacy_unknown,LOW,corroborated,none,not_candidate,CONFIRMED MATCH with ContactCars N-connecta
0366e09eecbfcc555748,S0_2026-09-10,71d907345a9fc3185dc9,carindex_master.csv#row342.horsepower,egycar,4,egypt,Nissan,Qashqai,N-Connecta,2027,nissan/qashqai,connecta,HIGH,power_hp,148,148.0,hp,OK,2026-09-10,2026-07-15,legacy_scrape_2026-09-10,legacy_unknown,LOW,observed,none,not_candidate,CONFIRMED MATCH with ContactCars N-connecta
90c7c1ad3809ade53174,S0_2026-09-10,71d907345a9fc3185dc9,carindex_master.csv#row342.engine_capacity,egycar,4,egypt,Nissan,Qashqai,N-Connecta,2027,nissan/qashqai,connecta,HIGH,engine_cc,1300cc turbo,1300.0,cc,OK,2026-09-10,2026-07-15,legacy_scrape_2026-09-10,legacy_unknown,LOW,observed,none,not_candidate,CONFIRMED MATCH with ContactCars N-connecta
1506508b156544f8d61e,S0_2026-09-10,71d907345a9fc3185dc9,carindex_master.csv#row342.torque,egycar,4,egypt,Nissan,Qashqai,N-Connecta,2027,nissan/qashqai,connecta,HIGH,torque_nm,250,250.0,Nm,OK,2026-09-10,2026-07-15,legacy_scrape_2026-09-10,legacy_unknown,LOW,observed,none,not_candidate,CONFIRMED MATCH with ContactCars N-connecta
a7f679c8db1a50a1dd25,S0_2026-09-10,71d907345a9fc3185dc9,carindex_master.csv#row342.transmission,egycar,4,egypt,Nissan,Qashqai,N-Connecta,2027,nissan/qashqai,connecta,HIGH,transmission,CVT,,,OK,2026-09-10,2026-07-15,legacy_scrape_2026-09-10,legacy_unknown,LOW,observed,none,not_candidate,CONFIRMED MATCH with ContactCars N-connecta
b5691308711c973f3dbb,S0_2026-09-10,ba3d8e1ae04e0e11b2fc,carindex_master.csv#row343.official_price,egycar,4,egypt,Nissan,Qashqai,N-Connecta+,2027,nissan/qashqai,connecta plus,HIGH,price_official_egp,"1,757,000",1757000.0,EGP,OK,2026-09-10,2026-07-15,legacy_scrape_2026-09-10,legacy_unknown,LOW,observed,open,not_candidate,CONFIRMED MATCH with ContactCars N-connecta Plus
727733eedd7d962bd65b,S0_2026-09-10,7fae61f740a42b8aa064,carindex_master.csv#row344.official_price,egycar,4,egypt,Nissan,Qashqai,TEKNA,2027,nissan/qashqai,tekna,HIGH,price_official_egp,"1,868,000",1868000.0,EGP,OK,2026-09-10,2026-07-15,legacy_scrape_2026-09-10,legacy_unknown,LOW,observed,open,not_candidate,"PRICE_CONFLICT vs ContactCars Tekna 2T 1,888,000"
ac96e32888d348b94a47,S0_2026-09-10,b48e5bbfa3c59aecbbc2,carindex_master.csv#row345.official_price,egycar,4,egypt,Nissan,Qashqai,e-Power,2027,nissan/qashqai,e power,HIGH,price_official_egp,"2,000,000",2000000.0,EGP,OK,2026-09-10,2026-07-15,legacy_scrape_2026-09-10,legacy_unknown,LOW,observed,none,not_candidate,"PRICE_CONFLICT vs ContactCars N-Design e-PWR 1,999,000"
67db346658096215caa1,S0_2026-09-10,13e33d153d63828da758,carindex_master.csv#row346.official_price,egycar,4,egypt,Nissan,Qashqai,TEKNA+ 4WD,2027,nissan/qashqai,tekna plus 4wd,HIGH,price_official_egp,"2,048,000",2048000.0,EGP,OK,2026-09-10,2026-07-15,legacy_scrape_2026-09-10,legacy_unknown,LOW,observed,none,not_candidate,"PRICE_CONFLICT vs ContactCars Tekna Plus 4WD 2,068,000; VARIANT_DISCOVERY: EgyCar has 5 Qashqai trims total vs ContactCars' 6 (missing N-connecta+ 2T)"
765e04c20d2ebb05fda6,S0_2026-09-10,7b3a63e0e8cc1d603da4,carindex_master.csv#row347.official_price,hatla2ee,4,egypt,Nissan,Sunny,Manual/Baseline,2027,nissan/sunny,base,HIGH,price_official_egp,"665,000",665000.0,EGP,OK,2026-09-10,,legacy_scrape_2026-09-10,legacy_unknown,LOW,observed,none,not_candidate,"VARIANT_DISCOVERY: cheapest Sunny trim in entire dataset, not present on ContactCars or EgyCar (both show only 3 trims starting at 765,000)"
0c36aaa67ebe2404c5d0,S0_2026-09-10,7b3a63e0e8cc1d603da4,carindex_master.csv#row347.engine_capacity,hatla2ee,4,egypt,Nissan,Sunny,Manual/Baseline,2027,nissan/sunny,base,HIGH,engine_cc,1500cc,1500.0,cc,OK,2026-09-10,,legacy_scrape_2026-09-10,legacy_unknown,LOW,observed,none,not_candidate,"VARIANT_DISCOVERY: cheapest Sunny trim in entire dataset, not present on ContactCars or EgyCar (both show only 3 trims starting at 765,000)"
c7f4e32aa3547c4ef7d6,S0_2026-09-10,c29bf1bfb6499b30fe0c,carindex_master.csv#row348.official_price,hatla2ee,4,egypt,Nissan,Sunny,A/T/Baseline,2027,nissan/sunny,base,HIGH,price_official_egp,"765,000",765000.0,EGP,OK,2026-09-10,,legacy_scrape_2026-09-10,legacy_unknown,LOW,corroborated,none,not_candidate,CONFIRMED MATCH with ContactCars/EgyCar
954ecfbf110f2d6db029,S0_2026-09-10,c29bf1bfb6499b30fe0c,carindex_master.csv#row348.engine_capacity,hatla2ee,4,egypt,Nissan,Sunny,A/T/Baseline,2027,nissan/sunny,base,HIGH,engine_cc,1500cc,1500.0,cc,OK,2026-09-10,,legacy_scrape_2026-09-10,legacy_unknown,LOW,observed,none,not_candidate,CONFIRMED MATCH with ContactCars/EgyCar
6cbae5a6865e359eec6a,S0_2026-09-10,b8d0630648ccbcff540c,carindex_master.csv#row349.official_price,hatla2ee,4,egypt,Nissan,Sunny,A/T/plus,2027,nissan/sunny,plus,HIGH,price_official_egp,"799,900",799900.0,EGP,OK,2026-09-10,,legacy_scrape_2026-09-10,legacy_unknown,LOW,observed,none,not_candidate,"minor PRICE_CONFLICT: 799,900 vs ContactCars 799,999 vs EgyCar 800,000 (3-way ~100 EGP discrepancy)"
c90b3aed6e796b773cfe,S0_2026-09-10,b8d0630648ccbcff540c,carindex_master.csv#row349.engine_capacity,hatla2ee,4,egypt,Nissan,Sunny,A/T/plus,2027,nissan/sunny,plus,HIGH,engine_cc,1500cc,1500.0,cc,OK,2026-09-10,,legacy_scrape_2026-09-10,legacy_unknown,LOW,observed,none,not_candidate,"minor PRICE_CONFLICT: 799,900 vs ContactCars 799,999 vs EgyCar 800,000 (3-way ~100 EGP discrepancy)"
859e45473fc1e06c07ce,S0_2026-09-10,776c80b1cfd54bf86fce,carindex_master.csv#row350.official_price,hatla2ee,4,egypt,Nissan,Sunny,A/T/Super Saloon,2027,nissan/sunny,super,HIGH,price_official_egp,"835,000",835000.0,EGP,OK,2026-09-10,,legacy_scrape_2026-09-10,legacy_unknown,LOW,corroborated,none,not_candidate,CONFIRMED MATCH across all 3 sources
b1d4699c04ef72ed213d,S0_2026-09-10,776c80b1cfd54bf86fce,carindex_master.csv#row350.engine_capacity,hatla2ee,4,egypt,Nissan,Sunny,A/T/Super Saloon,2027,nissan/sunny,super,HIGH,engine_cc,1500cc,1500.0,cc,OK,2026-09-10,,legacy_scrape_2026-09-10,legacy_unknown,LOW,observed,none,not_candidate,CONFIRMED MATCH across all 3 sources
bbf4a57571fec7e12eec,S0_2026-09-10,d56df02cd9e574e8f1d1,carindex_master.csv#row351.official_price,hatla2ee_summary,4,egypt,Nissan,Magnite,"(range, 4 classes)",2027,nissan/magnite,range 4 classes,HIGH,price_official_egp,"788,000-888,000",,EGP,RANGE,2026-09-10,,legacy_scrape_2026-09-10,legacy_unknown,LOW,observed,none,not_candidate,"CONFIRMED MATCH with ContactCars/EgyCar range; brand-overview only, not drilled to individual trims"
110bfa4c5e5996c781d7,S0_2026-09-10,5ee55ce9f31a23fd7d09,carindex_master.csv#row352.official_price,hatla2ee_summary,4,egypt,Nissan,Sentra,"(range, 1 class)",2026,nissan/sentra,range 1 class,HIGH,price_official_egp,"1,020,000",1020000.0,EGP,OK,2026-09-10,,legacy_scrape_2026-09-10,legacy_unknown,LOW,observed,none,not_candidate,"MODEL_YEAR_CONFLICT + PRICE_CONFLICT vs ContactCars/EgyCar Sentra 2027 @ 1,050,000 (30,000 EGP gap)"
5b5834e3cb26afd338d7,S0_2026-09-10,15c22f2c688ce75875e3,carindex_master.csv#row353.official_price,hatla2ee_summary,4,egypt,Nissan,Juke,"(range, 4 classes)",2025,nissan/juke,range 4 classes,HIGH,price_official_egp,"1,035,000-1,225,000",,EGP,RANGE,2026-09-10,,legacy_scrape_2026-09-10,legacy_unknown,LOW,observed,none,not_candidate,MODEL_DISCOVERY: a THIRD Juke cohort not seen on ContactCars or EgyCar at all (they show 2026/2027 model years only)
82e6d6d1ec4d9ef14d44,S0_2026-09-10,700b46f21e6917e449a3,carindex_master.csv#row354.official_price,hatla2ee_summary,4,egypt,Nissan,Juke,"(range, 4 classes) Facelift",2027,nissan/juke,range 4 classes facelift,HIGH,price_official_egp,"1,159,900-1,299,999",,EGP,RANGE,2026-09-10,,legacy_scrape_2026-09-10,legacy_unknown,LOW,observed,none,not_candidate,"near match with ContactCars Juke 2027 (3 classes, 1,159,999-1,299,999); VARIANT_DISCOVERY (4 vs 3 classes), tiny PRICE_CONFLICT on floor"
6b58a6b312ba587bac45,S0_2026-09-10,296b7dc7ed9fdd059b8d,carindex_master.csv#row355.official_price,hatla2ee_summary,4,egypt,Nissan,Qashqai,"(range, 5 classes) Facelift",2027,nissan/qashqai,range 5 classes facelift,HIGH,price_official_egp,"1,555,000-1,999,000",,EGP,RANGE,2026-09-10,,legacy_scrape_2026-09-10,legacy_unknown,LOW,observed,none,not_candidate,"matches EgyCar's 5-class structure/ceiling rather than ContactCars' 6-class/2,068,000 ceiling"
9bceae1140200e18fa1e,S0_2026-09-10,f9e419b4a4d422177675,carindex_master.csv#row356.official_price,hatla2ee_summary,4,egypt,Nissan,X-Trail,"(range, 3 classes)",2026,nissan/x-trail,range 3 classes,HIGH,price_official_egp,"2,199,990-2,499,990",,EGP,RANGE,2026-09-10,,legacy_scrape_2026-09-10,legacy_unknown,LOW,observed,none,not_candidate,"THREE-WAY PRICE_CONFLICT on ceiling: 2,499,990 (Hatla2ee) vs 2,300,000 (ContactCars) vs 2,300,000 (EgyCar) - Hatla2ee ~200k EGP higher"
7e109b7025a167b9e5a5,S0_2026-09-10,1829d1dc42a6a6be0dcf,carindex_master.csv#row357.official_price,hatla2ee_summary,4,egypt,Nissan,Patrol,"(range, 8 classes)",2025,nissan/patrol,range 8 classes,HIGH,price_official_egp,"8,990,000-14,000,000",,EGP,RANGE,2026-09-10,,legacy_scrape_2026-09-10,legacy_unknown,LOW,observed,none,not_candidate,MODEL_YEAR_CONFLICT only vs ContactCars Patrol 2026 (label says 2025 vs 2026) - price range and class count match exactly
