entity,canonical_id,canonical_display,alias_raw,match_key,occurrences,origin,method
brand,aito,AITO,AITO,aito,2,master+candidates,exact_normalized
brand,alfa-romeo,Alfa Romeo,Alfa Romeo,alfaromeo,19,master+candidates,exact_normalized
brand,arcfox,Arcfox,Arcfox,arcfox,20,master+candidates,exact_normalized
brand,audi,Audi,Audi,audi,93,master+candidates,exact_normalized
brand,avatr,Avatr,Avatr,avatr,20,master+candidates,exact_normalized
brand,baic,Baic,Baic,baic,23,master+candidates,exact_normalized
brand,bak,BAK,BAK,bak,2,master+candidates,exact_normalized
brand,baw,BAW,BAW,baw,5,master+candidates,exact_normalized
brand,bestune,Bestune,Bestune,bestune,8,master+candidates,exact_normalized
brand,bmw,BMW,BMW,bmw,77,master+candidates,exact_normalized
brand,byd,BYD,BYD,byd,45,master+candidates,exact_normalized
brand,cadillac,Cadillac,Cadillac,cadillac,13,master+candidates,exact_normalized
brand,changan,Changan,Changan,changan,28,master+candidates,exact_normalized
brand,chery,Chery,Chery,chery,60,master+candidates,exact_normalized
brand,chevrolet,Chevrolet,Chevrolet,chevrolet,32,master+candidates,exact_normalized
brand,citroen,Citroën,Citroën,citroen,23,master+candidates,exact_normalized
brand,cupra,Cupra,Cupra,cupra,11,master+candidates,exact_normalized
brand,deepal,Deepal,Deepal,deepal,9,master+candidates,exact_normalized
brand,dfsk,Dfsk,Dfsk,dfsk,15,master+candidates,exact_normalized
brand,dodge,Dodge,Dodge,dodge,2,master+candidates,exact_normalized
brand,dongfeng,Dongfeng,Dongfeng,dongfeng,18,master+candidates,exact_normalized
brand,dongfeng-aeolus,Dongfeng Aeolus,Dongfeng Aeolus,dongfengaeolus,4,master+candidates,exact_normalized
brand,ds,Ds,Ds,ds,6,master+candidates,exact_normalized
brand,exeed,Exeed,Exeed,exeed,26,master+candidates,exact_normalized
brand,fiat,Fiat,Fiat,fiat,10,master+candidates,exact_normalized
brand,ford,Ford,Ford,ford,2,master+candidates,exact_normalized
brand,forthing,Forthing,Forthing,forthing,15,master+candidates,exact_normalized
brand,gac,GAC,GAC,gac,38,master+candidates,exact_normalized
brand,geely,Geely,Geely,geely,50,master+candidates,exact_normalized
brand,genesis,Genesis,Genesis,genesis,20,master+candidates,exact_normalized
brand,gmc,GMC,GMC,gmc,6,master+candidates,exact_normalized
brand,golf-car,Golf Car,Golf Car,golfcar,2,master+candidates,exact_normalized
brand,haval,Haval,Haval,haval,18,master+candidates,exact_normalized
brand,honda,Honda,Honda,honda,20,master+candidates,exact_normalized
brand,hongqi,Hongqi,Hongqi,hongqi,17,master+candidates,exact_normalized
brand,hummer,Hummer,Hummer,hummer,2,master+candidates,exact_normalized
brand,hyundai,Hyundai,Hyundai,hyundai,125,master+candidates,exact_normalized
brand,icaur,iCAUR,iCAUR,icaur,6,master+candidates,exact_normalized
brand,im,IM,IM,im,12,master+candidates,exact_normalized
brand,isuzu,Isuzu,Isuzu,isuzu,2,master+candidates,exact_normalized
brand,jac,JAC,JAC,jac,2,master+candidates,exact_normalized
brand,jac,JAC,Jac,jac,12,master+candidates,exact_normalized
brand,jaecoo,Jaecoo,Jaecoo,jaecoo,2,master+candidates,exact_normalized
brand,jaguar,Jaguar,Jaguar,jaguar,9,master+candidates,exact_normalized
brand,jeep,Jeep,Jeep,jeep,5,master+candidates,exact_normalized
brand,jetour,Jetour,Jetour,jetour,23,master+candidates,exact_normalized
brand,jmc,JMC,JMC,jmc,2,master+candidates,exact_normalized
brand,kaiyi,Kaiyi,Kaiyi,kaiyi,12,master+candidates,exact_normalized
brand,kgm,KGM,KGM,kgm,9,master+candidates,exact_normalized
brand,kia,Kia,Kia,kia,76,master+candidates,exact_normalized
brand,kyc,KYC,KYC,kyc,2,master+candidates,exact_normalized
brand,land-rover,Land Rover,Land Rover,landrover,16,master+candidates,exact_normalized
brand,lexus,Lexus,Lexus,lexus,5,master+candidates,exact_normalized
brand,li-auto,li-auto,li-auto,liauto,6,master+candidates,exact_normalized
brand,lotus,Lotus,Lotus,lotus,6,master+candidates,exact_normalized
brand,lynk-co,Lynk & Co,Lynk & Co,lynkco,14,master+candidates,exact_normalized
brand,maserati,Maserati,Maserati,maserati,11,master+candidates,exact_normalized
brand,mazda,Mazda,Mazda,mazda,14,master+candidates,exact_normalized
brand,mercedes,Mercedes,Mercedes,mercedes,101,master+candidates,exact_normalized
brand,mg,MG,MG,mg,60,master+candidates,exact_normalized
brand,mhero,MHERO,MHERO,mhero,2,master+candidates,exact_normalized
brand,mini,Mini,Mini,mini,26,master+candidates,exact_normalized
brand,mitsubishi,Mitsubishi,Mitsubishi,mitsubishi,33,master+candidates,exact_normalized
brand,nissan,Nissan,Nissan,nissan,77,master+candidates,exact_normalized
brand,omoda,Omoda,Omoda,omoda,2,master+candidates,exact_normalized
brand,opel,Opel,Opel,opel,27,master+candidates,exact_normalized
brand,peugeot,Peugeot,Peugeot,peugeot,15,master+candidates,exact_normalized
brand,porsche,Porsche,Porsche,porsche,110,master+candidates,exact_normalized
brand,proton,Proton,Proton,proton,3,master+candidates,exact_normalized
brand,range-rover,Range Rover,Range Rover,rangerover,2,master+candidates,exact_normalized
brand,rehigh,Rehigh,Rehigh,rehigh,4,master+candidates,exact_normalized
brand,rely,Rely,Rely,rely,4,master+candidates,exact_normalized
brand,renault,Renault,Renault,renault,40,master+candidates,exact_normalized
brand,rolls-royce,Rolls Royce,Rolls Royce,rollsroyce,4,master+candidates,exact_normalized
brand,rox,Rox,Rox,rox,15,master+candidates,exact_normalized
brand,sandstorm,Sandstorm,Sandstorm,sandstorm,2,master+candidates,exact_normalized
brand,seat,Seat,Seat,seat,15,master+candidates,exact_normalized
brand,shineray,Shineray,Shineray,shineray,2,master+candidates,exact_normalized
brand,skoda,Skoda,Skoda,skoda,33,master+candidates,exact_normalized
brand,smart,Smart,Smart,smart,20,master+candidates,exact_normalized
brand,soueast,Soueast,Soueast,soueast,31,master+candidates,exact_normalized
brand,speranza,Speranza,Speranza,speranza,2,master+candidates,exact_normalized
brand,subaru,Subaru,Subaru,subaru,5,master+candidates,exact_normalized
brand,suzuki,Suzuki,Suzuki,suzuki,21,master+candidates,exact_normalized
brand,tesla,Tesla,Tesla,tesla,4,master+candidates,exact_normalized
brand,toyota,Toyota,Toyota,toyota,64,master+candidates,exact_normalized
brand,vgv,Vgv,Vgv,vgv,10,master+candidates,exact_normalized
brand,volkswagen,Volkswagen,Volkswagen,volkswagen,30,master+candidates,exact_normalized
brand,volvo,Volvo,Volvo,volvo,28,master+candidates,exact_normalized
brand,voyah,Voyah,Voyah,voyah,8,master+candidates,exact_normalized
brand,wingamm,Wingamm,Wingamm,wingamm,2,master+candidates,exact_normalized
brand,xiaomi,Xiaomi,Xiaomi,xiaomi,4,master+candidates,exact_normalized
brand,xpeng,XPENG,XPENG,xpeng,8,master+candidates,exact_normalized
brand,xpeng,XPENG,Xpeng,xpeng,11,master+candidates,exact_normalized
brand,zeekr,Zeekr,Zeekr,zeekr,15,master+candidates,exact_normalized
model,aito/m9,M9,M9,m9,1,carindex_master.csv,exact_normalized
model,alfa-romeo/giulia,Giulia,Giulia,giulia,4,carindex_master.csv,exact_normalized
model,alfa-romeo/stelvio,Stelvio,Stelvio,stelvio,6,carindex_master.csv,exact_normalized
model,alfa-romeo/tonale,Tonale,Tonale,tonale,5,carindex_master.csv,exact_normalized
model,arcfox/alpha-s5,Alpha S5,Alpha S5,alphas5,4,carindex_master.csv,exact_normalized
model,arcfox/alpha-t5,Alpha T5,Alpha T5,alphat5,4,carindex_master.csv,exact_normalized
model,arcfox/kaola-s,Kaola S,Kaola S,kaolas,2,carindex_master.csv,exact_normalized
model,arcfox/koala-s,KOALA S,KOALA S,koalas,2,carindex_master.csv,exact_normalized
model,arcfox/t1,T1,T1,t1,4,carindex_master.csv,exact_normalized
model,audi/a3,A3,A3,a3,6,carindex_master.csv,exact_normalized
model,audi/a4,A4,A4,a4,2,carindex_master.csv,exact_normalized
model,audi/a5,A5,A5,a5,6,carindex_master.csv,exact_normalized
model,audi/a6,A6,A6,a6,3,carindex_master.csv,exact_normalized
model,audi/a8,A8,A8,a8,2,carindex_master.csv,exact_normalized
model,audi/e-tron,E Tron,E Tron,etron,1,carindex_master.csv,exact_normalized
model,audi/q2,Q2,Q2,q2,3,carindex_master.csv,exact_normalized
model,audi/q3,Q3,Q3,q3,16,carindex_master.csv,exact_normalized
model,audi/q4-e-tron,Q4 e-Tron,Q4 e-Tron,q4etron,1,carindex_master.csv,exact_normalized
model,audi/q5,Q5,Q5,q5,1,carindex_master.csv,exact_normalized
model,audi/q7,Q7,Q7,q7,9,carindex_master.csv,exact_normalized
model,audi/q8,Q8,Q8,q8,6,carindex_master.csv,exact_normalized
model,audi/q8-e-tron,Q8 E-tron,Q8 E-tron,q8etron,8,carindex_master.csv,exact_normalized
model,audi/rs-e-tron,RS e-Tron,RS e-Tron,rsetron,2,carindex_master.csv,exact_normalized
model,audi/rs-e-tron-gt,RS e-tron GT,RS e-tron GT,rsetrongt,1,carindex_master.csv,exact_normalized
model,audi/rs-q8,RS Q8,RS Q8,rsq8,1,carindex_master.csv,exact_normalized
model,audi/rs5-coupe,RS5 Coupe,RS5 Coupe,rs5coupe,1,carindex_master.csv,exact_normalized
model,audi/sq7,SQ7,SQ7,sq7,1,carindex_master.csv,exact_normalized
model,avatr/06,06,06,06,1,carindex_master.csv,exact_normalized
model,avatr/07,07,07,07,4,carindex_master.csv,exact_normalized
model,avatr/11,11,11,11,6,carindex_master.csv,exact_normalized
model,avatr/12,12,12,12,5,carindex_master.csv,exact_normalized
model,baic/bj30,BJ30,BJ30,bj30,4,carindex_master.csv,exact_normalized
model,baic/u5-plus,U5 Plus,U5 Plus,u5plus,4,carindex_master.csv,exact_normalized
model,baic/x3,X3,X3,x3,1,carindex_master.csv,exact_normalized
model,baic/x35,X35,X35,x35,1,carindex_master.csv,exact_normalized
model,baic/x55,X55,X 55,x55,3,carindex_master.csv,exact_normalized
model,baic/x55,X55,X55,x55,1,carindex_master.csv,exact_normalized
model,baic/x7,X7,X7,x7,4,carindex_master.csv,exact_normalized
model,bak/golf-cart,Golf Cart,Golf Cart,golfcart,1,carindex_master.csv,exact_normalized
model,baw/212-t01,212 T01,212 T01,212t01,1,carindex_master.csv,exact_normalized
model,baw/m7,M7,M7,m7,2,carindex_master.csv,exact_normalized
model,bestune/b70,B70,B70,b70,1,carindex_master.csv,exact_normalized
model,bestune/b70s,B70S,B70S,b70s,1,carindex_master.csv,exact_normalized
model,bestune/t55,T55,T55,t55,1,carindex_master.csv,exact_normalized
model,bestune/t77-pro,T77 Pro,T77 Pro,t77pro,1,carindex_master.csv,exact_normalized
model,bmw/118i,118i,118i,118i,2,carindex_master.csv,exact_normalized
model,bmw/218i,218i,218i,218i,2,carindex_master.csv,exact_normalized
model,bmw/320i,320i,320i,320i,4,carindex_master.csv,exact_normalized
model,bmw/330i,330i,330i,330i,1,carindex_master.csv,exact_normalized
model,bmw/340i,340i,340i,340i,1,carindex_master.csv,exact_normalized
model,bmw/420i-convertible,420i Convertible,420i Convertible,420iconvertible,2,carindex_master.csv,exact_normalized
model,bmw/420i-coupe,420i Coupe,420i Coupe,420icoupe,1,carindex_master.csv,exact_normalized
model,bmw/420i-gran-coupe,420i Gran Coupe,420i Gran Coupe,420igrancoupe,1,carindex_master.csv,exact_normalized
model,bmw/440i-coupe,440i Coupe,440i Coupe,440icoupe,2,carindex_master.csv,exact_normalized
model,bmw/520i,520i,520i,520i,5,carindex_master.csv,exact_normalized
model,bmw/530i,530i,530i,530i,1,carindex_master.csv,exact_normalized
model,bmw/740i,740i,740i,740i,2,carindex_master.csv,exact_normalized
model,bmw/750li,750Li,750Li,750li,1,carindex_master.csv,exact_normalized
model,bmw/760i,760i,760i,760i,2,carindex_master.csv,exact_normalized
model,bmw/i3,i3,i3,i3,1,carindex_master.csv,exact_normalized
model,bmw/i4,i4,i4,i4,1,carindex_master.csv,exact_normalized
model,bmw/i5,i5,i5,i5,3,carindex_master.csv,exact_normalized
model,bmw/i7,i7,i7,i7,3,carindex_master.csv,exact_normalized
model,bmw/ix,iX,iX,ix,4,carindex_master.csv,exact_normalized
model,bmw/ix1,iX1,iX1,ix1,2,carindex_master.csv,exact_normalized
model,bmw/ix2,iX2,iX2,ix2,1,carindex_master.csv,exact_normalized
model,bmw/ix3,iX3,iX3,ix3,1,carindex_master.csv,exact_normalized
model,bmw/ix3-neue-klasse,iX3 Neue Klasse,iX3 Neue Klasse,ix3neueklasse,2,carindex_master.csv,exact_normalized
model,bmw/m3,M3,M3,m3,3,carindex_master.csv,exact_normalized
model,bmw/m4,M4,M4,m4,3,carindex_master.csv,exact_normalized
model,bmw/m5,M5,M5,m5,1,carindex_master.csv,exact_normalized
model,bmw/m8,M8,M8,m8,1,carindex_master.csv,exact_normalized
model,bmw/m850i,M850i,M850i,m850i,2,carindex_master.csv,exact_normalized
model,bmw/x1,X1,X1,x1,3,carindex_master.csv,exact_normalized
model,bmw/x2,X2,X2,x2,2,carindex_master.csv,exact_normalized
model,bmw/x3,X3,X3,x3,2,carindex_master.csv,exact_normalized
model,bmw/x4,X4,X4,x4,1,carindex_master.csv,exact_normalized
model,bmw/x5,X5,X5,x5,3,carindex_master.csv,exact_normalized
model,bmw/x6,X6,X6,x6,2,carindex_master.csv,exact_normalized
model,bmw/x7,X7,X7,x7,1,carindex_master.csv,exact_normalized
model,bmw/z4,Z4,Z4,z4,1,carindex_master.csv,exact_normalized
model,byd/atto-8,Atto 8,Atto 8,atto8,3,carindex_master.csv,exact_normalized
model,byd/destroyer-05,Destroyer 05,Destroyer 05,destroyer05,1,carindex_master.csv,exact_normalized
model,byd/dolphin-surf,Dolphin Surf,Dolphin Surf,dolphinsurf,2,carindex_master.csv,exact_normalized
model,byd/f3,F3,F3,f3,2,carindex_master.csv,exact_normalized
model,byd/leopard-8,Leopard 8,Leopard 8,leopard8,1,carindex_master.csv,exact_normalized
model,byd/m9,M9,M9,m9,2,carindex_master.csv,exact_normalized
model,byd/qin,Qin,Qin,qin,1,carindex_master.csv,exact_normalized
model,byd/seagull,Seagull,Seagull,seagull,1,carindex_master.csv,exact_normalized
model,byd/seal,Seal,Seal,seal,2,carindex_master.csv,exact_normalized
model,byd/sealion-5,Sealion 5,Sealion 5,sealion5,4,carindex_master.csv,exact_normalized
model,byd/sealion-6,Sealion 6,Sealion 6,sealion6,5,carindex_master.csv,exact_normalized
model,byd/shark-6-dmo,Shark 6 DMO,Shark 6 DMO,shark6dmo,1,carindex_master.csv,exact_normalized
model,byd/song-l,Song L,Song L,songl,1,carindex_master.csv,exact_normalized
model,byd/song-l-dm-i,Song L DM-i,Song L DM-i,songldmi,1,carindex_master.csv,exact_normalized
model,byd/song-plus,Song Plus,Song Plus,songplus,1,carindex_master.csv,exact_normalized
model,byd/ti-7,TI 7,TI 7,ti7,2,carindex_master.csv,exact_normalized
model,cadillac/escalade,Escalade,Escalade,escalade,2,carindex_master.csv,exact_normalized
model,cadillac/escalade-iq,Escalade IQ,Escalade IQ,escaladeiq,1,carindex_master.csv,exact_normalized
model,cadillac/escalade-iql,Escalade IQL,Escalade IQL,escaladeiql,1,carindex_master.csv,exact_normalized
model,cadillac/lyriq,Lyriq,Lyriq,lyriq,1,carindex_master.csv,exact_normalized
model,cadillac/optiq,Optiq,Optiq,optiq,1,carindex_master.csv,exact_normalized
model,cadillac/vistiq,Vistiq,Vistiq,vistiq,1,carindex_master.csv,exact_normalized
model,changan/cs35-plus,CS35 PLUS,CS35 PLUS,cs35plus,3,carindex_master.csv,exact_normalized
model,changan/cs55,CS55,CS55,cs55,1,carindex_master.csv,exact_normalized
model,changan/cs55-plus,CS55-Plus,CS55-Plus,cs55plus,5,carindex_master.csv,exact_normalized
model,changan/cs75-plus,CS75 Plus,CS75 Plus,cs75plus,2,carindex_master.csv,exact_normalized
model,changan/eado,EADO,EADO,eado,2,carindex_master.csv,exact_normalized
model,changan/eado-plus,Eado Plus,Eado Plus,eadoplus,3,carindex_master.csv,exact_normalized
model,changan/uni-t,UNI-T,UNI-T,unit,2,carindex_master.csv,exact_normalized
model,changan/uni-v,UNI-V,UNI-V,univ,1,carindex_master.csv,exact_normalized
model,chery/arrizo-5,Arrizo 5,Arrizo 5,arrizo5,10,carindex_master.csv,exact_normalized
model,chery/arrizo-6-gt,Arrizo 6 GT,Arrizo 6 GT,arrizo6gt,2,carindex_master.csv,exact_normalized
model,chery/arrizo-6-gt,Arrizo 6 GT,Arrizo 6 gt,arrizo6gt,1,carindex_master.csv,exact_normalized
model,chery/arrizo-8,Arrizo 8,Arrizo 8,arrizo8,3,carindex_master.csv,exact_normalized
model,chery/eq7,eQ7,EQ7,eq7,1,carindex_master.csv,exact_normalized
model,chery/eq7,eQ7,eQ7,eq7,1,carindex_master.csv,exact_normalized
model,chery/qq,QQ,QQ,qq,1,carindex_master.csv,exact_normalized
model,chery/tiggo-3,Tiggo 3,Tiggo 3,tiggo3,1,carindex_master.csv,exact_normalized
model,chery/tiggo-4-pro,Tiggo 4 Pro,Tiggo 4 PRO,tiggo4pro,3,carindex_master.csv,exact_normalized
model,chery/tiggo-4-pro,Tiggo 4 Pro,Tiggo 4 Pro,tiggo4pro,1,carindex_master.csv,exact_normalized
model,chery/tiggo-7,Tiggo 7,Tiggo 7,tiggo7,3,carindex_master.csv,exact_normalized
model,chery/tiggo-7-pro,Tiggo 7 Pro,Tiggo 7 Pro,tiggo7pro,2,carindex_master.csv,exact_normalized
model,chery/tiggo-7-pro,Tiggo 7 Pro,Tiggo 7 pro,tiggo7pro,2,carindex_master.csv,exact_normalized
model,chery/tiggo-7-pro-max,Tiggo 7 Pro Max,Tiggo 7 Pro Max,tiggo7promax,2,carindex_master.csv,exact_normalized
model,chery/tiggo-7-pro-max,Tiggo 7 Pro Max,Tiggo 7 pro max,tiggo7promax,1,carindex_master.csv,exact_normalized
model,chery/tiggo-8,Tiggo 8,Tiggo 8,tiggo8,4,carindex_master.csv,exact_normalized
model,chery/tiggo-8-pro,Tiggo 8 Pro,Tiggo 8 PRO,tiggo8pro,2,carindex_master.csv,exact_normalized
model,chery/tiggo-8-pro,Tiggo 8 Pro,Tiggo 8 Pro,tiggo8pro,1,carindex_master.csv,exact_normalized
model,chery/tiggo-8-pro-max,Tiggo 8 Pro Max,Tiggo 8 Pro Max,tiggo8promax,3,carindex_master.csv,exact_normalized
model,chery/tiggo-9,Tiggo 9,Tiggo 9,tiggo9,2,carindex_master.csv,exact_normalized
model,chevrolet/camaro,Camaro,Camaro,camaro,1,carindex_master.csv,exact_normalized
model,chevrolet/captiva,Captiva,Captiva,captiva,4,carindex_master.csv,exact_normalized
model,chevrolet/captiva-ev,Captiva EV,Captiva EV,captivaev,2,carindex_master.csv,exact_normalized
model,chevrolet/jumbo-npr,Jumbo NPR,Jumbo NPR,jumbonpr,1,carindex_master.csv,exact_normalized
model,chevrolet/malibu,Malibu,Malibu,malibu,1,carindex_master.csv,exact_normalized
model,chevrolet/n300,N300,N300,n300,1,carindex_master.csv,exact_normalized
model,chevrolet/nqr,NQR,NQR,nqr,1,carindex_master.csv,exact_normalized
model,chevrolet/optra,Optra,Optra,optra,8,carindex_master.csv,exact_normalized
model,chevrolet/s10-max,S10 Max,S10 Max,s10max,1,carindex_master.csv,exact_normalized
model,chevrolet/spark-euv,Spark EUV,Spark EUV,sparkeuv,1,carindex_master.csv,exact_normalized
model,chevrolet/spark-ev,Spark EV,Spark EV,sparkev,1,carindex_master.csv,exact_normalized
model,chevrolet/tfr,TFR,TFR,tfr,1,carindex_master.csv,exact_normalized
model,citroen/c3,C3,C3,c3,1,carindex_master.csv,exact_normalized
model,citroen/c3-aircross,C3 Aircross,C3 Aircross,c3aircross,1,carindex_master.csv,exact_normalized
model,citroen/c4,C4,C4,c4,2,carindex_master.csv,exact_normalized
model,citroen/c4-facelift,C4 Facelift,C4 Facelift,c4facelift,1,carindex_master.csv,exact_normalized
model,citroen/c4-x,C4 X,C4 X,c4x,3,carindex_master.csv,exact_normalized
model,citroen/c4-x,C4 X,C4X,c4x,2,carindex_master.csv,exact_normalized
model,citroen/c5,C5,C5,c5,1,carindex_master.csv,exact_normalized
model,citroen/c5-aircross,C5 Aircross,C5 Aircross,c5aircross,7,carindex_master.csv,exact_normalized
model,cupra/formentor,Formentor,Formentor,formentor,2,carindex_master.csv,exact_normalized
model,cupra/leon,Leon,Leon,leon,1,carindex_master.csv,exact_normalized
model,cupra/terramar,Terramar,Terramar,terramar,4,carindex_master.csv,exact_normalized
model,deepal/g318,G318,G318,g318,2,carindex_master.csv,exact_normalized
model,deepal/s-05,S 05,S 05,s05,2,carindex_master.csv,exact_normalized
model,deepal/s-07,S 07,S 07,s07,2,carindex_master.csv,exact_normalized
model,dfsk/600,600,600,600,3,carindex_master.csv,exact_normalized
model,dfsk/e5,E5,E5,e5,3,carindex_master.csv,exact_normalized
model,dfsk/e5-plus,E5 Plus,E5 Plus,e5plus,3,carindex_master.csv,exact_normalized
model,dodge/charger,Charger,Charger,charger,1,carindex_master.csv,exact_normalized
model,dongfeng-aeolus/huge-hybrid,Huge Hybrid,Huge Hybrid,hugehybrid,3,carindex_master.csv,exact_normalized
model,dongfeng/007,007,007,007,1,carindex_master.csv,exact_normalized
model,dongfeng/008,008,008,008,1,carindex_master.csv,exact_normalized
model,dongfeng/aeolus-a30,Aeolus A30,Aeolus A30,aeolusa30,1,carindex_master.csv,exact_normalized
model,dongfeng/aeolus-e70-pro,Aeolus e70 pro,Aeolus e70 pro,aeoluse70pro,1,carindex_master.csv,exact_normalized
model,dongfeng/box,Box,Box,box,2,carindex_master.csv,exact_normalized
model,dongfeng/huge-hybrid,HUGE-Hybrid,HUGE-Hybrid,hugehybrid,2,carindex_master.csv,exact_normalized
model,dongfeng/mage,Mage,Mage,mage,2,carindex_master.csv,exact_normalized
model,dongfeng/shine,Shine,Shine,shine,2,carindex_master.csv,exact_normalized
model,ds/ds4,Ds4,Ds4,ds4,2,carindex_master.csv,exact_normalized
model,ds/ds7,DS7,DS7,ds7,2,carindex_master.csv,exact_normalized
model,exeed/es,ES,ES,es,4,carindex_master.csv,exact_normalized
model,exeed/et,ET,ET,et,4,carindex_master.csv,exact_normalized
model,exeed/lx,LX,LX,lx,3,carindex_master.csv,exact_normalized
model,exeed/rx,RX,RX,rx,6,carindex_master.csv,exact_normalized
model,exeed/vx,VX,VX,vx,4,carindex_master.csv,exact_normalized
model,fiat/500,500,500,500,1,carindex_master.csv,exact_normalized
model,fiat/500x,500X,500X,500x,2,carindex_master.csv,exact_normalized
model,fiat/e-ulysee,E-Ulysee,E-Ulysee,eulysee,1,carindex_master.csv,exact_normalized
model,fiat/tipo,Tipo,Tipo,tipo,2,carindex_master.csv,exact_normalized
model,ford/mustang,Mustang,Mustang,mustang,1,carindex_master.csv,exact_normalized
model,forthing/s7,S7,S7,s7,2,carindex_master.csv,exact_normalized
model,forthing/t5,T5,T5,t5,3,carindex_master.csv,exact_normalized
model,forthing/t5-evo,T5 Evo,T5 Evo,t5evo,1,carindex_master.csv,exact_normalized
model,forthing/t5-friday,T5 Friday,T5 Friday,t5friday,1,carindex_master.csv,exact_normalized
model,forthing/u-tour,U-Tour,U-Tour,utour,1,carindex_master.csv,exact_normalized
model,forthing/v9,V9,V9,v9,1,carindex_master.csv,exact_normalized
model,gac/aion-lx,Aion LX,Aion LX,aionlx,1,carindex_master.csv,exact_normalized
model,gac/aion-y,Aion Y,Aion Y,aiony,1,carindex_master.csv,exact_normalized
model,gac/emkoo,Emkoo,Emkoo,emkoo,3,carindex_master.csv,exact_normalized
model,gac/empow,Empow,Empow,empow,10,carindex_master.csv,exact_normalized
model,gac/emzoom,EMZOOM,EMZOOM,emzoom,5,carindex_master.csv,exact_normalized
model,gac/gs3-emzoom,GS3 Emzoom,GS3 Emzoom,gs3emzoom,4,carindex_master.csv,exact_normalized
model,gac/gs4,GS4,GS4,gs4,3,carindex_master.csv,exact_normalized
model,gac/gs4-max,GS4 Max,GS4 Max,gs4max,3,carindex_master.csv,exact_normalized
model,gac/gs4-max,GS4 Max,GS4 max,gs4max,1,carindex_master.csv,exact_normalized
model,gac/gs4-max,GS4 Max,GS4 max / GS4 Max,gs4maxgs4max,1,vehicle_candidates.csv,slash_alias_same_model
model,geely/city-ray,City Ray,City Ray,cityray,3,carindex_master.csv,exact_normalized
model,geely/cool-ray,Cool Ray,Cool Ray,coolray,8,carindex_master.csv,exact_normalized
model,geely/emgrand,Emgrand,Emgrand,emgrand,4,carindex_master.csv,exact_normalized
model,geely/emgrand-7,Emgrand 7,Emgrand 7,emgrand7,1,carindex_master.csv,exact_normalized
model,geely/ex2,EX2,EX2,ex2,2,carindex_master.csv,exact_normalized
model,geely/ex5,EX5,EX5,ex5,3,carindex_master.csv,exact_normalized
model,geely/ex5-em-i,EX5 EM-i,EX5 EM-i,ex5emi,2,carindex_master.csv,exact_normalized
model,geely/gx3-pro,GX3 Pro,GX3 Pro,gx3pro,2,carindex_master.csv,exact_normalized
model,geely/monjaro,Monjaro,Monjaro,monjaro,4,carindex_master.csv,exact_normalized
model,geely/okavango,Okavango,Okavango,okavango,2,carindex_master.csv,exact_normalized
model,geely/starray,Starray,Starray,starray,8,carindex_master.csv,exact_normalized
model,genesis/electrified-g80,Electrified G80,Electrified G80,electrifiedg80,3,carindex_master.csv,exact_normalized
model,genesis/g80,G80,G80,g80,3,carindex_master.csv,exact_normalized
model,genesis/gv60,GV60,GV60,gv60,6,carindex_master.csv,exact_normalized
model,genesis/gv70,GV70,GV70,gv70,5,carindex_master.csv,exact_normalized
model,gmc/sierra,Sierra,Sierra,sierra,1,carindex_master.csv,exact_normalized
model,gmc/terrain,Terrain,Terrain,terrain,1,carindex_master.csv,exact_normalized
model,gmc/yukon,Yukon,Yukon,yukon,1,carindex_master.csv,exact_normalized
model,golf-car/club-car,Club Car,Club Car,clubcar,1,carindex_master.csv,exact_normalized
model,haval/h6,H6,H6,h6,2,carindex_master.csv,exact_normalized
model,haval/h6-hev,H6 HEV,H6 HEV,h6hev,1,carindex_master.csv,exact_normalized
model,haval/h7,H7,H7,h7,1,carindex_master.csv,exact_normalized
model,haval/jolion,Jolion,Jolion,jolion,3,carindex_master.csv,exact_normalized
model,haval/jolion-ckd,Jolion CKD,Jolion CKD,jolionckd,1,carindex_master.csv,exact_normalized
model,haval/jolion-pro,Jolion Pro,Jolion Pro,jolionpro,1,carindex_master.csv,exact_normalized
model,haval/v7,V7,V7,v7,2,carindex_master.csv,exact_normalized
model,honda/accord,Accord,Accord,accord,3,carindex_master.csv,exact_normalized
model,honda/cr-v,CR-V,CR-V,crv,1,carindex_master.csv,exact_normalized
model,honda/cr-v,CR-V,CRV,crv,2,carindex_master.csv,exact_normalized
model,honda/e-np2,e:NP2,e:NP2,enp2,2,carindex_master.csv,exact_normalized
model,honda/hr-v,HR-V,HR-V,hrv,1,carindex_master.csv,exact_normalized
model,honda/zr-v,ZR-V,ZR-V,zrv,1,carindex_master.csv,exact_normalized
model,honda/zr-v,ZR-V,ZRV,zrv,2,carindex_master.csv,exact_normalized
model,hongqi/e-hs9,E-HS9,E-HS9,ehs9,2,carindex_master.csv,exact_normalized
model,hongqi/eh7,EH7,EH7,eh7,1,carindex_master.csv,exact_normalized
model,hongqi/ehs7,EHS7,EHS7,ehs7,1,carindex_master.csv,exact_normalized
model,hongqi/h9,H9,H9,h9,1,carindex_master.csv,exact_normalized
model,hongqi/hs3,HS3,HS3,hs3,2,carindex_master.csv,exact_normalized
model,hongqi/ousado,Ousado,Ousado,ousado,3,carindex_master.csv,exact_normalized
model,hummer/hummer-ev-suv,Hummer EV SUV,Hummer EV SUV,hummerevsuv,1,carindex_master.csv,exact_normalized
model,hyundai/accent-rb,Accent RB,Accent RB,accentrb,5,carindex_master.csv,exact_normalized
model,hyundai/avante,Avante,Avante,avante,1,carindex_master.csv,exact_normalized
model,hyundai/elantra,Elantra,Elantra,elantra,1,carindex_master.csv,exact_normalized
model,hyundai/elantra-ad,Elantra AD,Elantra AD,elantraad,16,carindex_master.csv,exact_normalized
model,hyundai/elantra-cn7,Elantra CN7,Elantra CN7,elantracn7,5,carindex_master.csv,exact_normalized
model,hyundai/i30,i30,i 30,i30,9,carindex_master.csv,exact_normalized
model,hyundai/i30,i30,i30,i30,6,carindex_master.csv,exact_normalized
model,hyundai/ioniq,Ioniq,Ioniq,ioniq,1,carindex_master.csv,exact_normalized
model,hyundai/ioniq-5,IONIQ 5,IONIQ 5,ioniq5,5,carindex_master.csv,exact_normalized
model,hyundai/ioniq-6,IONIQ 6,IONIQ 6,ioniq6,4,carindex_master.csv,exact_normalized
model,hyundai/ioniq-9,IONIQ 9,IONIQ 9,ioniq9,4,carindex_master.csv,exact_normalized
model,hyundai/santa-fe,Santa Fe,Santa Fe,santafe,3,carindex_master.csv,exact_normalized
model,hyundai/staria,Staria,Staria,staria,2,carindex_master.csv,exact_normalized
model,hyundai/tucson,Tucson,Tucson,tucson,34,carindex_master.csv,exact_normalized
model,hyundai/tucson-nx4e,Tucson NX4e,Tucson NX4e,tucsonnx4e,1,carindex_master.csv,exact_normalized
model,hyundai/venue,Venue,Venue,venue,3,carindex_master.csv,exact_normalized
model,icaur/v27,V27,V27,v27,4,carindex_master.csv,exact_normalized
model,im/im-5,IM 5,IM 5,im5,3,carindex_master.csv,exact_normalized
model,im/im-6,IM 6,IM 6,im6,2,carindex_master.csv,exact_normalized
model,im/ls7,LS7,LS7,ls7,1,carindex_master.csv,exact_normalized
model,im/ls9,LS9,LS9,ls9,2,carindex_master.csv,exact_normalized
model,isuzu/dmax,Dmax,Dmax,dmax,1,carindex_master.csv,exact_normalized
model,jac/j7,J7,J7,j7,1,carindex_master.csv,exact_normalized
model,jac/js2,JS2,JS2,js2,1,carindex_master.csv,exact_normalized
model,jac/js4,JS4,JS4,js4,1,carindex_master.csv,exact_normalized
model,jac/js6,JS6,JS6,js6,2,carindex_master.csv,exact_normalized
model,jac/js8-pro,JS8 PRO,JS8 PRO,js8pro,2,carindex_master.csv,exact_normalized
model,jac/s2,S2,S2,s2,1,carindex_master.csv,exact_normalized
model,jaecoo/j7,J7,J7,j7,1,carindex_master.csv,exact_normalized
model,jaguar/f-pace,F-Pace,F-Pace,fpace,2,carindex_master.csv,exact_normalized
model,jaguar/f-type,F-Type,F-Type,ftype,1,carindex_master.csv,exact_normalized
model,jaguar/xe,XE,XE,xe,1,carindex_master.csv,exact_normalized
model,jaguar/xf,XF,XF,xf,1,carindex_master.csv,exact_normalized
model,jeep/grand-cherokee,Grand Cherokee,Grand Cherokee,grandcherokee,2,carindex_master.csv,exact_normalized
model,jeep/grand-cherokee-l,Grand Cherokee L,Grand Cherokee L,grandcherokeel,1,carindex_master.csv,exact_normalized
model,jetour/dashing,Dashing,Dashing,dashing,5,carindex_master.csv,exact_normalized
model,jetour/t1,T1,T1,t1,2,carindex_master.csv,exact_normalized
model,jetour/t2,T2,T2,t2,3,carindex_master.csv,exact_normalized
model,jetour/x70,X70,X70,x70,1,carindex_master.csv,exact_normalized
model,jetour/x70-facelift,X70 - facelift,X70 - facelift,x70facelift,3,carindex_master.csv,exact_normalized
model,jetour/x70-plus-ckd,X70 Plus CKD,X70 Plus CKD,x70plusckd,1,carindex_master.csv,exact_normalized
model,jetour/x90-plus,X90 Plus,X90 Plus,x90plus,1,carindex_master.csv,exact_normalized
model,jmc/boarding,Boarding,Boarding,boarding,1,carindex_master.csv,exact_normalized
model,kaiyi/e5,E5,E5,e5,3,carindex_master.csv,exact_normalized
model,kaiyi/x3,X3,X3,x3,1,carindex_master.csv,exact_normalized
model,kaiyi/x3-pro,X3 Pro,X3 Pro,x3pro,2,carindex_master.csv,exact_normalized
model,kaiyi/x7,X7,X7,x7,2,carindex_master.csv,exact_normalized
model,kgm/actyon,Actyon,Actyon,actyon,2,carindex_master.csv,exact_normalized
model,kgm/torres,Torres,Torres,torres,5,carindex_master.csv,exact_normalized
model,kia/carens,Carens,Carens,carens,1,carindex_master.csv,exact_normalized
model,kia/carnival,Carnival,Carnival,carnival,2,carindex_master.csv,exact_normalized
model,kia/ev3,EV3,EV3,ev3,4,carindex_master.csv,exact_normalized
model,kia/ev5,EV5,EV5,ev5,3,carindex_master.csv,exact_normalized
model,kia/ev6,EV6,EV6,ev6,4,carindex_master.csv,exact_normalized
model,kia/ev9,EV9,EV9,ev9,3,carindex_master.csv,exact_normalized
model,kia/grand-cerato,Grand Cerato,Grand Cerato,grandcerato,5,carindex_master.csv,exact_normalized
model,kia/k3,K3,K3,k3,1,carindex_master.csv,exact_normalized
model,kia/k4,K4,K4,k4,6,carindex_master.csv,exact_normalized
model,kia/seltos,Seltos,Seltos,seltos,6,carindex_master.csv,exact_normalized
model,kia/sorento,Sorento,Sorento,sorento,2,carindex_master.csv,exact_normalized
model,kia/sportage,Sportage,Sportage,sportage,25,carindex_master.csv,exact_normalized
model,kyc/v3,V3,V3,v3,1,carindex_master.csv,exact_normalized
model,land-rover/defender,Defender,Defender,defender,2,carindex_master.csv,exact_normalized
model,land-rover/discovery,Discovery,Discovery,discovery,1,carindex_master.csv,exact_normalized
model,land-rover/discovery-sport,Discovery Sport,Discovery Sport,discoverysport,1,carindex_master.csv,exact_normalized
model,land-rover/new-range-rover,New Range Rover,New Range Rover,newrangerover,1,carindex_master.csv,exact_normalized
model,land-rover/range-rover,Range Rover,Range Rover,rangerover,2,carindex_master.csv,exact_normalized
model,land-rover/range-rover-evoque,Range Rover Evoque,Range Rover Evoque,rangeroverevoque,1,carindex_master.csv,exact_normalized
model,land-rover/range-rover-sport,Range Rover Sport,Range Rover Sport,rangeroversport,1,carindex_master.csv,exact_normalized
model,land-rover/range-rover-vogue,Range Rover Vogue,Range Rover Vogue,rangerovervogue,1,carindex_master.csv,exact_normalized
model,land-rover/velar,Velar,Velar,velar,1,carindex_master.csv,exact_normalized
model,lexus/lx600,LX600,LX600,lx600,1,carindex_master.csv,exact_normalized
model,lexus/rz,RZ,RZ,rz,2,carindex_master.csv,exact_normalized
model,li-auto/l6,L6,L6,l6,1,carindex_master.csv,exact_normalized
model,li-auto/l7,L7,L7,l7,1,carindex_master.csv,exact_normalized
model,li-auto/l9,L9,L9,l9,1,carindex_master.csv,exact_normalized
model,lotus/eletre,Eletre,Eletre,eletre,2,carindex_master.csv,exact_normalized
model,lotus/emeya,Emeya,Emeya,emeya,2,carindex_master.csv,exact_normalized
model,lynk-co/02,02,02,02,1,carindex_master.csv,exact_normalized
model,lynk-co/03,03,03,03,2,carindex_master.csv,exact_normalized
model,lynk-co/06,06,06,06,3,carindex_master.csv,exact_normalized
model,lynk-co/08,08,08,08,2,carindex_master.csv,exact_normalized
model,lynk-co/900,900,900,900,1,carindex_master.csv,exact_normalized
model,maserati/ghibli,Ghibli,Ghibli,ghibli,1,carindex_master.csv,exact_normalized
model,maserati/granturismo,GranTurismo,GranTurismo,granturismo,3,carindex_master.csv,exact_normalized
model,maserati/grecale,Grecale,Grecale,grecale,2,carindex_master.csv,exact_normalized
model,maserati/levante,Levante,Levante,levante,1,carindex_master.csv,exact_normalized
model,mazda/3,3,3,3,6,carindex_master.csv,exact_normalized
model,mazda/cx-3,CX-3,CX 3,cx3,1,carindex_master.csv,exact_normalized
model,mazda/cx-3,CX-3,CX-3,cx3,1,carindex_master.csv,exact_normalized
model,mazda/cx-3,CX-3,Cx 3,cx3,1,carindex_master.csv,exact_normalized
model,mercedes/a-250e,A 250e,A 250e,a250e,1,carindex_master.csv,exact_normalized
model,mercedes/a180,A180,A180,a180,1,carindex_master.csv,exact_normalized
model,mercedes/a200,A200,A200,a200,1,carindex_master.csv,exact_normalized
model,mercedes/amg-gt,AMG GT,AMG GT,amggt,1,carindex_master.csv,exact_normalized
model,mercedes/b-200,B 200,B 200,b200,1,carindex_master.csv,exact_normalized
model,mercedes/c-43-amg,C 43 AMG,C 43 AMG,c43amg,1,carindex_master.csv,exact_normalized
model,mercedes/c180,C180,C180,c180,2,carindex_master.csv,exact_normalized
model,mercedes/c200,C200,C200,c200,1,carindex_master.csv,exact_normalized
model,mercedes/c400,C400,C400,c400,1,carindex_master.csv,exact_normalized
model,mercedes/cla-180,CLA 180,CLA 180,cla180,1,carindex_master.csv,exact_normalized
model,mercedes/cla-200,CLA 200,CLA 200,cla200,1,carindex_master.csv,exact_normalized
model,mercedes/cla-300,CLA 300,CLA 300,cla300,1,carindex_master.csv,exact_normalized
model,mercedes/cla250,CLA250+,CLA250+,cla250,1,carindex_master.csv,exact_normalized
model,mercedes/cle-200,CLE 200,CLE 200,cle200,2,carindex_master.csv,exact_normalized
model,mercedes/cle-300,CLE 300,CLE 300,cle300,1,carindex_master.csv,exact_normalized
model,mercedes/e-cabriolet,E Cabriolet,E Cabriolet,ecabriolet,1,carindex_master.csv,exact_normalized
model,mercedes/e200,E200,E200,e200,3,carindex_master.csv,exact_normalized
model,mercedes/e300,E300,E300,e300,1,carindex_master.csv,exact_normalized
model,mercedes/e350,E350,E350,e350,1,carindex_master.csv,exact_normalized
model,mercedes/eqa-260,EQA 260,EQA 260,eqa260,1,carindex_master.csv,exact_normalized
model,mercedes/eqa250,EQA250+,EQA250+,eqa250,1,carindex_master.csv,exact_normalized
model,mercedes/eqb250,EQB250+,EQB250+,eqb250,1,carindex_master.csv,exact_normalized
model,mercedes/eqe-500,EQE 500,EQE 500,eqe500,1,carindex_master.csv,exact_normalized
model,mercedes/eqe-suv,EQE SUV,EQE SUV,eqesuv,1,carindex_master.csv,exact_normalized
model,mercedes/eqs-suv,EQS SUV,EQS SUV,eqssuv,3,carindex_master.csv,exact_normalized
model,mercedes/g-500,G 500,G 500,g500,1,carindex_master.csv,exact_normalized
model,mercedes/g-63,G 63,G 63,g63,1,carindex_master.csv,exact_normalized
model,mercedes/g580-with-eq-technology,G580 with EQ Technology,G580 with EQ Technology,g580witheqtechnology,1,carindex_master.csv,exact_normalized
model,mercedes/gla-180,GLA 180,GLA 180,gla180,1,carindex_master.csv,exact_normalized
model,mercedes/gla-200,GLA 200,GLA 200,gla200,1,carindex_master.csv,exact_normalized
model,mercedes/glb-200,GLB 200,GLB 200,glb200,1,carindex_master.csv,exact_normalized
model,mercedes/glc-200,GLC 200,GLC 200,glc200,2,carindex_master.csv,exact_normalized
model,mercedes/glc-300,GLC 300,GLC 300,glc300,1,carindex_master.csv,exact_normalized
model,mercedes/glc-300-coupe,GLC 300 Coupe,GLC 300 Coupe,glc300coupe,1,carindex_master.csv,exact_normalized
model,mercedes/glc-400,GLC 400,GLC 400,glc400,1,carindex_master.csv,exact_normalized
model,mercedes/glc-43,GLC 43,GLC 43,glc43,1,carindex_master.csv,exact_normalized
model,mercedes/gle-450,GLE 450,GLE 450,gle450,1,carindex_master.csv,exact_normalized
model,mercedes/gle-53,GLE 53,GLE 53,gle53,1,carindex_master.csv,exact_normalized
model,mercedes/gls-580,GLS 580,GLS 580,gls580,1,carindex_master.csv,exact_normalized
model,mercedes/gt53,GT53,GT53,gt53,1,carindex_master.csv,exact_normalized
model,mercedes/maybach-s-580,Maybach S 580,Maybach S 580,maybachs580,1,carindex_master.csv,exact_normalized
model,mercedes/s450,S450,S450,s450,1,carindex_master.csv,exact_normalized
model,mercedes/s500,S500,S500,s500,1,carindex_master.csv,exact_normalized
model,mercedes/s580,S580,S580,s580,1,carindex_master.csv,exact_normalized
model,mercedes/s63,S63,S63,s63,1,carindex_master.csv,exact_normalized
model,mercedes/sl55-amg,SL55 AMG,SL55 AMG,sl55amg,1,carindex_master.csv,exact_normalized
model,mercedes/v300,V300,V300,v300,1,carindex_master.csv,exact_normalized
model,mg/4,4,4,4,3,carindex_master.csv,exact_normalized
model,mg/5,5,5,5,5,carindex_master.csv,exact_normalized
model,mg/6,6,6,6,2,carindex_master.csv,exact_normalized
model,mg/7,7,7,7,5,carindex_master.csv,exact_normalized
model,mg/cyberster,Cyberster,Cyberster,cyberster,3,carindex_master.csv,exact_normalized
model,mg/g50-plus,G50 Plus,G50 Plus,g50plus,3,carindex_master.csv,exact_normalized
model,mg/gt,GT,GT,gt,5,carindex_master.csv,exact_normalized
model,mg/hs,HS,HS,hs,6,carindex_master.csv,exact_normalized
model,mg/one,One,One,one,3,carindex_master.csv,exact_normalized
model,mg/rx5,RX5,RX5,rx5,1,carindex_master.csv,exact_normalized
model,mg/rx5-plus,RX5 Plus,RX5 Plus,rx5plus,2,carindex_master.csv,exact_normalized
model,mg/rx9,RX9,RX9,rx9,3,carindex_master.csv,exact_normalized
model,mg/zs,ZS,ZS,zs,6,carindex_master.csv,exact_normalized
model,mhero/1,1,1,1,1,carindex_master.csv,exact_normalized
model,mini/cooper,Cooper,Cooper,cooper,12,carindex_master.csv,exact_normalized
model,mini/countryman,Countryman,Countryman,countryman,12,carindex_master.csv,exact_normalized
model,mitsubishi/attrage,Attrage,Attrage,attrage,1,carindex_master.csv,exact_normalized
model,mitsubishi/destinator,Destinator,Destinator,destinator,3,carindex_master.csv,exact_normalized
model,mitsubishi/eclipse-cross,Eclipse Cross,Eclipse Cross,eclipsecross,5,carindex_master.csv,exact_normalized
model,mitsubishi/l200,L200,L200,l200,1,carindex_master.csv,exact_normalized
model,mitsubishi/mirage,Mirage,Mirage,mirage,1,carindex_master.csv,exact_normalized
model,mitsubishi/outlander,Outlander,Outlander,outlander,1,carindex_master.csv,exact_normalized
model,mitsubishi/outlander-sport,Outlander Sport,Outlander Sport,outlandersport,5,carindex_master.csv,exact_normalized
model,mitsubishi/pajero-sport,Pajero Sport,Pajero Sport,pajerosport,1,carindex_master.csv,exact_normalized
model,mitsubishi/xpander,Xpander,Xpander,xpander,5,carindex_master.csv,exact_normalized
model,nissan/armada,Armada,Armada,armada,1,carindex_master.csv,exact_normalized
model,nissan/juke,Juke,Juke,juke,10,carindex_master.csv,exact_normalized
model,nissan/magnite,Magnite,Magnite,magnite,9,carindex_master.csv,exact_normalized
model,nissan/n7,N7,N7,n7,1,carindex_master.csv,exact_normalized
model,nissan/navara,Navara,Navara,navara,5,carindex_master.csv,exact_normalized
model,nissan/patrol,Patrol,Patrol,patrol,9,carindex_master.csv,exact_normalized
model,nissan/qashqai,Qashqai,Qashqai,qashqai,12,carindex_master.csv,exact_normalized
model,nissan/sentra,Sentra,Sentra,sentra,3,carindex_master.csv,exact_normalized
model,nissan/sunny,Sunny,Sunny,sunny,10,carindex_master.csv,exact_normalized
model,nissan/x-trail,X-Trail,X-Trail,xtrail,7,carindex_master.csv,exact_normalized
model,omoda/c5,C5,C5,c5,1,carindex_master.csv,exact_normalized
model,opel/corsa,Corsa,Corsa,corsa,1,carindex_master.csv,exact_normalized
model,opel/crossland,Crossland,Crossland,crossland,1,carindex_master.csv,exact_normalized
model,opel/frontera,Frontera,Frontera,frontera,1,carindex_master.csv,exact_normalized
model,opel/grandland,Grandland,Grand Land,grandland,11,carindex_master.csv,exact_normalized
model,opel/grandland,Grandland,Grandland,grandland,3,carindex_master.csv,exact_normalized
model,opel/mokka,Mokka,Mokka,mokka,1,carindex_master.csv,exact_normalized
model,opel/vectra,Vectra,Vectra,vectra,1,carindex_master.csv,exact_normalized
model,peugeot/2008,2008,2008,2008,2,carindex_master.csv,exact_normalized
model,peugeot/3008,3008,3008,3008,2,carindex_master.csv,exact_normalized
model,peugeot/408,408,408,408,4,carindex_master.csv,exact_normalized
model,peugeot/5008,5008,5008,5008,2,carindex_master.csv,exact_normalized
model,porsche/718,718,718,718,18,carindex_master.csv,exact_normalized
model,porsche/718-cayman-gts,718 Cayman GTS,718 Cayman GTS,718caymangts,1,carindex_master.csv,exact_normalized
model,porsche/911,911,911,911,8,carindex_master.csv,exact_normalized
model,porsche/911-carrera,911 Carrera,911 Carrera,911carrera,8,carindex_master.csv,exact_normalized
model,porsche/911-gt3,911 GT3,911 GT3,911gt3,3,carindex_master.csv,exact_normalized
model,porsche/911-turbo,911 Turbo,911 Turbo,911turbo,4,carindex_master.csv,exact_normalized
model,porsche/cayenne,Cayenne,Cayenne,cayenne,11,carindex_master.csv,exact_normalized
model,porsche/cayenne-coupe,Cayenne Coupe,Cayenne Coupe,cayennecoupe,5,carindex_master.csv,exact_normalized
model,porsche/macan,Macan,Macan,macan,7,carindex_master.csv,exact_normalized
model,porsche/macan-electric,Macan Electric,Macan Electric,macanelectric,4,carindex_master.csv,exact_normalized
model,porsche/panamera,Panamera,Panamera,panamera,14,carindex_master.csv,exact_normalized
model,porsche/targa,Targa,Targa,targa,2,carindex_master.csv,exact_normalized
model,porsche/taycan,Taycan,Taycan,taycan,17,carindex_master.csv,exact_normalized
model,proton/saga,Saga,Saga,saga,2,carindex_master.csv,exact_normalized
model,range-rover/evoque,Evoque,Evoque,evoque,1,carindex_master.csv,exact_normalized
model,rehigh/rh6,RH6,RH6,rh6,2,carindex_master.csv,exact_normalized
model,rely/r8,R8,R8,r8,2,carindex_master.csv,exact_normalized
model,renault/austral,Austral,Austral,austral,9,carindex_master.csv,exact_normalized
model,renault/duster,Duster,Duster,duster,6,carindex_master.csv,exact_normalized
model,renault/kardian,Kardian,Kardian,kardian,6,carindex_master.csv,exact_normalized
model,renault/megane,Megane,Megane,megane,6,carindex_master.csv,exact_normalized
model,renault/sandero,Sandero,Sandero,sandero,1,carindex_master.csv,exact_normalized
model,renault/sandero-stepway,Sandero Stepway,Sandero Stepway,sanderostepway,1,carindex_master.csv,exact_normalized
model,renault/taliant,Taliant,Taliant,taliant,4,carindex_master.csv,exact_normalized
model,rolls-royce/cullinan,Cullinan,Cullinan,cullinan,1,carindex_master.csv,exact_normalized
model,rolls-royce/spectre,Spectre,Spectre,spectre,1,carindex_master.csv,exact_normalized
model,rox/01,01,01,01,6,carindex_master.csv,exact_normalized
model,rox/adamas,Adamas,Adamas,adamas,3,carindex_master.csv,exact_normalized
model,sandstorm/s24,S24,S24,s24,1,carindex_master.csv,exact_normalized
model,seat/arona,Arona,Arona,arona,2,carindex_master.csv,exact_normalized
model,seat/ateca,Ateca,Ateca,ateca,1,carindex_master.csv,exact_normalized
model,seat/ibiza,Ibiza,Ibiza,ibiza,5,carindex_master.csv,exact_normalized
model,seat/leon,Leon,Leon,leon,1,carindex_master.csv,exact_normalized
model,shineray/x30,X30,X30,x30,1,carindex_master.csv,exact_normalized
model,skoda/karoq,KAROQ,KAROQ,karoq,2,carindex_master.csv,exact_normalized
model,skoda/kodiaq,KODIAQ,KODIAQ,kodiaq,10,carindex_master.csv,exact_normalized
model,skoda/octavia,Octavia,Octavia,octavia,6,carindex_master.csv,exact_normalized
model,skoda/octavia-a8,Octavia A8,Octavia A8,octaviaa8,1,carindex_master.csv,exact_normalized
model,skoda/superb,Superb,Superb,superb,6,carindex_master.csv,exact_normalized
model,smart/1,1,1,1,4,carindex_master.csv,exact_normalized
model,smart/3,3,3,3,3,carindex_master.csv,exact_normalized
model,smart/5,5,5,5,3,carindex_master.csv,exact_normalized
model,smart/hashtag-1,Hashtag 1,Hashtag 1,hashtag1,4,carindex_master.csv,exact_normalized
model,smart/hashtag-3,Hashtag 3,Hashtag 3,hashtag3,3,carindex_master.csv,exact_normalized
model,soueast/s-05,S 05,S 05,s05,3,carindex_master.csv,exact_normalized
model,soueast/s-06,S 06,S 06,s06,7,carindex_master.csv,exact_normalized
model,soueast/s-07,S 07,S 07,s07,5,carindex_master.csv,exact_normalized
model,soueast/s-08-dm,S 08 DM,S 08 DM,s08dm,1,carindex_master.csv,exact_normalized
model,soueast/s-09,S 09,S 09,s09,3,carindex_master.csv,exact_normalized
model,soueast/s08,S08,S08,s08,2,carindex_master.csv,exact_normalized
model,speranza/tiggo,Tiggo,Tiggo,tiggo,1,carindex_master.csv,exact_normalized
model,subaru/crosstrek,Crosstrek,Crosstrek,crosstrek,1,carindex_master.csv,exact_normalized
model,subaru/forester,Forester,Forester,forester,1,carindex_master.csv,exact_normalized
model,subaru/xv-crosstrek,XV Crosstrek,XV Crosstrek,xvcrosstrek,1,carindex_master.csv,exact_normalized
model,suzuki/alto,Alto,Alto,alto,1,carindex_master.csv,exact_normalized
model,suzuki/baleno,Baleno,Baleno,baleno,1,carindex_master.csv,exact_normalized
model,suzuki/celerio,Celerio,Celerio,celerio,1,carindex_master.csv,exact_normalized
model,suzuki/ciaz,Ciaz,Ciaz,ciaz,1,carindex_master.csv,exact_normalized
model,suzuki/ertiga,Ertiga,Ertiga,ertiga,1,carindex_master.csv,exact_normalized
model,suzuki/fronx,Fronx,Fronx,fronx,1,carindex_master.csv,exact_normalized
model,suzuki/jimny,Jimny,Jimny,jimny,1,carindex_master.csv,exact_normalized
model,suzuki/s-presso,S-Presso,S-Presso,spresso,1,carindex_master.csv,exact_normalized
model,suzuki/swift,Swift,Swift,swift,2,carindex_master.csv,exact_normalized
model,suzuki/swift-dzire,Swift Dzire,Swift Dzire,swiftdzire,1,carindex_master.csv,exact_normalized
model,tesla/cybertruck,Cybertruck,Cybertruck,cybertruck,1,carindex_master.csv,exact_normalized
model,tesla/model-y,Model Y,Model Y,modely,1,carindex_master.csv,exact_normalized
model,toyota/bz4x,bZ4X,bZ4X,bz4x,6,carindex_master.csv,exact_normalized
model,toyota/corolla,Corolla,Corolla,corolla,30,carindex_master.csv,exact_normalized
model,toyota/fortuner,Fortuner,Fortuner,fortuner,3,carindex_master.csv,exact_normalized
model,toyota/hiace,Hiace,Hiace,hiace,1,carindex_master.csv,exact_normalized
model,toyota/hilux,Hilux,Hilux,hilux,2,carindex_master.csv,exact_normalized
model,toyota/land-cruiser,Land Cruiser,Land Cruiser,landcruiser,1,carindex_master.csv,exact_normalized
model,toyota/tamaraw,Tamaraw,Tamaraw,tamaraw,1,carindex_master.csv,exact_normalized
model,toyota/urban-cruiser,Urban Cruiser,Urban Cruiser,urbancruiser,4,carindex_master.csv,exact_normalized
model,vgv/u70-pro,U70 Pro,U70 Pro,u70pro,2,carindex_master.csv,exact_normalized
model,vgv/u70p-plus,U70P Plus,U70 P plus,u70pplus,1,carindex_master.csv,exact_normalized
model,vgv/u70p-plus,U70P Plus,U70P Plus,u70pplus,1,carindex_master.csv,exact_normalized
model,vgv/u70pro-plus,U70Pro Plus,U70Pro Plus,u70proplus,2,carindex_master.csv,exact_normalized
model,volkswagen/golf,Golf,Golf,golf,2,carindex_master.csv,exact_normalized
model,volkswagen/id-4,ID.4,ID.4,id4,1,carindex_master.csv,exact_normalized
model,volkswagen/id-4-crozz,ID.4 Crozz,ID.4 Crozz,id4crozz,1,carindex_master.csv,exact_normalized
model,volkswagen/id-6-crozz,ID.6 Crozz,ID.6 Crozz,id6crozz,1,carindex_master.csv,exact_normalized
model,volkswagen/id-era-9x,ID-ERA 9X,ID-ERA 9X,idera9x,1,carindex_master.csv,exact_normalized
model,volkswagen/id7,id7,id7,id7,1,carindex_master.csv,exact_normalized
model,volkswagen/passat,Passat,Passat,passat,1,carindex_master.csv,exact_normalized
model,volkswagen/t-roc,T-Roc,T-Roc,troc,2,carindex_master.csv,exact_normalized
model,volkswagen/tayron,Tayron,Tayron,tayron,2,carindex_master.csv,exact_normalized
model,volkswagen/tiguan,Tiguan,Tiguan,tiguan,3,carindex_master.csv,exact_normalized
model,volkswagen/touareg,Touareg,Touareg,touareg,2,carindex_master.csv,exact_normalized
model,volvo/es90,ES90,ES 90,es90,1,carindex_master.csv,exact_normalized
model,volvo/es90,ES90,ES 90 / ES90,es90es90,1,vehicle_candidates.csv,slash_alias_same_model
model,volvo/es90,ES90,ES90,es90,1,carindex_master.csv,exact_normalized
model,volvo/ex30,EX30,EX30,ex30,6,carindex_master.csv,exact_normalized
model,volvo/ex90,EX90,EX90,ex90,2,carindex_master.csv,exact_normalized
model,volvo/xc-40,XC 40,XC 40,xc40,4,carindex_master.csv,exact_normalized
model,volvo/xc60,XC60,XC 60,xc60,3,carindex_master.csv,exact_normalized
model,volvo/xc60,XC60,XC60,xc60,3,carindex_master.csv,exact_normalized
model,volvo/xc60,XC60,XC60 / XC 60,xc60xc60,1,vehicle_candidates.csv,slash_alias_same_model
model,volvo/xc90,XC90,XC 90,xc90,1,carindex_master.csv,exact_normalized
model,volvo/xc90,XC90,XC90,xc90,1,carindex_master.csv,exact_normalized
model,volvo/xc90,XC90,XC90 / XC 90,xc90xc90,1,vehicle_candidates.csv,slash_alias_same_model
model,voyah/dream,Dream,Dream,dream,2,carindex_master.csv,exact_normalized
model,voyah/free,Free,Free,free,2,carindex_master.csv,exact_normalized
model,voyah/passion,Passion,Passion,passion,1,carindex_master.csv,exact_normalized
model,wingamm/oasi-540,Oasi 540,Oasi 540,oasi540,1,carindex_master.csv,exact_normalized
model,xiaomi/su7,SU7,SU7,su7,1,carindex_master.csv,exact_normalized
model,xiaomi/yu7,YU7,YU7,yu7,1,carindex_master.csv,exact_normalized
model,xpeng/g6,G6,G6,g6,1,carindex_master.csv,exact_normalized
model,xpeng/g7,G7,G7,g7,1,carindex_master.csv,exact_normalized
model,xpeng/g9,G9,G9,g9,3,carindex_master.csv,exact_normalized
model,xpeng/gx,GX,GX,gx,1,carindex_master.csv,exact_normalized
model,xpeng/m03,M03,M03,m03,2,carindex_master.csv,exact_normalized
model,xpeng/mona-l03,Mona L03,Mona L03,monal03,1,carindex_master.csv,exact_normalized
model,xpeng/p7,P7,P7,p7,1,carindex_master.csv,exact_normalized
model,xpeng/x9,X9,X9,x9,1,carindex_master.csv,exact_normalized
model,zeekr/001,001,001,001,3,carindex_master.csv,exact_normalized
model,zeekr/007,007,007,007,1,carindex_master.csv,exact_normalized
model,zeekr/7x,7X,7X,7x,3,carindex_master.csv,exact_normalized
model,zeekr/9x,9X,9X,9x,1,carindex_master.csv,exact_normalized
model,zeekr/x,X,X,x,2,carindex_master.csv,exact_normalized
