candidate_fingerprint,candidate_line,brand_raw,model_raw,model_year_raw,trim_raw,status_raw,brand_id,model_ids,method,review_id
a3c6d1f5d6f3,2,Toyota,Corolla,2026,Active,MATCH,toyota,toyota/corolla,exact_normalized,
72130c097c0e,3,Toyota,Corolla,2026,Comfort,MATCH,toyota,toyota/corolla,exact_normalized,
357a19d98ab3,4,Toyota,Corolla,2026,Smart,MATCH,toyota,toyota/corolla,exact_normalized,
0f275456a7ab,5,Toyota,Corolla,2026,Smart with Sunroof,MATCH,toyota,toyota/corolla,exact_normalized,
88d1213b0676,6,Toyota,Corolla,2026,Elegance,MATCH,toyota,toyota/corolla,exact_normalized,
309bae6f66d2,7,Toyota,Corolla,2026,Hybrid,SINGLE_SOURCE / UNVERIFIED,toyota,toyota/corolla,exact_normalized,
e286e906b7ef,8,Toyota,Corolla,2026,GR,SINGLE_SOURCE / MODEL_DISCOVERY,toyota,toyota/corolla,exact_normalized,
05f3c502529e,9,Toyota,Fortuner,2026,Sport 4.0 4WD,CONFIRMED_MATCH_ALL_SOURCES,toyota,toyota/fortuner,exact_normalized,
9cb932f500d7,10,Toyota,Hilux,2026,Single Cab (Manual),CONFIRMED_MATCH_ALL_SOURCES,toyota,toyota/hilux,exact_normalized,
4aa8245c73b1,11,Toyota,Urban Cruiser,2026,Active,CONFIRMED_MATCH_ALL_SOURCES,toyota,toyota/urban-cruiser,exact_normalized,
4ea1e233d61f,12,Toyota,Urban Cruiser,2026,Comfort,CONFIRMED_MATCH_ALL_SOURCES,toyota,toyota/urban-cruiser,exact_normalized,
db100c3ee495,13,Toyota,bZ4X,2026,Sport/Sport FWD,PRICE_CONFLICT,toyota,toyota/bz4x,exact_normalized,
2dec094c3d00,14,Toyota,bZ4X,2026,Premier/Premier AWD,CONFIRMED_MATCH_ALL_SOURCES,toyota,toyota/bz4x,exact_normalized,
9ab27b37d3d5,15,Toyota,Land Cruiser,2026,Unspecified (parallel import),SINGLE_SOURCE / NO_OFFICIAL_LISTING,toyota,toyota/land-cruiser,exact_normalized,
fead8bbd44d7,16,Toyota,Hiace,2026,Unspecified,SINGLE_SOURCE / NO_OFFICIAL_LISTING,toyota,toyota/hiace,exact_normalized,
3168e37d8294,17,Toyota,Tamaraw,2025,Unspecified,SINGLE_SOURCE / NO_OFFICIAL_LISTING,toyota,toyota/tamaraw,exact_normalized,
cb1c44eeb300,18,Hyundai,Tucson,2026 (ContactCars-labeled cohort),SHADOW..NLINE (7 trims),SINGLE_SOURCE_FOR_THIS_COHORT,hyundai,hyundai/tucson,exact_normalized,
9227ba7c1655,19,Hyundai,Tucson,2027,SHADOW..NLINE (7 trims),MATCH (confirmed per-trim),hyundai,hyundai/tucson,exact_normalized,
3cd344a69e85,20,Hyundai,Tucson,2027 (Hatla2ee-labeled cohort),SHADOW..N-Line (7 trims),PRICE_CONFLICT,hyundai,hyundai/tucson,exact_normalized,
1303b72b645b,21,Hyundai,Tucson,2025 (older cohort),SHADOW..N-Line (6 trims),SINGLE_SOURCE / MODEL_DISCOVERY,hyundai,hyundai/tucson,exact_normalized,
78cc9a781a81,22,Hyundai,i30,2026,Blaze/Redline/NLine Hatchback+Fastback (6 shared trims),MATCH,hyundai,hyundai/i30,exact_normalized,
43e01a9662bf,23,Hyundai,Elantra AD,2026 (ContactCars-detailed),Baseline/Modern/Topline (4 trims),SINGLE_SOURCE_FOR_THIS_COHORT,hyundai,hyundai/elantra-ad,exact_normalized,
c43561d0f5ae,24,Hyundai,Elantra AD,2027,Baseline/Modern/Topline (4 trims),MATCH (confirmed per-trim),hyundai,hyundai/elantra-ad,exact_normalized,
25141c6a34b9,25,Kia,Sportage,2026 (ContactCars-detailed),LX..GT Line (5 trims),SINGLE_SOURCE_FOR_THIS_COHORT,kia,kia/sportage,exact_normalized,
59a218d57478,26,Kia,Sportage,2027,LX..GT Line (5 trims),"PRICE_CONFLICT (confirmed, small but real)",kia,kia/sportage,exact_normalized,
2b079c19e303,27,Kia,Sportage,2025 (older cohort),LX..GT-Line (5 trims),SINGLE_SOURCE / MODEL_DISCOVERY,kia,kia/sportage,exact_normalized,
a89f6437a80e,28,Kia,Seltos,2026,EX/Highline Turbo/Topline Turbo,MATCH,kia,kia/seltos,exact_normalized,
eec5dd850096,29,Kia,Grand Cerato,2024,1.6 A/T LX FO (etc.),PRICE_CONFLICT (within same source),kia,kia/grand-cerato,exact_normalized,
9a90e8d7295a,30,Chevrolet,Optra,2026,LS/LT,SINGLE_SOURCE_FOR_THIS_COHORT,chevrolet,chevrolet/optra,exact_normalized,
c97ca43b1cfe,31,Chevrolet,Optra,2027,LS/LT,MATCH,chevrolet,chevrolet/optra,exact_normalized,
12f1c4b5519d,32,Chevrolet,Captiva,2026,7-seat single trim,MATCH,chevrolet,chevrolet/captiva,exact_normalized,
35a537b13d4d,33,Chevrolet,Malibu,2022 (sold as New),1.5 A/T Turbo Premier,SINGLE_SOURCE / MODEL_YEAR_FLAG,chevrolet,chevrolet/malibu,exact_normalized,
20e15286fa7b,34,BYD,Atto 8,2026,Ultra(CC/Hatla2ee)/Design(EgyCar),PRICE_CONFLICT (minor) + NAMING_DIFFERENCE,byd,byd/atto-8,exact_normalized,
ccee4f0a09f0,35,BYD,Sealion 5,2026,Ultra/Luxury,CONFIRMED_MATCH_ALL_SOURCES,byd,byd/sealion-5,exact_normalized,
a59d8fb3e3ac,36,BYD,Seal,2025,Unspecified / Other Trims,SIGNIFICANT_PRICE_CONFLICT,byd,byd/seal,exact_normalized,
50acf784a512,37,BYD,Sealion 6,2025 (CC) vs 2026/2027 (Hatla2ee),"Unspecified(CC) / EV, EV Luxury, DM-i Ultra, DM-i Luxury (4 Hatla2ee trims)",PRICE_CONFLICT + MODEL_YEAR_CONFLICT,byd,byd/sealion-6,exact_normalized,
551126102159,38,BYD,Song L,2024 (sold as New),662 Km Excellent,SINGLE_SOURCE / MODEL_YEAR_FLAG,byd,byd/song-l,exact_normalized,
48ca34748d6e,39,BYD,F3,2025,Manual/Automatic (2 trims),SINGLE_SOURCE/MODEL_DISCOVERY,byd,byd/f3,exact_normalized,
a545c9fd1da6,40,BYD,Dolphin Surf,2027,Automatic (1 trim),CONFIRMED_MATCH_ALL_SOURCES,byd,byd/dolphin-surf,exact_normalized,
31d547df83ee,41,BYD,TI 7,2027,Ultra/Luxury (2 trims),SINGLE_SOURCE/MODEL_DISCOVERY,byd,byd/ti-7,exact_normalized,
e26a8f537e1a,42,BYD,M9,2027,Ultra/Luxury (2 trims),SINGLE_SOURCE/MODEL_DISCOVERY,byd,byd/m9,exact_normalized,
bb2f12d5cf00,43,Hyundai,Venue,2027,Mid/base/Topline (3 trims),SINGLE_SOURCE / PRICE_NOT_PUBLISHED,hyundai,hyundai/venue,exact_normalized,
5f0663e71c8e,44,Hyundai,IONIQ 6,2025,Connect Plus/Extreme RWD/Extreme AWD,SINGLE_SOURCE_FOR_THIS_COHORT,hyundai,hyundai/ioniq-6,exact_normalized,
2a979a2d190d,45,Hyundai,IONIQ 9,2026,Connect/Extreme/Caligraphy,SINGLE_SOURCE_FOR_THIS_COHORT,hyundai,hyundai/ioniq-9,exact_normalized,
04dedf2ae1a5,46,Hyundai,Santa Fe,2025,HEV Executive RWD/HEV Calligraphy AWD,SINGLE_SOURCE_FOR_THIS_COHORT,hyundai,hyundai/santa-fe,exact_normalized,
9135d8a8c578,47,Kia,EV3,2026,Air/Earth/GT Line,CONFIRMED_MATCH_ALL_SOURCES,kia,kia/ev3,exact_normalized,
60fed50aa905,48,Kia,K4,2026,Highline/GT Line/GT Line Black Edition,"PRICE_CONFLICT (trivial, 100 EGP)",kia,kia/k4,exact_normalized,
13f28104271f,49,Kia,EV5,2025,Air/Earth/GT Line,SINGLE_SOURCE_FOR_THIS_COHORT,kia,kia/ev5,exact_normalized,
eda7c0b6bd14,50,Kia,EV6,2025/2026,"Earth/GT Line (2025, hatchback); GT (2026, listed as SUV)",SINGLE_SOURCE_FOR_THIS_COHORT + MODEL_YEAR_CONFLICT,kia,kia/ev6,exact_normalized,
b151b89658f4,51,Kia,EV9,2025,GT Line 7/6 Swivel/6 Relax,SINGLE_SOURCE_FOR_THIS_COHORT,kia,kia/ev9,exact_normalized,
95db44a99530,52,Kia,Sorento,2026,HEV Topline 7 Seats (1 trim),SINGLE_SOURCE_FOR_THIS_COHORT,kia,kia/sorento,exact_normalized,
f86fcdafe2f8,53,Kia,Carnival,2026,HEV Topline 8 Seats (1 trim),SINGLE_SOURCE_FOR_THIS_COHORT,kia,kia/carnival,exact_normalized,
b65ec35c55eb,54,Soueast,S 05,2027,Highline (1 trim),CONFIRMED_MATCH_ALL_SOURCES,soueast,soueast/s-05,exact_normalized,
0985e5c4a588,55,Soueast,S 06,2027,Highline/Premium/DM (3 trims),"PRICE_CONFLICT (trivial, 1,000 EGP)",soueast,soueast/s-06,exact_normalized,
7752f5358d6f,56,Soueast,S 07,2027,Highline/Premium (2 trims),CONFIRMED_MATCH_ALL_SOURCES,soueast,soueast/s-07,exact_normalized,
0cdec7e932ee,57,Soueast,S 09,2027,Premium (1 trim),CONFIRMED_MATCH_ALL_SOURCES,soueast,soueast/s-09,exact_normalized,
54f0689af0c9,58,Soueast,S 08 DM,2027,Intelligent (1 trim),"PRICE_CONFLICT (trivial, 1,000 EGP) + NAMING_DIFFERENCE",soueast,soueast/s-08-dm,exact_normalized,
45b322c1c294,59,Nissan,Sunny,2027,Manual Base/A/T Base/AT Mid/AT Super salon (4 trims),VARIANT_DISCOVERY + MINOR_PRICE_CONFLICT,nissan,nissan/sunny,exact_normalized,
52378a35cd99,60,Nissan,Magnite,2027,Visia/Acenta/Tekna/Tekna+ (4 trims),CONFIRMED_MATCH_ALL_SOURCES,nissan,nissan/magnite,exact_normalized,
1f2e0803161d,61,Nissan,Sentra,2026/2027,Premium/Full Option (1 trim),MODEL_YEAR_CONFLICT + PRICE_CONFLICT,nissan,nissan/sentra,exact_normalized,
fa181faee0bb,62,Nissan,Juke,2025 / 2026 / 2027,Multiple conflicting lineups,MODEL_YEAR_CONFLICT + MODEL_DISCOVERY + NAMING_DIFFERENCE,nissan,nissan/juke,exact_normalized,
51ea8a4f61a7,63,Nissan,Navara,2026,Single Cab XE Plus/4WD MT XE Plus/4WD AT SE Plus/4WD MT LE Plus/4WD AT LE Plus (5 trims),SINGLE_SOURCE_FOR_THIS_COHORT,nissan,nissan/navara,exact_normalized,
c26983b7f29c,64,Nissan,Qashqai,2027,N-connecta/N-connecta Plus/N-connecta+2T/Tekna2T/N-Design e-PWR/Tekna Plus 4WD (6 trims CC) vs 5 trims (EgyCar/Hatla2ee),VARIANT_DISCOVERY + PRICE_CONFLICT,nissan,nissan/qashqai,exact_normalized,
3acce4eb21f8,65,Nissan,X-Trail,2026,Acenta Plus/N-Trek/Tekna (3 trims),SIGNIFICANT_PRICE_CONFLICT,nissan,nissan/x-trail,exact_normalized,
f4ebba7f745e,66,Nissan,Patrol,2025/2026,XE/SE/SE Titanium/LE1/SE Platinum City/LE2/LE Titanium/LE Platinum City (8 trims),MODEL_YEAR_CONFLICT_ONLY,nissan,nissan/patrol,exact_normalized,
87900a12c1ac,67,Nissan,N7,2025,FWD (1 trim),SINGLE_SOURCE / PRICE_NOT_PUBLISHED,nissan,nissan/n7,exact_normalized,
8ed42d50404c,68,Nissan,Armada,2026,Unspecified,SINGLE_SOURCE / NO_OFFICIAL_PAGE_FOUND,nissan,nissan/armada,exact_normalized,
e7d913f54548,69,MG,4,2026,Standard/Luxury (2 trims),"CONFIRMED_MATCH (Hatla2ee range only, no trim split)",mg,mg/4,exact_normalized,
cd0ea08bf8c5,70,MG,5,2027,Comfort/Luxury (2 trims),CONFIRMED_MATCH_ALL_SOURCES,mg,mg/5,exact_normalized,
51cbbdb1872e,71,MG,6,2026,A/T LUX Black/Red Interior (2 trims),MODEL_DISCOVERY,mg,mg/6,exact_normalized,
693b05a50ee3,72,MG,7,2026/2027,Luxury/Trophy (2 trims),MODEL_YEAR_CONFLICT_ONLY,mg,mg/7,exact_normalized,
bca5155bfd63,73,MG,Cyberster,2026/2027,Trophy RWD (1 trim),MODEL_YEAR_CONFLICT_ONLY,mg,mg/cyberster,exact_normalized,
2d156339da97,74,MG,G50 Plus,2026/2027,1.5 A/T Luxury (1 trim),MODEL_YEAR_CONFLICT_ONLY,mg,mg/g50-plus,exact_normalized,
514f7482ebad,75,MG,GT,2026/2027,Comfort/Luxury (2 trims),MODEL_YEAR_CONFLICT_ONLY,mg,mg/gt,exact_normalized,
13546ccc3aa6,76,MG,HS,2026/2027,"+Luxury(Plus Luxury)/HEV (2 trims), plus a 3rd unexplained price point",SIGNIFICANT_PRICE_CONFLICT + MODEL_YEAR_CONFLICT,mg,mg/hs,exact_normalized,
b8dee4706c92,77,MG,One,2026/2027,Luxury (1 trim),MODEL_YEAR_CONFLICT_ONLY,mg,mg/one,exact_normalized,
e84cab8ab580,78,MG,RX5,2025/2026/2027,Unspecified (classified only),SINGLE_SOURCE / NO_OFFICIAL_PAGE_FOUND,mg,mg/rx5,exact_normalized,
a50df998dabb,79,MG,RX5 Plus,2026/2027,Luxury (1 trim),MODEL_YEAR_CONFLICT_ONLY,mg,mg/rx5-plus,exact_normalized,
435cfbaad0d2,80,MG,RX9,2027,Luxury (1 trim),CONFIRMED_MATCH_ALL_SOURCES (minor rounding),mg,mg/rx9,exact_normalized,
6c6aee6758ed,81,MG,ZS,2026/2027,Comfort/Luxury(Plus)/Facelift MCE (2-3 trims across sources),VARIANT_DISCOVERY + MODEL_YEAR_CONFLICT,mg,mg/zs,exact_normalized,
2cc0fb56f813,82,Chery,Arrizo 5,2026/2027,Comfort/Elite/Premium (3 trims per year),PRICE_CONFLICT + MODEL_YEAR_CONFLICT,chery,chery/arrizo-5,exact_normalized,
e29ad5a96477,83,Chery,Arrizo 6 GT,2026/2027,Comfort/Luxury (2 trims),MODEL_YEAR_CONFLICT_ONLY,chery,chery/arrizo-6-gt,exact_normalized,
a2370f1da885,84,Chery,Arrizo 8,2026/2027,Premium/Elite (2 trims),MODEL_YEAR_CONFLICT_ONLY,chery,chery/arrizo-8,exact_normalized,
9c4f871399aa,85,Chery,QQ,2027,Unspecified (classified only),SINGLE_SOURCE/DATA_QUALITY_FLAG,chery,chery/qq,exact_normalized,
3f8b06004327,86,Chery,Tiggo 3,2026,"Unspecified (1 trim, discovery)",MODEL_DISCOVERY,chery,chery/tiggo-3,exact_normalized,
4a19af481615,87,Chery,Tiggo 4 PRO,2026/2027,Comfort/Luxury/Flagship (3 trims),MODEL_YEAR_CONFLICT_ONLY,chery,chery/tiggo-4-pro,exact_normalized,
feef9a538ca0,88,Chery,Tiggo 7,2026/2027,Comfort/Luxury (2 trims),MODEL_YEAR_CONFLICT_ONLY,chery,chery/tiggo-7,exact_normalized,
0f8d9897376c,89,Chery,Tiggo 7 Pro,2026/2027,Comfort/Luxury (2 trims); plus a second unmatched 2026 cohort on Hatla2ee,CONFIRMED_MATCH_ALL_SOURCES (2027) + MODEL_DISCOVERY (2026 cohort),chery,chery/tiggo-7-pro,exact_normalized,
45e110cba5f3,90,Chery,Tiggo 7 Pro Max,2026/2027,Comfort/Luxury (2 trims),MODEL_YEAR_CONFLICT_ONLY,chery,chery/tiggo-7-pro-max,exact_normalized,
78565278475f,91,Chery,Tiggo 8,2026/2027,Comfort/Luxury/Flagship (3 trims),MODEL_YEAR_CONFLICT_ONLY,chery,chery/tiggo-8,exact_normalized,
1fd1bb2fc1b4,92,Chery,Tiggo 8 PRO,2026/2027,Luxury/Flagship (2 trims),MODEL_YEAR_CONFLICT_ONLY,chery,chery/tiggo-8-pro,exact_normalized,
73a21e3cafe3,93,Chery,Tiggo 8 Pro Max,2026/2027,Luxury/Flagship (2 trims),MODEL_YEAR_CONFLICT_ONLY,chery,chery/tiggo-8-pro-max,exact_normalized,
61b22de8bba4,94,Chery,Tiggo 9,2027,Flagship (1 trim),CONFIRMED_MATCH_ALL_SOURCES,chery,chery/tiggo-9,exact_normalized,
776b258dd7ae,95,Chery,eQ7,2027,Unspecified (1 trim),CONFIRMED_MATCH_ALL_SOURCES,chery,chery/eq7,exact_normalized,
9b7f78802b96,96,Hyundai,Accent RB,2026,GL/SR/DAB ABS/Highline/DAB ABS PLUS (5 trims),MODEL_DISCOVERY,hyundai,hyundai/accent-rb,exact_normalized,
d5795eee6986,97,Hyundai,Elantra AD,2026/2027,Baseline/Modern/Modern Sunroof/Topline (4 trims per year),"CONFIRMED_MATCH_ALL_SOURCES (2027, minor naming diff: 'Smart' vs 'Baseline')",hyundai,hyundai/elantra-ad,exact_normalized,
3076f23e3708,98,Hyundai,Elantra CN7,2025,Shadow/Blaze/RedLine/Black Diamond (4 trims),CONFIRMED_MATCH_ALL_SOURCES,hyundai,hyundai/elantra-cn7,exact_normalized,
d1eee31791ea,99,Hyundai,i 30,2026,"HB/FB/SW Blaze, HB/SW/FB Redline, HB/FB NLine (8 trims on ContactCars; Hatla2ee shows only 4)",VARIANT_DISCOVERY + COVERAGE_GAP,hyundai,hyundai/i30,exact_normalized,
5fd15cb7e216,100,Hyundai,IONIQ 6,2025,Connect Plus Long Range RWD/Extreme Long Range RWD/Extreme Long Range AWD (3 trims),PRICE_CONFLICT,hyundai,hyundai/ioniq-6,exact_normalized,
cde880c1c9ac,101,Hyundai,IONIQ 5,2025,Connect Plus LR RR/Extreme LR RR/Extreme LR AWD/N Boost 84 (4 trims),CONFIRMED_MATCH_ALL_SOURCES,hyundai,hyundai/ioniq-5,exact_normalized,
d32bcb6310d1,102,Hyundai,IONIQ 9,2026,Connect/Extreme/Caligraphy (3 trims),CONFIRMED_MATCH_ALL_SOURCES,hyundai,hyundai/ioniq-9,exact_normalized,
678913efdb46,103,Hyundai,Santa Fe,2025,HEV Executive RWD/HEV Calligraphy AWD (2 trims),PRICE_CONFLICT (top trim only),hyundai,hyundai/santa-fe,exact_normalized,
55b34775e689,104,Hyundai,Staria,2025,HEV Premium Lounge 7 Seats (1 trim),SINGLE_SOURCE,hyundai,hyundai/staria,exact_normalized,
63f0b1542b26,105,Hyundai,Venue,2027,"Mid/base/Topline (3 trims, unspecified pricing)",SINGLE_SOURCE/PRICE_NOT_PUBLISHED,hyundai,hyundai/venue,exact_normalized,
651595a1a26d,106,Jetour,Dashing,2027,Comfort (unpriced)/Luxury 1.5L/Luxury 1.6L (3 trims across sources),VARIANT_DISCOVERY,jetour,jetour/dashing,exact_normalized,
0dae646ae664,107,Jetour,X70 - facelift,2027,Comfort/Luxury (2 trims),CONFIRMED_MATCH_ALL_SOURCES,jetour,jetour/x70-facelift,exact_normalized,
c1f0a7163ba6,108,Jetour,X70 Plus CKD,2027,Luxury (1 trim),CONFIRMED_MATCH_ALL_SOURCES,jetour,jetour/x70-plus-ckd,exact_normalized,
7798f1454e5d,109,Jetour,X90 Plus,2027,Luxury FL (1 trim),CONFIRMED_MATCH_ALL_SOURCES,jetour,jetour/x90-plus,exact_normalized,
b764aefe3095,110,Jetour,T1,2027,Luxury/Matt Colour (2 trims),CONFIRMED_MATCH_ALL_SOURCES,jetour,jetour/t1,exact_normalized,
9a3a0618803c,111,Jetour,T2,2027,Luxury 1.5L/Matt Colour/i-DM hybrid (3 trims),CONFIRMED_MATCH_ALL_SOURCES,jetour,jetour/t2,exact_normalized,
4406e58b9857,112,Skoda,Octavia,2026,Selection Loft,CONFIRMED_MATCH_ALL_SOURCES,skoda,skoda/octavia,exact_normalized,
21e1ffbae31f,113,Skoda,Octavia,2026,Selection Lounge,CONFIRMED_MATCH_ALL_SOURCES,skoda,skoda/octavia,exact_normalized,
fbc342e27115,114,Skoda,Octavia,2026,Selection Suite,PRICE_CONFLICT,skoda,skoda/octavia,exact_normalized,
8c74caefc865,115,Skoda,KAROQ,2026,Selection Suite (1 trim),CONFIRMED_MATCH_ALL_SOURCES,skoda,skoda/karoq,exact_normalized,
f2e4f66ca263,116,Skoda,Superb,2026,Selection 1.5/L&K 1.5/L&K 2.0 (3 trims),CONFIRMED_MATCH_ALL_SOURCES,skoda,skoda/superb,exact_normalized,
5784de781bae,117,Skoda,KODIAQ,2026,Selection Loft/Selection Suite/Sportline (3 trims),CONFIRMED_MATCH_ALL_SOURCES,skoda,skoda/kodiaq,exact_normalized,
c8c1b0960dc9,118,Skoda,KODIAQ,2025,Loft/Lounge/Suite/Sportline (4 trims),SINGLE_SOURCE/MODEL_YEAR_DISCOVERY,skoda,skoda/kodiaq,exact_normalized,
24a0d27b3d68,119,Volkswagen,Golf,2025,Life (1 trim),SINGLE_SOURCE/NO_HATLA2EE_COVERAGE,volkswagen,volkswagen/golf,exact_normalized,
29e7aeab6b5f,120,Volkswagen,T-Roc,2026,R-line (1 trim),SINGLE_SOURCE/NO_HATLA2EE_COVERAGE,volkswagen,volkswagen/t-roc,exact_normalized,
bbfe95811408,121,Volkswagen,Tiguan,2026,R-Line (1 trim),SINGLE_SOURCE/NO_HATLA2EE_COVERAGE,volkswagen,volkswagen/tiguan,exact_normalized,
0c1ba9a5329d,122,Volkswagen,Tayron,2026,R-Line (1 trim),SINGLE_SOURCE/NO_HATLA2EE_COVERAGE,volkswagen,volkswagen/tayron,exact_normalized,
ef85707611c8,123,Volkswagen,Touareg,2025,R-Line (1 trim),SINGLE_SOURCE/NO_HATLA2EE_COVERAGE,volkswagen,volkswagen/touareg,exact_normalized,
081ee3a4c814,124,Volkswagen,ID.4 Crozz / ID.4 / ID.6 Crozz / id7 / ID-ERA 9X,"2022-2026 (mixed, classified)","Unspecified (5 electric models, classified only)",SINGLE_SOURCE/NO_OFFICIAL_LISTING,volkswagen,volkswagen/id-4;volkswagen/id-4-crozz;volkswagen/id-6-crozz;volkswagen/id-era-9x;volkswagen/id7,unresolved,R-ed88793bb0f8
347bd02efcea,125,Changan,EADO,2026,Elite/Flagship (2 trims),SINGLE_SOURCE/NO_HATLA2EE_CHECK,changan,changan/eado,exact_normalized,
54083dc51a5b,126,Changan,CS35 PLUS,2026,ELITE/PREMIUM/FLAGSHIP (3 trims),SINGLE_SOURCE/NO_HATLA2EE_CHECK,changan,changan/cs35-plus,exact_normalized,
07537f15706e,127,Changan,Eado Plus,2026,Elite/Premium/Flagship (3 trims),SINGLE_SOURCE/NO_HATLA2EE_CHECK,changan,changan/eado-plus,exact_normalized,
8a47fa333955,128,Changan,CS55-Plus,2026,Elite (Local)/Premium (Local)/Flagship (3 trims),SINGLE_SOURCE/NO_HATLA2EE_CHECK,changan,changan/cs55-plus,exact_normalized,
cfee4cfbb83e,129,Changan,CS55-Plus,2027,Elite/Premium (2 trims),SINGLE_SOURCE/MODEL_YEAR_CONFLICT_ONLY,changan,changan/cs55-plus,exact_normalized,
f795bab06e6b,130,Changan,UNI-V,2026,Flagship (1 trim),SINGLE_SOURCE/NO_HATLA2EE_CHECK,changan,changan/uni-v,exact_normalized,
6ad5b8524727,131,Changan,UNI-T,2026,Premium/Flagship (2 trims),SINGLE_SOURCE/NO_HATLA2EE_CHECK,changan,changan/uni-t,exact_normalized,
f279449198ed,132,Changan,CS75 Plus,2026,PREMIUM/FLAGSHIP (2 trims),SINGLE_SOURCE/NO_HATLA2EE_CHECK,changan,changan/cs75-plus,exact_normalized,
439e7739a0da,133,Renault,Taliant,2026,Evolution/Techno (2 trims),CONFIRMED_MATCH_ALL_SOURCES,renault,renault/taliant,exact_normalized,
22f921d03c16,134,Renault,Kardian,2026,Evolution/Techno/Iconic (3 trims),CONFIRMED_MATCH_ALL_SOURCES,renault,renault/kardian,exact_normalized,
427212e68c1a,135,Renault,Duster,2026,Authentic-H1/Evolution-H2/Techno-H3 (3 trims),CONFIRMED_MATCH_ALL_SOURCES,renault,renault/duster,exact_normalized,
9b611aa348b0,136,Renault,Megane,2026,1.6 Dynamic/1.6 Signature/1.3 Turbo Signature (3 trims),CONFIRMED_MATCH_ALL_SOURCES,renault,renault/megane,exact_normalized,
5eeb86be5988,137,Renault,Austral,2026,Evolution/Techno/Iconic/Esprit Alpine (4 matched trims) + Esprit Alpine/B/E (Hatla2ee-only 5th),SIGNIFICANT_PRICE_CONFLICT,renault,renault/austral,exact_normalized,
31195c055807,138,Baic,BJ30,2026,Pro/Ultra-Hybrid/Off road-Hybrid (3 trims),CONFIRMED_MATCH_ALL_SOURCES,baic,baic/bj30,exact_normalized,
82c9108b0aa0,139,Baic,U5 Plus,2026,Manual/Comfort/Top Line (3 trims),CONFIRMED_MATCH_ALL_SOURCES,baic,baic/u5-plus,exact_normalized,
4f215638781b,140,Baic,X35 / X3,2026,"Luxury (1 trim, ContactCars) / (1 class, Hatla2ee as 'X3')",NAMING_DIFFERENCE,baic,baic/x3;baic/x35,unresolved,R-62054483c97e
12889abe925f,141,Baic,X 55,2026,High Line/Top Line/Premium (3 trims),CONFIRMED_MATCH_ALL_SOURCES,baic,baic/x55,exact_normalized,
01758809a3f1,142,Baic,X7,2026,High Line/Top Line/Premium (3 trims),CONFIRMED_MATCH_ALL_SOURCES,baic,baic/x7,exact_normalized,
af05e5e00612,143,Mitsubishi,Outlander Sport,2025 (ContactCars) vs 2026 (Hatla2ee),High Line/Premium (2 ContactCars trims) vs Midline/High Line/Premium Line (3 Hatla2ee trims),MODEL_YEAR_CONFLICT,mitsubishi,mitsubishi/outlander-sport,exact_normalized,
55c656d3abd5,144,Mitsubishi,Attrage,2025,Highline (1 trim),SINGLE_SOURCE/NO_OFFICIAL_PAGE_FOUND,mitsubishi,mitsubishi/attrage,exact_normalized,
4c6b74d996b9,145,Mitsubishi,Mirage,2025,Highline (1 trim),SINGLE_SOURCE/NO_OFFICIAL_PAGE_FOUND,mitsubishi,mitsubishi/mirage,exact_normalized,
2b98b3236a2b,146,Mitsubishi,Xpander,2026,Ignite-ML/Spark-HL/Premium-PL (3 trims),SINGLE_SOURCE/NO_OFFICIAL_PAGE_FOUND,mitsubishi,mitsubishi/xpander,exact_normalized,
e129f7aa8c48,147,Mitsubishi,Xpander,2027,Highline/Premium line (2 trims),SINGLE_SOURCE/MODEL_YEAR_DISCOVERY,mitsubishi,mitsubishi/xpander,exact_normalized,
86286f81f61d,148,Mitsubishi,Eclipse Cross,2026,Insport BL/Insport PLUS-ML PLUS/Inspire-HL/Instyle TL/INFINITY-PL AWD (5 trims),SINGLE_SOURCE/NO_OFFICIAL_PAGE_FOUND,mitsubishi,mitsubishi/eclipse-cross,exact_normalized,
e7a7e8fdbad2,149,Mitsubishi,Destinator,2027,Mid Line/High Line/Premium Line (3 trims),SINGLE_SOURCE/NO_OFFICIAL_PAGE_FOUND,mitsubishi,mitsubishi/destinator,exact_normalized,
1367ffbaf27d,150,Peugeot,2008,2027,ALLURE/GT (2 trims),SINGLE_SOURCE/NO_OFFICIAL_PAGE_FOUND,peugeot,peugeot/2008,exact_normalized,
b81194961749,151,Peugeot,408,2027,Allure/GT (2 trims),SINGLE_SOURCE/NO_OFFICIAL_PAGE_FOUND,peugeot,peugeot/408,exact_normalized,
308e7bc6bceb,152,Peugeot,408,2026,ALLURE PACK/GT (2 trims),SINGLE_SOURCE/MODEL_YEAR_CONFLICT_ONLY,peugeot,peugeot/408,exact_normalized,
48a9615f913f,153,Peugeot,3008,2027,Allure/GT (2 trims),SINGLE_SOURCE/NO_OFFICIAL_PAGE_FOUND,peugeot,peugeot/3008,exact_normalized,
e9d2ba36c158,154,Peugeot,5008,2027,Allure/GT (2 trims),SINGLE_SOURCE/NO_OFFICIAL_PAGE_FOUND,peugeot,peugeot/5008,exact_normalized,
28a26c47594d,155,Geely,EX2,2026,Pro/Max (2 trims),SINGLE_SOURCE/NO_OFFICIAL_PAGE_FOUND,geely,geely/ex2,exact_normalized,
57a55eefc910,156,Geely,GX3 Pro,2025,"Premium (2 distributor listings, same price)",SINGLE_SOURCE/CONFIRMED_MATCH_ACROSS_DISTRIBUTORS,geely,geely/gx3-pro,exact_normalized,
9c262e8d43ec,157,Geely,Emgrand,2026,Comfort/Luxury x2 distributors (4 raw trims),SINGLE_SOURCE/CONFIRMED_MATCH_ACROSS_DISTRIBUTORS,geely,geely/emgrand,exact_normalized,
0302eb428681,158,Geely,Cool Ray,2026,Comfort/Premium/GL/Sport x2 distributors (9 raw trims incl. 2 likely duplicates),SINGLE_SOURCE/DATA_QUALITY_FLAG,geely,geely/cool-ray,exact_normalized,
d8113a902e0c,159,Geely,City Ray,2026,Comfort/Premium/Sport (3 trims),SINGLE_SOURCE/NO_OFFICIAL_PAGE_FOUND,geely,geely/city-ray,exact_normalized,
05a05e768f7f,160,Geely,Starray,2025,Comfort/Premium/Sport/Sport+ x2 distributors (8 raw trims),SINGLE_SOURCE/DATA_QUALITY_FLAG,geely,geely/starray,exact_normalized,
f59c6b3a3d77,161,Geely,EX5 EM-i,2026,Pro/Max (2 PHEV trims),SINGLE_SOURCE/NO_OFFICIAL_PAGE_FOUND,geely,geely/ex5-em-i,exact_normalized,
ebe6f217dd70,162,Geely,EX5,2026,Pro/Max/Pro Max (3 EV trims),SINGLE_SOURCE/NAMING_DIFFERENCE,geely,geely/ex5,exact_normalized,
7933ce98e04a,163,Geely,Okavango,2025,"Premium (2 distributor listings, same price)",SINGLE_SOURCE/CONFIRMED_MATCH_ACROSS_DISTRIBUTORS,geely,geely/okavango,exact_normalized,
9e6ec22eb72c,164,Geely,Monjaro,2027,Pro/Max/Ultra/Ultra Brown (4 trims),SINGLE_SOURCE/NO_OFFICIAL_PAGE_FOUND,geely,geely/monjaro,exact_normalized,
97de6a489267,165,Seat,Ibiza,2027,Edge/FR (2 trims),SINGLE_SOURCE/NO_OFFICIAL_PAGE_FOUND,seat,seat/ibiza,exact_normalized,
3cf167848917,166,Seat,Ibiza,2026,Reference/FR/Black Series (3 trims),SINGLE_SOURCE/MODEL_YEAR_CONFLICT_ONLY,seat,seat/ibiza,exact_normalized,
89fcc75e99d0,167,Seat,Arona,2027,Style Plus (1 trim),SINGLE_SOURCE/NO_OFFICIAL_PAGE_FOUND,seat,seat/arona,exact_normalized,
ead03e795698,168,Seat,Arona,2026,FR / Black (1 trim),SINGLE_SOURCE/MODEL_YEAR_CONFLICT_ONLY,seat,seat/arona,exact_normalized,
4aa301467e0b,169,Seat,Leon,2026,Advance (1 trim),SINGLE_SOURCE/NO_OFFICIAL_PAGE_FOUND,seat,seat/leon,exact_normalized,
a4831c6fc4b0,170,Seat,Ateca,2026,Style Plus (1 trim),SINGLE_SOURCE/NO_OFFICIAL_PAGE_FOUND,seat,seat/ateca,exact_normalized,
89171e168535,171,Honda,ZRV,2026,Unspecified (1 trim),SINGLE_SOURCE/NO_OFFICIAL_PAGE_FOUND,honda,honda/zr-v,exact_normalized,
713d44c0623b,172,Honda,Accord,2024,Unspecified (1 trim),SINGLE_SOURCE/MODEL_YEAR_FLAG,honda,honda/accord,exact_normalized,
13e088c33f19,173,Honda,CRV,2024,Unspecified (1 trim),SINGLE_SOURCE/MODEL_YEAR_FLAG,honda,honda/cr-v,exact_normalized,
532e307be3d6,174,Mazda,CX-3,2026,Highline (1 trim),SINGLE_SOURCE/NO_OFFICIAL_PAGE_FOUND,mazda,mazda/cx-3,exact_normalized,
d29492158a9f,175,Mazda,3,2026,Highline Sedan/Highline HB (2 body styles),SINGLE_SOURCE/NO_OFFICIAL_PAGE_FOUND,mazda,mazda/3,exact_normalized,
34de61b3bc26,176,Suzuki,Alto,2027,Standard (1 trim),SINGLE_SOURCE/NO_OFFICIAL_PAGE_FOUND,suzuki,suzuki/alto,exact_normalized,
981abeee60b9,177,Suzuki,S-Presso,2026,Unspecified (1 trim),SINGLE_SOURCE/NO_OFFICIAL_PAGE_FOUND,suzuki,suzuki/s-presso,exact_normalized,
ed5c5f3aaee1,178,Suzuki,Swift,2026,GLX/GLX Two tone (2 trims),SINGLE_SOURCE/NO_OFFICIAL_PAGE_FOUND,suzuki,suzuki/swift,exact_normalized,
638996f77375,179,Suzuki,Swift Dzire,2026,GLX (1 trim),SINGLE_SOURCE/NO_OFFICIAL_PAGE_FOUND,suzuki,suzuki/swift-dzire,exact_normalized,
3d620c157971,180,Suzuki,Baleno,2026,Unspecified (1 trim),SINGLE_SOURCE/NO_OFFICIAL_PAGE_FOUND,suzuki,suzuki/baleno,exact_normalized,
69fd9a607e01,181,Suzuki,Fronx,2026,GL (1 trim),SINGLE_SOURCE/NO_OFFICIAL_PAGE_FOUND,suzuki,suzuki/fronx,exact_normalized,
cabc4fbe7197,182,Suzuki,Ertiga,2026,GLX (1 trim),SINGLE_SOURCE/NO_OFFICIAL_PAGE_FOUND,suzuki,suzuki/ertiga,exact_normalized,
29c4b6e95066,183,Suzuki,Jimny,2026,One tone (1 trim),SINGLE_SOURCE/NO_OFFICIAL_PAGE_FOUND,suzuki,suzuki/jimny,exact_normalized,
aeb084879b26,184,Haval,Jolion,2027,Standard/Deluxe/High Deluxe (3 trims),SINGLE_SOURCE/NO_OFFICIAL_PAGE_FOUND,haval,haval/jolion,exact_normalized,
c7ec8bbbee12,185,Haval,Jolion Pro,2025,High Deluxe (1 trim),SINGLE_SOURCE/NAMING_DIFFERENCE,haval,haval/jolion-pro,exact_normalized,
b1f979c06b69,186,Haval,H6,2026,Platinum/ULTRA (2 trims),SINGLE_SOURCE/NO_OFFICIAL_PAGE_FOUND,haval,haval/h6,exact_normalized,
42777ee4a232,187,Haval,H6 HEV,2026,High Deluxe (1 hybrid trim),SINGLE_SOURCE/NO_OFFICIAL_PAGE_FOUND,haval,haval/h6-hev,exact_normalized,
903df94e017b,188,Haval,H7,2027,Ultra Black (1 trim),SINGLE_SOURCE/NO_OFFICIAL_PAGE_FOUND,haval,haval/h7,exact_normalized,
b247de7d0011,189,Haval,V7,2027,ULTRA HEV/ULTRA PHEV (2 trims),SINGLE_SOURCE/NO_OFFICIAL_PAGE_FOUND,haval,haval/v7,exact_normalized,
7c6b4cc71804,190,BMW,~30 model lines (118i through 760i/i-Series/M-Series/X-Series),2022-2025,62 year-trim rows captured from ContactCars' aggregated brand pricing table,SINGLE_SOURCE/DATA_QUALITY_FLAG,bmw,,unresolved,R-b2b110b87666
a8b09cda992b,191,Volvo,EX30,2026,3 trims (EV),PRICE_CONFLICT/NAMING_DIFFERENCE,volvo,volvo/ex30,exact_normalized,
0468872d2eef,192,Volvo,XC 40,2024/2026,"Essential/Ultra Dark/Black Edition (Hatla2ee) vs Ultimate Dark (ContactCars, 1 row)",MODEL_YEAR_CONFLICT/PRICE_CONFLICT,volvo,volvo/xc-40,exact_normalized,
7d4906950427,193,Volvo,XC60 / XC 60,2026,Essential/Ultimate Dark/Black Edition (3 trims),PRICE_CONFLICT,volvo,volvo/xc60,slash_alias_same_model,
4af0992b3f04,194,Volvo,ES 90 / ES90,2026,"Ultra (1 trim, EV)",CONFIRMED_MATCH_ALL_SOURCES,volvo,volvo/es90,slash_alias_same_model,
8545d6c7d0bf,195,Volvo,EX90,2027,"Twin Motor (1 trim, EV)",CONFIRMED_MATCH_ALL_SOURCES,volvo,volvo/ex90,exact_normalized,
f0fd47863af3,196,Volvo,XC90 / XC 90,2026,Ultimate (Hatla2ee) / Ultra Bright (ContactCars),PRICE_CONFLICT/NAMING_DIFFERENCE,volvo,volvo/xc90,slash_alias_same_model,
1e4d1960fee5,197,GAC,GS3 Emzoom / EMZOOM,2026/2027,GS/GB/GL/RS Style = Comfort/Elegance/Premium/R-Style (4 trims),NAMING_DIFFERENCE/MODEL_YEAR_CONFLICT/CONFIRMED_MATCH_ACROSS_DISTRIBUTORS,gac,gac/emzoom;gac/gs3-emzoom,unresolved,R-af69206e6e11
cf3c688d1786,198,GAC,Empow,2024/2025/2027,GS/GB/GE S-Style (3 trims x multiple years),PRICE_CONFLICT/MODEL_YEAR_CONFLICT,gac,gac/empow,exact_normalized,
2d885a830199,199,GAC,GS4,2025,GS/GB/GE (3 trims),SINGLE_SOURCE/MODEL_DISCOVERY,gac,gac/gs4,exact_normalized,
1eca371539d4,200,GAC,GS4 max / GS4 Max,2026/2027,Premium + Other Trims,MODEL_YEAR_CONFLICT/PRICE_CONFLICT,gac,gac/gs4-max,slash_alias_same_model,
1420b93b4c8c,201,GAC,Aion LX / Aion Y,2026,"Comfort (1 trim, EV)",NAMING_DIFFERENCE/DATA_QUALITY_FLAG,gac,gac/aion-lx;gac/aion-y,unresolved,R-2459f17722b8
a9ce700beb80,202,GAC,Emkoo,2025,Gs/GE/GL (3 trims),SINGLE_SOURCE/MODEL_DISCOVERY,gac,gac/emkoo,exact_normalized,
dd250db13b00,203,Land Rover,Defender,2022/2026,Other Trims (2 year-rows),SINGLE_SOURCE/DATA_QUALITY_FLAG,land-rover,land-rover/defender,exact_normalized,
ce8d553eebfd,204,Land Rover,New Range Rover,2026,Other Trims (1 row),SINGLE_SOURCE/NO_OFFICIAL_PAGE_FOUND,land-rover,land-rover/new-range-rover,exact_normalized,
64b8772716bd,205,Land Rover,Range Rover,2025/2027,Other Trims (2 year-rows),SINGLE_SOURCE/DATA_QUALITY_FLAG,land-rover,land-rover/range-rover,exact_normalized,
2cd7a41f4d01,206,Land Rover,Range Rover Evoque,2026,Other Trims (1 row),SINGLE_SOURCE/NO_OFFICIAL_PAGE_FOUND,land-rover,land-rover/range-rover-evoque,exact_normalized,
3464dd04e2ef,207,Land Rover,Velar/Discovery/Discovery Sport/Range Rover Sport/Range Rover Vogue,2020/2021,Unspecified,MODEL_DISCOVERY/SINGLE_SOURCE/NO_OFFICIAL_PAGE_FOUND,land-rover,land-rover/discovery;land-rover/discovery-sport;land-rover/range-rover-sport;land-rover/range-rover-vogue;land-rover/velar,unresolved,R-728f964d0266
f9c0e505ca99,208,Opel,Grand Land,2024/2025,"Turbo H/L,Turbo X T/L,T/L Plus,Highline Plus,Topline,Topline Plus,Other Trims (8 rows)",SINGLE_SOURCE/NO_OFFICIAL_PAGE_FOUND,opel,opel/grandland,exact_normalized,
89e9b77d4c75,209,Opel,Grand Land,2026,Highline Plus/Topline/Topline Plus (3 trims),MODEL_YEAR_CONFLICT/PRICE_CONFLICT,opel,opel/grandland,exact_normalized,
6cd07c3b5889,210,Audi,Q2,2025,S Line,CONFIRMED_MATCH_ACROSS_DISTRIBUTORS,audi,audi/q2,exact_normalized,
1635f698bc75,211,Audi,Q2,2026,S Line,SINGLE_SOURCE,audi,audi/q2,exact_normalized,
087f83a39ce2,212,Audi,A3,2025,Sport back / S-Line (2 trims),PRICE_CONFLICT,audi,audi/a3,exact_normalized,
fd77be4f9d27,213,Audi,A3,2026,Sportback / S-Line (2 trims),SINGLE_SOURCE,audi,audi/a3,exact_normalized,
b6264c90a63e,214,Audi,Q3,2025,Advanced/S-Line/Sport back/Sport back B/L/Sport back(2.0L) (5 trims),PRICE_CONFLICT,audi,audi/q3,exact_normalized,
2db1be29c81a,215,Audi,Q3,2026,Advanced/Sport back/S-Line/Sport back B/L (4 trims),SINGLE_SOURCE,audi,audi/q3,exact_normalized,
ef69d48f74f8,216,Audi,A4,2024,S Line Plus,PRICE_CONFLICT,audi,audi/a4,exact_normalized,
426627ce8017,217,Audi,A5,2025,Advanced,SINGLE_SOURCE,audi,audi/a5,exact_normalized,
9dbea31c0405,218,Audi,A5,2026,Advanced/S-Line/S-Line PLUS (3 trims),SINGLE_SOURCE/DATA_QUALITY_FLAG,audi,audi/a5,exact_normalized,
f886c391c176,219,Audi,A6,2026,Advanced/S Line (2 trims),MODEL_YEAR_CONFLICT/PRICE_CONFLICT,audi,audi/a6,exact_normalized,
2f9dcb41aaf8,220,Audi,Q8 E-tron,2024,Automatic/Top Line/Sportback/Sportback H-L (4 trims),CONFIRMED_MATCH_ALL_SOURCES,audi,audi/q8-e-tron,exact_normalized,
b59453c0f150,221,Audi,Q7,2025,S Line/S Line Plus/S Line(3.0L) (3 trims),PRICE_CONFLICT,audi,audi/q7,exact_normalized,
030ad952eb55,222,Audi,Q7,2026,S Line/S Line Plus (2 trims),SINGLE_SOURCE,audi,audi/q7,exact_normalized,
f685878092d3,223,Audi,RS e-Tron (GT),2024/2025,Automatic (2024) / S Line (2025),DATA_QUALITY_FLAG/MODEL_YEAR_CONFLICT,audi,audi/rs-e-tron-gt,exact_normalized,
aaa30deaad68,224,Audi,Q8,2025,S Line/S Line Plus (2 trims),CONFIRMED_MATCH_ACROSS_DISTRIBUTORS,audi,audi/q8,exact_normalized,
5c8a83998dfc,225,Audi,Q8,2026,S Line/S Line Plus (2 trims),SINGLE_SOURCE/DATA_QUALITY_FLAG,audi,audi/q8,exact_normalized,
25f3fed0c77e,226,Audi,RS Q8,2024,Automatic (1 trim),SINGLE_SOURCE/NO_OFFICIAL_PAGE_FOUND,audi,audi/rs-q8,exact_normalized,
fb019652b40f,227,Audi,RS5 Coupe,2024,Automatic (1 trim),SINGLE_SOURCE/NO_OFFICIAL_PAGE_FOUND,audi,audi/rs5-coupe,exact_normalized,
4f08c834fb50,228,Audi,A8,2025,S-Line Long,CONFIRMED_MATCH_ALL_SOURCES,audi,audi/a8,exact_normalized,
8a83945f485a,229,Audi,E Tron,2024,Other Trims,SINGLE_SOURCE/MODEL_DISCOVERY,audi,audi/e-tron,exact_normalized,
279fa22ca88d,230,Porsche,Macan,2025,Automatic/T/S/GTS (4 trims),SINGLE_SOURCE/MODEL_YEAR_CONFLICT,porsche,porsche/macan,exact_normalized,
df2c42c86d7e,231,Porsche,Macan Electric,2025,Automatic/4/4S/Turbo (4 trims),SINGLE_SOURCE,porsche,porsche/macan-electric,exact_normalized,
5124caec221c,232,Porsche,718,2025,Cayman/Boxster ladder incl. GT4 RS/Spyder RS (10 trims),MODEL_YEAR_CONFLICT/DATA_QUALITY_FLAG,porsche,porsche/718,exact_normalized,
864fd0653e28,233,Porsche,Taycan,2025,Automatic through Turbo GT/Highli Turbo GT w/ Weissach (9 trims),MODEL_YEAR_CONFLICT/DATA_QUALITY_FLAG,porsche,porsche/taycan,exact_normalized,
8c850955cc44,234,Porsche,Cayenne,2025,Automatic/Coupe/S/S Coupe/GTS/GTS Coupe/Coupe Turbo GT (7 trims),MODEL_YEAR_CONFLICT,porsche,porsche/cayenne,exact_normalized,
e95b6c5eece6,235,Porsche,Panamera,2025,Automatic through Turbo S E-Hybrid (8 trims),MODEL_YEAR_CONFLICT,porsche,porsche/panamera,exact_normalized,
e163ab31788d,236,Porsche,911,2025,"Carrera/Carrera GTS ladder, A/T and Manual (8 trims)",MODEL_YEAR_CONFLICT,porsche,porsche/911,exact_normalized,
3faa8d3347e0,237,Porsche,718 Cayman GTS,2024,Other Trims,SINGLE_SOURCE/MODEL_DISCOVERY,porsche,porsche/718-cayman-gts,exact_normalized,
f4ed3a6ac1d4,238,Smart,1,2025,Pure+/Pro+/Premium/BRABUS (4 trims),PRICE_CONFLICT/NAMING_DIFFERENCE,smart,smart/1,exact_normalized,
8b2e41024547,239,Smart,3,2025,Pro+/Premium/BRABUS (3 trims),PRICE_CONFLICT/CONFIRMED_STALE_SOURCE,smart,smart/3,exact_normalized,
e5f1710d5527,240,Smart,5,2026,Pro+/Premium/BRABUS (3 trims),SINGLE_SOURCE/MODEL_DISCOVERY,smart,smart/5,exact_normalized,
6f5c64629f58,241,Exeed,LX,2027,"Luxury (1 trim, Hatla2ee) / Comfort+Luxury (2 trims, ContactCars 2026)",PRICE_CONFLICT/MODEL_YEAR_CONFLICT/MODEL_DISCOVERY,exeed,exeed/lx,exact_normalized,
e9248080a2cb,242,Exeed,ES,2027,Comfort/Flagship (2 trims),PRICE_CONFLICT/MODEL_YEAR_CONFLICT,exeed,exeed/es,exact_normalized,
365db9b4c71c,243,Exeed,RX,2027,"Automatic/Flagship (2 trims, Hatla2ee) vs Luxury/Flagship incl. paint variants (4 trims, ContactCars 2025)",PRICE_CONFLICT/MODEL_YEAR_CONFLICT/NAMING_DIFFERENCE/MODEL_DISCOVERY,exeed,exeed/rx,exact_normalized,
8c1a757bd324,244,Exeed,ET,2027,Luxury/Flagship (2 trims),PRICE_CONFLICT/MODEL_YEAR_CONFLICT,exeed,exeed/et,exact_normalized,
6de374d12851,245,Exeed,VX,2027,Luxury/Flagship (2 trims),PRICE_CONFLICT/MODEL_YEAR_CONFLICT,exeed,exeed/vx,exact_normalized,
a0345fbc0fcb,246,Lynk & Co,06,2025,Core Plus/Hyper Pro/Hyper Halo (3 trims),SINGLE_SOURCE,lynk-co,lynk-co/06,exact_normalized,
45a50677df2e,247,Lynk & Co,03,2026,Plus/Pro (2 trims),SINGLE_SOURCE,lynk-co,lynk-co/03,exact_normalized,
1ae1071df24c,248,Lynk & Co,02,2026,Halo (1 trim),SINGLE_SOURCE,lynk-co,lynk-co/02,exact_normalized,
4319e573ef07,249,Lynk & Co,08,2026,"Core/More (2 trims, PHEV)",SINGLE_SOURCE,lynk-co,lynk-co/08,exact_normalized,
f05bc10781d6,250,Lynk & Co,900,2026,"Ultra (1 trim, PHEV)",SINGLE_SOURCE,lynk-co,lynk-co/900,exact_normalized,
6d5ec89083e0,251,Genesis,GV60,2026,Dynamic/Advanced/Performance (3 trims),PRICE_CONFLICT/MODEL_YEAR_CONFLICT,genesis,genesis/gv60,exact_normalized,
d1e3cb3b2927,252,Genesis,G80,2026,"Dynamic/Advanced/Performance (3 trims, Hatla2ee gas) vs Electrified G80 (3 trims, ContactCars EV)",MODEL_DISCOVERY/NAMING_DIFFERENCE,genesis,genesis/g80,exact_normalized,
90b2e82ebed7,253,Genesis,GV70,2026,"Dynamic/Advanced (2 trims, Hatla2ee) vs Dynamic/Advanced/Other Trims (3 rows, ContactCars)",PRICE_CONFLICT/MODEL_YEAR_CONFLICT/DATA_QUALITY_FLAG,genesis,genesis/gv70,exact_normalized,
d78c2d2cf447,254,IM,IM 5,2026,Ultra Efficiency/Ultra Range/Ultra Performance (3 trims),SINGLE_SOURCE,im,im/im-5,exact_normalized,
c95916082830,255,IM,IM 6,2026,Ultra Efficiency/Ultra Range (2 trims),SINGLE_SOURCE/DATA_QUALITY_FLAG,im,im/im-6,exact_normalized,
9a7e1cbfe9f2,256,IM,LS7,2026,Ultra Performance (1 trim),SINGLE_SOURCE,im,im/ls7,exact_normalized,
b25fdfa85450,257,IM,LS9,2027,"Ultra/Opulent (2 trims, REEV)",SINGLE_SOURCE,im,im/ls9,exact_normalized,
3e376d641a1e,258,Alfa Romeo,Tonale,2025,"TI/Veloce (2 trims, both sources)",CONFIRMED_MATCH_ALL_SOURCES/NAMING_DIFFERENCE,alfa-romeo,alfa-romeo/tonale,exact_normalized,
44f03ab02c91,259,Alfa Romeo,Giulia,2025,Sprint/Veloce (2 trims),CONFIRMED_MATCH_ALL_SOURCES,alfa-romeo,alfa-romeo/giulia,exact_normalized,
62fccfb24cc0,260,Alfa Romeo,Stelvio,2026,Sprint/Veloce (2 trims),SINGLE_SOURCE/MODEL_YEAR_CONFLICT,alfa-romeo,alfa-romeo/stelvio,exact_normalized,
786830a0dd6d,261,Alfa Romeo,Stelvio,2025,Sprint/Veloce (2 trims),CONFIRMED_MATCH_ALL_SOURCES,alfa-romeo,alfa-romeo/stelvio,exact_normalized,
9a85a4e95ad7,262,Arcfox,T1,2026,Pro/Plus (2 trims),PRICE_CONFLICT,arcfox,arcfox/t1,exact_normalized,
80f3048f8afa,263,Arcfox,Kaola S,2026,Air/Pro (2 trims),PRICE_CONFLICT/NAMING_DIFFERENCE,arcfox,arcfox/kaola-s,exact_normalized,
9aae465634de,264,Arcfox,Alpha S5,2026,Air/Pro (2 trims),PRICE_CONFLICT/CONFIRMED_MATCH_ALL_SOURCES(Air only),arcfox,arcfox/alpha-s5,exact_normalized,
b2eb24349472,265,Arcfox,Alpha T5,2026,Air/Pro (2 trims),PRICE_CONFLICT,arcfox,arcfox/alpha-t5,exact_normalized,
2f0bece06a69,266,Avatr,07,2027,Luxury/Premium/Premium Vision (3 trims),MODEL_DISCOVERY/MODEL_YEAR_CONFLICT,avatr,avatr/07,exact_normalized,
361fc7f11e14,267,Avatr,11,2026,Luxury/Performance/Premium (Hatla2ee) vs RWD/AWD by seat count (ContactCars),PRICE_CONFLICT/NAMING_DIFFERENCE,avatr,avatr/11,exact_normalized,
7411256324fb,268,Avatr,12,2026,"Luxury/GT (2 trims, Hatla2ee) vs Luxury/GT/Other Trims (3 rows, ContactCars)",PRICE_CONFLICT/MODEL_DISCOVERY,avatr,avatr/12,exact_normalized,
44b6ea99b5dc,269,Citroën,C3 Aircross,2027,Plus (1 trim),MODEL_DISCOVERY,citroen,citroen/c3-aircross,exact_normalized,
6c5fd15ca27a,270,Citroën,C4X,2026,"Feel/Shine (2 trims, Hatla2ee) vs Feel/Shine/Other Trims (3 rows, ContactCars)",PRICE_CONFLICT/MODEL_DISCOVERY,citroen,citroen/c4-x,exact_normalized,
ba6f190dad4f,271,Citroën,C4,2027,Shine Two Tone (1 trim),PRICE_CONFLICT/MODEL_YEAR_CONFLICT/MODEL_DISCOVERY/NAMING_DIFFERENCE,citroen,citroen/c4,exact_normalized,
d697cad9a4a8,272,Citroën,C5 Aircross,2027,Advanced/Ultimate (2 trims),SINGLE_SOURCE/MODEL_YEAR_CONFLICT,citroen,citroen/c5-aircross,exact_normalized,
91a4ea369f07,273,Citroën,C5 Aircross,2026,"Shine Entry/Shine (2 trims, Hatla2ee) vs Shine Entry/Shine/Other Trims (3 rows, ContactCars) + a separate 'C5' line",PRICE_CONFLICT/MODEL_DISCOVERY/NAMING_DIFFERENCE,citroen,citroen/c5-aircross,exact_normalized,
31fee7dbeb36,274,Dongfeng,Box,2026,330/430 (2 trims),MODEL_DISCOVERY,dongfeng,dongfeng/box,exact_normalized,
f136619fb535,275,Dongfeng,Mage,2026,Highline/Signature (2 trims),MODEL_DISCOVERY,dongfeng,dongfeng/mage,exact_normalized,
dd86d7c777ec,276,Dongfeng,Shine,2026,Advance/Sport (2 trims),MODEL_DISCOVERY,dongfeng,dongfeng/shine,exact_normalized,
df899f0987f5,277,Dongfeng,007,2026,(REEV) (1 trim),MODEL_DISCOVERY,dongfeng,dongfeng/007,exact_normalized,
1a159166887a,278,Dongfeng,008,2026,"Luxury (1 trim, REEV)",MODEL_DISCOVERY,dongfeng,dongfeng/008,exact_normalized,
8d0fcfa42951,279,Dongfeng,Aeolus e70 pro / Aeolus A30 / HUGE-Hybrid,2023-2024,E70 pro / SHINE Limited Edition / Hybrid (incl. Special Color) (4 rows),MODEL_DISCOVERY,dongfeng,dongfeng/aeolus-a30;dongfeng/aeolus-e70-pro;dongfeng/huge-hybrid,unresolved,R-233f7d8a4578
83e883845350,280,Mini,Cooper,2027,C-Classic/C-JCW/S-JWC (3 base trims) + JCW Convertible (1 trim),PRICE_CONFLICT/MODEL_YEAR_CONFLICT/CONFIRMED_STALE_SOURCE,mini,mini/cooper,exact_normalized,
a22d5d718f3c,281,Mini,Countryman,2027,C/E-Favoured/E-JWC/JCW ALL4 (4 trims),PRICE_CONFLICT/MODEL_YEAR_CONFLICT/CONFIRMED_STALE_SOURCE,mini,mini/countryman,exact_normalized,
5e5e1affef03,282,Soueast,S 05,2027,Highline (1 trim),SINGLE_SOURCE/NO_CROSS_CHECK,soueast,soueast/s-05,exact_normalized,
87d4d17c84f7,283,Soueast,S 06,2027,Highline/Premium/Intelligent DM-i (3 trims),SINGLE_SOURCE/NO_CROSS_CHECK,soueast,soueast/s-06,exact_normalized,
8d5bbc3b0493,284,Soueast,S 07,2027,Highline/Premium (2 trims),SINGLE_SOURCE/NO_CROSS_CHECK,soueast,soueast/s-07,exact_normalized,
12060b95d437,285,Soueast,S 09,2027,Premium (1 trim),SINGLE_SOURCE/NO_CROSS_CHECK,soueast,soueast/s-09,exact_normalized,
aa7f269901a3,286,Soueast,S08,2027,Intelligent DM-i (1 trim),SINGLE_SOURCE/NO_CROSS_CHECK,soueast,soueast/s08,exact_normalized,
6f60cef7283a,287,Zeekr,X,2025,Long Range/Performance (2 trims),SINGLE_SOURCE/NO_CROSS_CHECK,zeekr,zeekr/x,exact_normalized,
d6750120414e,288,Zeekr,7X,2026,Standard/Long Range/Performance (3 trims),SINGLE_SOURCE/NO_CROSS_CHECK,zeekr,zeekr/7x,exact_normalized,
1b32652b2b9a,289,Zeekr,001,2025,Long Range/Privilege AWD/Performance AWD (3 trims),SINGLE_SOURCE/NO_CROSS_CHECK,zeekr,zeekr/001,exact_normalized,
b3c7e1b0aa3b,290,Kaiyi,E5,2026,Comfort/Premium/Flagship (3 trims),DATA_QUALITY_FLAG/SINGLE_SOURCE/NO_CROSS_CHECK,kaiyi,kaiyi/e5,exact_normalized,
7186d0ef63e1,291,Kaiyi,X3 Pro,2026,Top Line/Flagship (2 trims),SINGLE_SOURCE/NO_CROSS_CHECK,kaiyi,kaiyi/x3-pro,exact_normalized,
c6f59f8330c1,292,Kaiyi,X7,2026,Flagship (gas)/Flagship PHEV (2 trims),SINGLE_SOURCE/NO_CROSS_CHECK,kaiyi,kaiyi/x7,exact_normalized,
391207572829,293,Cupra,Leon,2026,Automatic (1 trim),CONFIRMED_MATCH_ALL_SOURCES,cupra,cupra/leon,exact_normalized,
7299e83ccdff,294,Cupra,Formentor,2026,base/VZ (2 trims),CONFIRMED_MATCH_ALL_SOURCES,cupra,cupra/formentor,exact_normalized,
628bf20c4688,295,Cupra,Terramar,2026,IMPULSE/CONTROL (2 trims),CONFIRMED_MATCH_ALL_SOURCES,cupra,cupra/terramar,exact_normalized,
fe4e3040861d,296,Cupra,Terramar,2025,IMPULSE/CONTROL (2 trims),SINGLE_SOURCE/MODEL_YEAR_CONFLICT,cupra,cupra/terramar,exact_normalized,
2601b61aa64e,297,Forthing,T5,2027,EVO/EV/REEV (3 trims),CONFIRMED_MATCH_ALL_SOURCES/NAMING_DIFFERENCE,forthing,forthing/t5,exact_normalized,
303fe720ea22,298,Forthing,S7,2027,EV/REEV (2 trims),CONFIRMED_MATCH_ALL_SOURCES,forthing,forthing/s7,exact_normalized,
69cbaca38b10,299,Forthing,U-Tour,2027,Exclusive (1 trim),CONFIRMED_MATCH_ALL_SOURCES,forthing,forthing/u-tour,exact_normalized,
e7755fec4503,300,Forthing,V9,2027,PHEV (1 trim),CONFIRMED_MATCH_ALL_SOURCES,forthing,forthing/v9,exact_normalized,
7f703d2f8af9,301,Jac,S2,2026,Smart (1 trim),PRICE_CONFLICT/NAMING_DIFFERENCE,jac,jac/s2,exact_normalized,
baa0e7cfe4ff,302,Jac,J7,2026,Ultimate (1 trim),PRICE_CONFLICT/MODEL_YEAR_CONFLICT,jac,jac/j7,exact_normalized,
dbebe182b400,303,Jac,JS4,2026,Ultimat[e] (1 trim),PRICE_CONFLICT/MODEL_YEAR_CONFLICT,jac,jac/js4,exact_normalized,
4f334003bb17,304,Jac,JS6,2026,LIMITED/Flagship (2 trims),CONFIRMED_MATCH_ALL_SOURCES,jac,jac/js6,exact_normalized,
877fc2e14f10,305,Jac,JS8 PRO,2026,Limited/Flagship (2 trims),CONFIRMED_MATCH_ALL_SOURCES,jac,jac/js8-pro,exact_normalized,
dbb5f3fcd1c2,306,KGM,Torres,2026,comfort/advanced/Premium/Luxury/adventure plus 4x4 (5 trims),CONFIRMED_MATCH_ALL_SOURCES,kgm,kgm/torres,exact_normalized,
41aafa3c5b53,307,KGM,Actyon,2026,High Line/Top Line (2 trims),CONFIRMED_MATCH_ALL_SOURCES,kgm,kgm/actyon,exact_normalized,
5ecaed093d35,308,Opel,Frontera,2027,Luxury (1 trim),CONFIRMED_MATCH_ALL_SOURCES,opel,opel/frontera,exact_normalized,
cf5762ac9c1f,309,Opel,Corsa,2026,Sport Topline Plus (1 trim),CONFIRMED_MATCH_ALL_SOURCES,opel,opel/corsa,exact_normalized,
47555ad47677,310,Opel,Crossland,2025,Top Line (1 trim),MODEL_DISCOVERY,opel,opel/crossland,exact_normalized,
6cd496fa25b5,311,Opel,Mokka,2026,Black Edition (1 trim),CONFIRMED_MATCH_ALL_SOURCES,opel,opel/mokka,exact_normalized,
50512150a727,312,Opel,Grandland,2026,Highline+/Top Line/Top Line+ (3 trims),PRICE_CONFLICT/NAMING_DIFFERENCE,opel,opel/grandland,exact_normalized,
0a0511e457ea,313,Xpeng,M03,2026,Premium/Premium Plus (2 trims),CONFIRMED_MATCH_ALL_SOURCES/NAMING_DIFFERENCE,xpeng,xpeng/m03,exact_normalized,
b909d34d650b,314,Xpeng,P7,2026,Flagship (1 trim),CONFIRMED_MATCH_ALL_SOURCES/NAMING_DIFFERENCE,xpeng,xpeng/p7,exact_normalized,
dec7290ed459,315,Xpeng,G6,2026,STANDARD RANGE (1 trim),CONFIRMED_MATCH_ALL_SOURCES,xpeng,xpeng/g6,exact_normalized,
029b52430987,316,Xpeng,G9,2026,Long Range/Long Range+Nappa/Performance (3 trims),CONFIRMED_MATCH_ALL_SOURCES,xpeng,xpeng/g9,exact_normalized,
e64cb75cced0,317,Chevrolet,Optra,2027,Ls/Lt (2 trims),CONFIRMED_MATCH_ALL_SOURCES,chevrolet,chevrolet/optra,exact_normalized,
1d6a6ef94dad,318,Chevrolet,Spark EV,2026,ACTIV (1 trim),MODEL_DISCOVERY,chevrolet,chevrolet/spark-ev,exact_normalized,
b7ce1ebb723d,319,Chevrolet,Captiva,2026,LV3/LV3 7-seat (2 trims),DATA_QUALITY_FLAG/PRICE_CONFLICT,chevrolet,chevrolet/captiva,exact_normalized,
5deaeec621d3,320,Chevrolet,Captiva EV,2026,Premier (1 trim),PRICE_CONFLICT,chevrolet,chevrolet/captiva-ev,exact_normalized,
1c0059811b70,321,Deepal,S 05,2026,REEV/BEV (2 trims),CONFIRMED_MATCH_ALL_SOURCES,deepal,deepal/s-05,exact_normalized,
c2a9f2f463fc,322,Deepal,S 07,2026,REEV/BEV (2 trims),CONFIRMED_MATCH_ALL_SOURCES,deepal,deepal/s-07,exact_normalized,
96ccb1baf394,323,Deepal,G318,2026,Premium/ADVENTURE (2 trims),CONFIRMED_MATCH_ALL_SOURCES,deepal,deepal/g318,exact_normalized,
fc8cb11b0ee9,324,Volkswagen,Golf,2025,Life (1 trim),CONFIRMED_MATCH_ALL_SOURCES,volkswagen,volkswagen/golf,exact_normalized,
efb6146f01c3,325,Volkswagen,T-Roc,2026,R-Line (1 trim),CONFIRMED_MATCH_ALL_SOURCES,volkswagen,volkswagen/t-roc,exact_normalized,
b3d7cac37651,326,Volkswagen,Tiguan,2026,R-Line (1 trim),CONFIRMED_MATCH_ALL_SOURCES,volkswagen,volkswagen/tiguan,exact_normalized,
9584a0571209,327,Volkswagen,Tiguan,2025,R-Line (1 trim),SINGLE_SOURCE/MODEL_YEAR_CONFLICT,volkswagen,volkswagen/tiguan,exact_normalized,
cfeafb244cf6,328,Volkswagen,Tayron,2026,base (1 trim),CONFIRMED_MATCH_ALL_SOURCES,volkswagen,volkswagen/tayron,exact_normalized,
1feb96ef25fb,329,Volkswagen,Touareg,2026,R-Line (1 trim),MODEL_YEAR_CONFLICT,volkswagen,volkswagen/touareg,exact_normalized,
578657346b54,330,Cadillac,Optiq,2026,Luxury (1 trim),PRICE_CONFLICT,cadillac,cadillac/optiq,exact_normalized,
6f7c87caba87,331,Cadillac,Lyriq,2026,Signature (1 trim),PRICE_CONFLICT,cadillac,cadillac/lyriq,exact_normalized,
277a85ac5d96,332,Cadillac,Vistiq,2026,Luxury (1 trim),CONFIRMED_MATCH_ALL_SOURCES,cadillac,cadillac/vistiq,exact_normalized,
27826dc7e8ae,333,Cadillac,Escalade,2026,Luxury IQ/Premium IQL (2 trims),CONFIRMED_MATCH_ALL_SOURCES/NAMING_DIFFERENCE,cadillac,cadillac/escalade,exact_normalized,
bbc143254777,334,Bestune,T55,2025,PREMIUM PLUS (1 trim),CONFIRMED_MATCH_ALL_SOURCES,bestune,bestune/t55,exact_normalized,
51f9fdbbfc5c,335,Bestune,T77 Pro,2025,Premium (1 trim),PRICE_CONFLICT/NAMING_DIFFERENCE,bestune,bestune/t77-pro,exact_normalized,
d0e2bd3c6c4e,336,Bestune,B70S,2025,Premium (1 trim),MODEL_DISCOVERY,bestune,bestune/b70s,exact_normalized,
40a5d4856700,337,Bestune,B70,2025,Deluxe (1 trim),PRICE_CONFLICT,bestune,bestune/b70,exact_normalized,
90f2cc4e79fa,338,Ds,Ds4,2025,Trocadero/Performance Line (2 trims),PRICE_CONFLICT/CONFIRMED_STALE_SOURCE,ds,ds/ds4,exact_normalized,
82ff0aa8e829,339,Ds,DS7,2025,pallas/Etoile (2 trims),CONFIRMED_MATCH_ALL_SOURCES,ds,ds/ds7,exact_normalized,
ccd5a22af914,340,Jaguar,XE,2021,R Sport,DATA_QUALITY_FLAG / SINGLE_SOURCE,jaguar,jaguar/xe,exact_normalized,
1fbbad2ec056,341,Jaguar,F-Pace,2021/2024,P250 R Dynamic,DATA_QUALITY_FLAG,jaguar,jaguar/f-pace,exact_normalized,
29d2cb110f58,342,Jaguar,XF,2021,P250 R Dynamic AWD,DATA_QUALITY_FLAG / SINGLE_SOURCE,jaguar,jaguar/xf,exact_normalized,
d62cc3acf0df,343,Jaguar,F-Type,2021,P300 R Dynamic (Convertible),DATA_QUALITY_FLAG / SINGLE_SOURCE,jaguar,jaguar/f-type,exact_normalized,
cf35be75c7c4,344,Rox,01,2026,Family 7 Seats,CONFIRMED_MATCH_ALL_SOURCES,rox,rox/01,exact_normalized,
214d7cd2ed42,345,Rox,01,2026,Aviation 6 Seats,CONFIRMED_MATCH_ALL_SOURCES,rox,rox/01,exact_normalized,
1534882a126c,346,Rox,01,2025,Unspecified,MODEL_YEAR_CONFLICT / MODEL_DISCOVERY,rox,rox/01,exact_normalized,
188f2e1d9172,347,Rox,01,2026,Imported,DATA_QUALITY_FLAG / SINGLE_SOURCE,rox,rox/01,exact_normalized,
72ed0407eba5,348,Rox,Adamas,2026,Couch,CONFIRMED_MATCH_ALL_SOURCES,rox,rox/adamas,exact_normalized,
e6f8c1dad4b9,349,Rox,Adamas,2026,First Class,CONFIRMED_MATCH_ALL_SOURCES,rox,rox/adamas,exact_normalized,
b6d99e87eecb,350,Vgv,U70 Pro,2024/2025,Top Line,PRICE_CONFLICT / MODEL_YEAR_CONFLICT,vgv,vgv/u70-pro,exact_normalized,
cb9d4024029b,351,Vgv,U70P Plus,2025,Highline,PRICE_CONFLICT,vgv,vgv/u70p-plus,exact_normalized,
b5244d88f84f,352,Vgv,U70Pro Plus,2025,Top Line,MODEL_DISCOVERY,vgv,vgv/u70pro-plus,exact_normalized,
9f73775e54b8,353,Vgv,U70Pro Plus,2025,Flagship,MODEL_DISCOVERY,vgv,vgv/u70pro-plus,exact_normalized,
a855b81650f6,354,Dfsk,E5,2027,Automatic,CONFIRMED_MATCH_ALL_SOURCES,dfsk,dfsk/e5,exact_normalized,
09c0b3ab71b2,355,Dfsk,E5,2026,REEV,CONFIRMED_STALE_SOURCE,dfsk,dfsk/e5,exact_normalized,
f0c58f38ad20,356,Dfsk,600,2026,1.5T A/T,CONFIRMED_MATCH_ALL_SOURCES,dfsk,dfsk/600,exact_normalized,
efd1af55a6b2,357,Dfsk,600,2026,1.5T A/T (Info panel figure),DATA_QUALITY_FLAG,dfsk,dfsk/600,exact_normalized,
d85cf57d1e4f,358,Dfsk,E5 Plus,2027,Automatic,CONFIRMED_MATCH_ALL_SOURCES,dfsk,dfsk/e5-plus,exact_normalized,
887366b700fd,359,Dfsk,E5 Plus,2026,REEV,CONFIRMED_STALE_SOURCE,dfsk,dfsk/e5-plus,exact_normalized,
665674cde40a,360,Honda,ZRV,2024/2026,EX / Automatic,PRICE_CONFLICT / MODEL_YEAR_CONFLICT,honda,honda/zr-v,exact_normalized,
a8fab35f85fc,361,Honda,Accord,2022/2024,EX Turbo / Automatic,PRICE_CONFLICT / MODEL_YEAR_CONFLICT,honda,honda/accord,exact_normalized,
56cda5aa078b,362,Honda,CRV,2024/2025,Automatic,DATA_QUALITY_FLAG / SINGLE_SOURCE,honda,honda/cr-v,exact_normalized,
9a5bcfed5df7,363,Honda,e:NP2,2025/2026,Other Trims,MODEL_DISCOVERY,honda,honda/e-np2,exact_normalized,
203e176005a6,364,Honda,HR-V,2024,Other Trims,MODEL_DISCOVERY,honda,honda/hr-v,exact_normalized,
c96c52bbb958,365,Hongqi,Ousado,2026,Luxury,CONFIRMED_MATCH_ALL_SOURCES,hongqi,hongqi/ousado,exact_normalized,
80f533c6dbc3,366,Hongqi,Ousado,2026,Comfort,MODEL_DISCOVERY,hongqi,hongqi/ousado,exact_normalized,
176ccccd3031,367,Hongqi,HS3,2026,Luxury,PRICE_CONFLICT,hongqi,hongqi/hs3,exact_normalized,
06526cbd8e1e,368,Hongqi,E-HS9,2026,Luxury / Executive,CONFIRMED_MATCH_ALL_SOURCES / NAMING_DIFFERENCE,hongqi,hongqi/e-hs9,exact_normalized,
219746722315,369,Hongqi,EH7,2026,BEV,MODEL_DISCOVERY,hongqi,hongqi/eh7,exact_normalized,
2082fdb886cf,370,Hongqi,EHS7,2026,BEV,MODEL_DISCOVERY,hongqi,hongqi/ehs7,exact_normalized,
84cc0914fb73,371,Hongqi,H9,2026,Unspecified (3 trims),MODEL_DISCOVERY / DATA_QUALITY_FLAG,hongqi,hongqi/h9,exact_normalized,
f9171c27e0c4,372,li-auto,L6,2026,Pro,SINGLE_SOURCE/NO_CROSS_CHECK,li-auto,li-auto/l6,exact_normalized,
a4b22ea258eb,373,li-auto,L7,2026,Ultra,SINGLE_SOURCE/NO_CROSS_CHECK,li-auto,li-auto/l7,exact_normalized,
56a6775f36b1,374,li-auto,L9,2026,Ultra,SINGLE_SOURCE/NO_CROSS_CHECK,li-auto,li-auto/l9,exact_normalized,
f55b8ca0106b,375,Maserati,Grecale,2024/2025,Modena / Unspecified,DATA_QUALITY_FLAG / MODEL_YEAR_CONFLICT,maserati,maserati/grecale,exact_normalized,
8969883c15d6,376,Maserati,GranTurismo,2024,Trim 1 / Trim 2 (unnamed),DATA_QUALITY_FLAG,maserati,maserati/granturismo,exact_normalized,
a8c78ce8c689,377,Maserati,Levante,2019,Unspecified,DATA_QUALITY_FLAG / SINGLE_SOURCE,maserati,maserati/levante,exact_normalized,
0dc483fb0678,378,Maserati,Ghibli,2025,"Unspecified, Imported Specs",MODEL_DISCOVERY,maserati,maserati/ghibli,exact_normalized,
fddea333bdfa,379,Mazda,Cx 3,2026,Highline,PRICE_CONFLICT,mazda,mazda/cx-3,exact_normalized,
d9809d66273b,380,Mazda,3,2026,Highline Sedan,CONFIRMED_MATCH_ALL_SOURCES,mazda,mazda/3,exact_normalized,
739c35829628,381,Mazda,3,2026,Highline Hatchback,CONFIRMED_MATCH_ALL_SOURCES,mazda,mazda/3,exact_normalized,
e99d8f50600f,382,Fiat,Tipo,2026,Entry Plus / base,PRICE_CONFLICT,fiat,fiat/tipo,exact_normalized,
325cefc4c54e,383,Fiat,500X,2026,Cross,CONFIRMED_MATCH_ALL_SOURCES,fiat,fiat/500x,exact_normalized,
72e2f53ff67f,384,Fiat,E-Ulysee,2026,Unspecified,MODEL_DISCOVERY,fiat,fiat/e-ulysee,exact_normalized,
a51848d205da,385,iCAUR,V27,2027,Play,CONFIRMED_MATCH_ALL_SOURCES,icaur,icaur/v27,exact_normalized,
20ecf195a957,386,iCAUR,V27,2027,Wild,CONFIRMED_MATCH_ALL_SOURCES,icaur,icaur/v27,exact_normalized,
07b79a326067,387,Lotus,Eletre,2024,Other Trims,DATA_QUALITY_FLAG,lotus,lotus/eletre,exact_normalized,
f85e5d370e03,388,Lotus,Emeya,2024/2025,Unspecified (3 trims),DATA_QUALITY_FLAG / MODEL_YEAR_CONFLICT,lotus,lotus/emeya,exact_normalized,
fc580d6681bf,389,Voyah,Free,2026,Luxury / Signature,CONFIRMED_MATCH_ALL_SOURCES / NAMING_DIFFERENCE,voyah,voyah/free,exact_normalized,
03858ece9309,390,Voyah,Dream,2026,Premium / Signature,CONFIRMED_MATCH_ALL_SOURCES / NAMING_DIFFERENCE,voyah,voyah/dream,exact_normalized,
817937d9101e,391,Voyah,Passion,2026,PHEV 1260,MODEL_DISCOVERY,voyah,voyah/passion,exact_normalized,
1a670770c77e,392,BAW,M7,2027,Manual,CONFIRMED_MATCH_ALL_SOURCES,baw,baw/m7,exact_normalized,
9023991aadf9,393,BAW,212 T01,2025,Other Trims,MODEL_DISCOVERY,baw,baw/212-t01,exact_normalized,
f9af9e8945d5,394,Jeep,Grand Cherokee (L),2025,Limited L 4x4 / Automatic,CONFIRMED_MATCH_ALL_SOURCES / NAMING_DIFFERENCE,jeep,jeep/grand-cherokee-l,exact_normalized,
df7daffa2434,395,Jeep,Grand Cherokee,2025,3.6 A/T Limited L 4x4 (Info panel),CONFIRMED_STALE_SOURCE,jeep,jeep/grand-cherokee,exact_normalized,
5c43b781a488,396,MHERO,1,2026,Premium,SINGLE_SOURCE/NO_CROSS_CHECK,mhero,mhero/1,exact_normalized,
ae45e77d393e,397,Proton,Saga,2027,Premium,PRICE_CONFLICT,proton,proton/saga,exact_normalized,
071bdaa508dd,398,Subaru,XV Crosstrek / Crosstrek,2024/2026,2.0 A/T,PRICE_CONFLICT / MODEL_YEAR_CONFLICT / NAMING_DIFFERENCE,subaru,subaru/crosstrek;subaru/xv-crosstrek,unresolved,R-db75dd1176e6
f71e6cabec88,399,Subaru,Forester,2024,2.0 A/T SUV,MODEL_DISCOVERY,subaru,subaru/forester,exact_normalized,
9fd3aaf36cf7,400,Hyundai,Avante,2023,Unspecified trim,MODEL_DISCOVERY / DATA_QUALITY_FLAG,hyundai,hyundai/avante,exact_normalized,
fbe79ad3a5c6,401,Hyundai,Elantra,2027,Unspecified trim,CONFIRMED_MATCH / DUPLICATE (reconciled),hyundai,hyundai/elantra,exact_normalized,
57790c66031e,402,Hyundai,Ioniq,2025,Unspecified trim,MODEL_DISCOVERY,hyundai,hyundai/ioniq,exact_normalized,
b73d2a75548e,403,Hyundai,Tucson NX4e,2027,REDLINE (N Pack),PRICE_CONFLICT (reconciled),hyundai,hyundai/tucson-nx4e,exact_normalized,
a0a349e18773,404,Jetour,X70,2026,Comfort - FL,PRICE_CONFLICT / MODEL_YEAR_CONFLICT (reconciled),jetour,jetour/x70,exact_normalized,
cc09c305883e,405,Kia,Carens,2026,Unspecified trim,MODEL_DISCOVERY,kia,kia/carens,exact_normalized,
d3ad74fa423d,406,Kia,K3,2023,Unspecified trim,MODEL_DISCOVERY,kia,kia/k3,exact_normalized,
3467f15a4634,407,Skoda,Octavia A8,2026,Selection Suite,PRICE_CONFLICT (reconciled),skoda,skoda/octavia-a8,exact_normalized,
a7116f240e14,408,Chevrolet,Camaro,2023,Unspecified trim,MODEL_DISCOVERY,chevrolet,chevrolet/camaro,exact_normalized,
391eaf4f0254,409,Changan,CS55,2027,Unspecified trim,MODEL_DISCOVERY / NAMING_DIFFERENCE,changan,changan/cs55,exact_normalized,
625cc472c873,410,Renault,Sandero,2022,1.6 A/T Dynamic,MODEL_DISCOVERY,renault,renault/sandero,exact_normalized,
5ddf4bf4eaf6,411,Renault,Sandero Stepway,2023,1.6 A/T SW,MODEL_DISCOVERY,renault,renault/sandero-stepway,exact_normalized,
80ec0e619b39,412,Volkswagen,Passat,2026,Unspecified trim,MODEL_DISCOVERY,volkswagen,volkswagen/passat,exact_normalized,
11cf793ac407,413,Mitsubishi,L200,2027,Unspecified trim,MODEL_DISCOVERY / DATA_QUALITY_FLAG,mitsubishi,mitsubishi/l200,exact_normalized,
3d1c93d0ea96,414,Mitsubishi,Outlander,2026,Unspecified trim,MODEL_DISCOVERY,mitsubishi,mitsubishi/outlander,exact_normalized,
244a4b67c19b,415,BYD,Destroyer 05,2025,Unspecified trim,MODEL_DISCOVERY,byd,byd/destroyer-05,exact_normalized,
644f03494a29,416,BYD,Leopard 8,2025,Unspecified trim,MODEL_DISCOVERY,byd,byd/leopard-8,exact_normalized,
76744722fa81,417,BYD,Qin,2025,Unspecified trim,MODEL_DISCOVERY,byd,byd/qin,exact_normalized,
d0b3c8a6f070,418,BYD,Seagull,2025,Unspecified trim,MODEL_DISCOVERY,byd,byd/seagull,exact_normalized,
bb58f5a38030,419,BYD,Song L DM-i,2025,Unspecified trim,MODEL_DISCOVERY,byd,byd/song-l-dm-i,exact_normalized,
a0ad8c0d47e6,420,BYD,Song Plus,2024,Unspecified trim,MODEL_DISCOVERY,byd,byd/song-plus,exact_normalized,
b220bcefd49d,421,Geely,Emgrand 7,2027,Unspecified trim,MODEL_DISCOVERY,geely,geely/emgrand-7,exact_normalized,
e02701d6ab95,422,BMW,iX3 Neue Klasse,2026 vs 2027,50 xDrive M Sport (Info) vs unnamed 1-trim catalogue,PRICE_CONFLICT / MODEL_YEAR_CONFLICT,bmw,bmw/ix3-neue-klasse,exact_normalized,
1a9ce9aa0ce6,423,BMW,530i,2026,"Available Models catalogue (2 trims, unnamed)",MODEL_DISCOVERY,bmw,bmw/530i,exact_normalized,
238a6570cd2c,424,BMW,750Li,2022,Unspecified trim,MODEL_DISCOVERY,bmw,bmw/750li,exact_normalized,
cce87e93bf8b,425,BMW,Z4,2026,Unspecified trim,MODEL_DISCOVERY,bmw,bmw/z4,exact_normalized,
b897f27357cc,426,BMW,iX2,2026,eDrive20 M Sport,CONFIRMED_MATCH (Info vs Available Models),bmw,bmw/ix2,exact_normalized,
4b4471d0acba,427,BMW,iX3,2026,30 xDrive,MODEL_DISCOVERY (reconciled),bmw,bmw/ix3,exact_normalized,
701667867492,428,Fiat,500,2026,Unspecified trim,MODEL_DISCOVERY,fiat,fiat/500,exact_normalized,
46f295b1a901,429,Suzuki,Celerio,2022,1.0 M/T GA,MODEL_DISCOVERY,suzuki,suzuki/celerio,exact_normalized,
6001d23f6c2c,430,Suzuki,Ciaz,2024,1.5 A/T GLX Screen,MODEL_DISCOVERY,suzuki,suzuki/ciaz,exact_normalized,
070a0db48882,431,Haval,Jolion CKD,2027,Unspecified trim,MODEL_DISCOVERY,haval,haval/jolion-ckd,exact_normalized,
f5029ebdeaa6,432,Opel,Vectra,2022,Unspecified trim,MODEL_DISCOVERY,opel,opel/vectra,exact_normalized,
38fcbe3ed764,433,GAC,Aion Y,2026,BEV AION Y PLUS,CONFIRMED_MATCH (Info vs Available Models),gac,gac/aion-y,exact_normalized,
ec0336e2fd93,434,JAC,JS2,2026,Smart,MODEL_DISCOVERY,jac,jac/js2,exact_normalized,
28fe65d9cfe7,435,Audi,Q4 e-Tron,2025,Unspecified trim,MODEL_DISCOVERY,audi,audi/q4-e-tron,exact_normalized,
975159400537,436,Audi,Q5,2025,Unspecified trim,MODEL_DISCOVERY,audi,audi/q5,exact_normalized,
0bc6fdf271dc,437,Audi,SQ7,2023,Unspecified trim,MODEL_DISCOVERY,audi,audi/sq7,exact_normalized,
50927e32aee9,438,Kaiyi,X3,2026,Unspecified trim,MODEL_DISCOVERY,kaiyi,kaiyi/x3,exact_normalized,
9f17dd6075fc,439,Forthing,T5 Evo,2027,Unspecified trim,MODEL_DISCOVERY,forthing,forthing/t5-evo,exact_normalized,
36984230b519,440,Forthing,T5 Friday,2027,REEV,MODEL_DISCOVERY,forthing,forthing/t5-friday,exact_normalized,
4f65fdfd21c4,441,Cadillac,Escalade IQ,2026,Premium Sport AWD,MODEL_DISCOVERY,cadillac,cadillac/escalade-iq,exact_normalized,
e0f6c4c7b35e,442,Cadillac,Escalade IQL,2026,Unspecified trim,MODEL_DISCOVERY,cadillac,cadillac/escalade-iql,exact_normalized,
058af47162d7,443,Zeekr,007,2026,Unspecified trim,MODEL_DISCOVERY / DATA_QUALITY_FLAG,zeekr,zeekr/007,exact_normalized,
75f96a3ce57d,444,Zeekr,9X,2026,Unspecified trim,MODEL_DISCOVERY / DATA_QUALITY_FLAG,zeekr,zeekr/9x,exact_normalized,
c5df07e76a3c,445,Avatr,06,2026,Unspecified trim,MODEL_DISCOVERY / DATA_QUALITY_FLAG,avatr,avatr/06,exact_normalized,
f12d23837890,446,XPENG,X9,2026,Flagship,MODEL_DISCOVERY,xpeng,xpeng/x9,exact_normalized,
181e961150cc,447,XPENG,G7,2027,Unspecified trim,MODEL_DISCOVERY,xpeng,xpeng/g7,exact_normalized,
87a16ee94dd0,448,XPENG,GX,2026,Unspecified trim,MODEL_DISCOVERY / DATA_QUALITY_FLAG,xpeng,xpeng/gx,exact_normalized,
c604289b02a0,449,XPENG,Mona L03,2026,Unspecified trim,MODEL_DISCOVERY / NAMING_DIFFERENCE,xpeng,xpeng/mona-l03,exact_normalized,
87eaccea79ab,450,Xiaomi,YU7,2025,Unspecified trim,MODEL_DISCOVERY / DATA_QUALITY_FLAG,xiaomi,xiaomi/yu7,exact_normalized,
bc20de75201b,451,GMC,Yukon,2025,Unspecified trim,MODEL_DISCOVERY / DATA_QUALITY_FLAG,gmc,gmc/yukon,exact_normalized,
555053267c07,452,GMC,Sierra,2026,Unspecified trim,MODEL_DISCOVERY / DATA_QUALITY_FLAG,gmc,gmc/sierra,exact_normalized,
ed88cb3cb288,453,Tesla,Model Y,2027,Unspecified trim,MODEL_DISCOVERY / DATA_QUALITY_FLAG,tesla,tesla/model-y,exact_normalized,
00e82f98fc0a,454,Ford,Mustang,2025,Unspecified trim,SINGLE_SOURCE / NO_CROSS_CHECK,ford,ford/mustang,exact_normalized,
fdfdf59626db,455,GMC,Terrain,2026,Unspecified trim,SINGLE_SOURCE / NO_CROSS_CHECK,gmc,gmc/terrain,exact_normalized,
2430f108ff02,456,Hummer,Hummer EV SUV,2026,Unspecified trim,SINGLE_SOURCE / NO_CROSS_CHECK,hummer,hummer/hummer-ev-suv,exact_normalized,
12d7b3c02a7f,457,Isuzu,Dmax,2026,Unspecified trim,SINGLE_SOURCE / NO_CROSS_CHECK,isuzu,isuzu/dmax,exact_normalized,
ce96e01ec070,458,JMC,Boarding,2027,Unspecified trim,SINGLE_SOURCE / NO_CROSS_CHECK,jmc,jmc/boarding,exact_normalized,
eea7e755447f,459,Jaecoo,J7,2027,Unspecified trim,SINGLE_SOURCE / DATA_QUALITY_FLAG,jaecoo,jaecoo/j7,exact_normalized,
8f0eede71c7a,460,Lexus,LX600,2025,Unspecified trim,SINGLE_SOURCE / NO_CROSS_CHECK,lexus,lexus/lx600,exact_normalized,
dd4b90ff7f46,461,Omoda,C5,2027,Unspecified trim,SINGLE_SOURCE / DATA_QUALITY_FLAG,omoda,omoda/c5,exact_normalized,
e79ff6d3aeca,462,Range Rover,Evoque,2024,Unspecified trim,SINGLE_SOURCE / NO_CROSS_CHECK,range-rover,range-rover/evoque,exact_normalized,
d57e72de1132,463,Rolls Royce,Cullinan,2023,Unspecified trim,SINGLE_SOURCE / NO_CROSS_CHECK,rolls-royce,rolls-royce/cullinan,exact_normalized,
d9cfef2bacb9,464,Tesla,Cybertruck,2025,Unspecified trim,SINGLE_SOURCE / NO_CROSS_CHECK,tesla,tesla/cybertruck,exact_normalized,
0163568c2eb7,465,Dodge,Charger,2026,Unspecified trim,SINGLE_SOURCE / NO_CROSS_CHECK,dodge,dodge/charger,exact_normalized,
bd3fa8e656b1,466,Xiaomi,SU7,2026,Unspecified trim,SINGLE_SOURCE / NO_CROSS_CHECK,xiaomi,xiaomi/su7,exact_normalized,
e70994ead1ff,467,BAK,Golf Cart,2026,Unspecified trim,SINGLE_SOURCE / NO_CROSS_CHECK,bak,bak/golf-cart,exact_normalized,
8b6a35c9c19c,468,Dongfeng Aeolus,Huge Hybrid,2024 vs 2025,1.5 A/T Hybrid (Info) vs unnamed 2-trim catalogue,PRICE_CONFLICT / MODEL_YEAR_CONFLICT,dongfeng-aeolus,dongfeng-aeolus/huge-hybrid,exact_normalized,
6d47fbbf871b,469,Golf Car,Club Car,2026,Unspecified trim,SINGLE_SOURCE / NO_CROSS_CHECK,golf-car,golf-car/club-car,exact_normalized,
cb0137d09a5f,470,KYC,V3,2026,Unspecified trim,SINGLE_SOURCE / NO_CROSS_CHECK,kyc,kyc/v3,exact_normalized,
e90a4089d1c8,471,Rehigh,RH6,2026,Nobel Version RWD,CONFIRMED_MATCH (Info vs Available Models) / NO_CROSS_CHECK vs Hatla2ee,rehigh,rehigh/rh6,exact_normalized,
15702b759fc1,472,Rehigh,RH6,2026,Luxury Version AWD,CONFIRMED_MATCH (Info vs Available Models) / NO_CROSS_CHECK vs Hatla2ee,rehigh,rehigh/rh6,exact_normalized,
2dbb5819a91e,473,Rely,R8,2026,Standard,CONFIRMED_MATCH (Info vs Available Models) / NO_CROSS_CHECK vs Hatla2ee,rely,rely/r8,exact_normalized,
ac0942a9359d,474,Rely,R8,2026,Comfort,CONFIRMED_MATCH (Info vs Available Models) / NO_CROSS_CHECK vs Hatla2ee,rely,rely/r8,exact_normalized,
d66a74b04330,475,Sandstorm,S24,2026,Double Cab 4x4,CONFIRMED_MATCH (Info vs Available Models) / NO_CROSS_CHECK vs Hatla2ee,sandstorm,sandstorm/s24,exact_normalized,
93712eb1def7,476,Shineray,X30,2027,Unspecified trim,SINGLE_SOURCE / NO_CROSS_CHECK,shineray,shineray/x30,exact_normalized,
7301b0186c6d,477,Speranza,Tiggo,2026,Unspecified trim,SINGLE_SOURCE / NO_CROSS_CHECK,speranza,speranza/tiggo,exact_normalized,
31c6122c6309,478,Wingamm,Oasi 540,2024,2.2 JTD,CONFIRMED_MATCH (Info vs Available Models) / NO_CROSS_CHECK vs Hatla2ee,wingamm,wingamm/oasi-540,exact_normalized,
6d08bed47e10,479,Mercedes,C200,2026,Sport (1 trim),SINGLE_SOURCE/NO_HATLA2EE_CHECK,mercedes,mercedes/c200,exact_normalized,
ab206d1c45d4,480,Mercedes,C180,2026,Avantgarde/Sport (2 trims),SINGLE_SOURCE/NO_HATLA2EE_CHECK,mercedes,mercedes/c180,exact_normalized,
8ef967fcd453,481,Mercedes,CLE 200,2025,Sport-Coupe/Sport-Cabriolet (2 trims),SINGLE_SOURCE/NO_HATLA2EE_CHECK,mercedes,mercedes/cle-200,exact_normalized,
383b1719b7de,482,Mercedes,E200,2026,Avantgarde/Sport/Exclusive (3 trims),DATA_QUALITY_FLAG,mercedes,mercedes/e200,exact_normalized,
a63e0ff67ad1,483,Mercedes,GLC 200,2026,4M SUV-Sport/4M COUPE-Sport (2 trims),SINGLE_SOURCE/NO_HATLA2EE_CHECK,mercedes,mercedes/glc-200,exact_normalized,
6bbec17c82bb,484,Mercedes,EQS SUV,2025,EQS 500 4M/EQS 680 4M Maybach/EQS 680 4M Maybach Night Series (3 trims),SINGLE_SOURCE/NO_HATLA2EE_CHECK,mercedes,mercedes/eqs-suv,exact_normalized,
b8b3ee4c5c3e,485,Mercedes,EQA 260,2025,Unspecified (1 trim),DATA_QUALITY_FLAG,mercedes,mercedes/eqa-260,exact_normalized,
2407cd593424,486,Mercedes,B 200,2026,Unspecified (1 trim),SINGLE_SOURCE/NO_HATLA2EE_CHECK,mercedes,mercedes/b-200,exact_normalized,
7bea3630875d,487,Mercedes,A200,2026,Unspecified (1 trim),SINGLE_SOURCE/NO_HATLA2EE_CHECK,mercedes,mercedes/a200,exact_normalized,
0c2ae71b9e53,488,Mercedes,CLA 200,2026,Unspecified (1 trim),SINGLE_SOURCE/NO_HATLA2EE_CHECK,mercedes,mercedes/cla-200,exact_normalized,
07d3ac7365df,489,Mercedes,GLA 200,2026,Unspecified (1 trim),SINGLE_SOURCE/NO_HATLA2EE_CHECK,mercedes,mercedes/gla-200,exact_normalized,
a26f45b7598d,490,Mercedes,EQA250+,2026,Unspecified (1 trim),SINGLE_SOURCE/NO_HATLA2EE_CHECK,mercedes,mercedes/eqa250,exact_normalized,
fe1604cc2153,491,Mercedes,EQB250+,2026,Unspecified (1 trim),SINGLE_SOURCE/NO_HATLA2EE_CHECK,mercedes,mercedes/eqb250,exact_normalized,
3c626dc72890,492,Mercedes,CLA250+,2027,Unspecified (1 trim),SINGLE_SOURCE/NO_HATLA2EE_CHECK,mercedes,mercedes/cla250,exact_normalized,
6967be8770f2,493,Mercedes,EQE SUV,2025,Unspecified (1 trim),SINGLE_SOURCE/NO_HATLA2EE_CHECK,mercedes,mercedes/eqe-suv,exact_normalized,
a280da4ce0c5,494,Mercedes,C 43 AMG,2025,Unspecified (1 trim),SINGLE_SOURCE/NO_HATLA2EE_CHECK,mercedes,mercedes/c-43-amg,exact_normalized,
169e9624f804,495,Mercedes,V300,2026,Unspecified (1 trim),SINGLE_SOURCE/NO_HATLA2EE_CHECK,mercedes,mercedes/v300,exact_normalized,
2e450e487dfa,496,Mercedes,GLC 43,2026,Unspecified (1 trim),SINGLE_SOURCE/NO_HATLA2EE_CHECK,mercedes,mercedes/glc-43,exact_normalized,
27c1824e8b33,497,Mercedes,GLE 450,2025,Unspecified (1 trim),SINGLE_SOURCE/NO_HATLA2EE_CHECK,mercedes,mercedes/gle-450,exact_normalized,
cbb7aee5c5e2,498,Mercedes,GLE 53,2025,Unspecified (1 trim),SINGLE_SOURCE/NO_HATLA2EE_CHECK,mercedes,mercedes/gle-53,exact_normalized,
f0aa0849e64b,499,Mercedes,GLS 580,2025,Unspecified (1 trim),SINGLE_SOURCE/NO_HATLA2EE_CHECK,mercedes,mercedes/gls-580,exact_normalized,
f3f5848134fa,500,Mercedes,G580 with EQ Technology,2025,Unspecified (1 trim),SINGLE_SOURCE/NO_HATLA2EE_CHECK,mercedes,mercedes/g580-with-eq-technology,exact_normalized,
caca06d59e11,501,Mercedes,S450,2026,Unspecified (1 trim),SINGLE_SOURCE/NO_HATLA2EE_CHECK,mercedes,mercedes/s450,exact_normalized,
414978ba7de4,502,Mercedes,G 500,2025,Unspecified (1 trim),SINGLE_SOURCE/NO_HATLA2EE_CHECK,mercedes,mercedes/g-500,exact_normalized,
7ef343325698,503,Mercedes,SL55 AMG,2025,Unspecified (1 trim),SINGLE_SOURCE/NO_HATLA2EE_CHECK,mercedes,mercedes/sl55-amg,exact_normalized,
0b0f6bd5ac6d,504,Mercedes,AMG GT,2025,Unspecified (1 trim),SINGLE_SOURCE/NO_HATLA2EE_CHECK,mercedes,mercedes/amg-gt,exact_normalized,
45e2a6f860b6,505,Mercedes,Maybach S 580,2026,Unspecified (1 trim),SINGLE_SOURCE/NO_HATLA2EE_CHECK,mercedes,mercedes/maybach-s-580,exact_normalized,
260852d76cc3,506,Mercedes,G 63,2025,Unspecified (1 trim),SINGLE_SOURCE/NO_HATLA2EE_CHECK,mercedes,mercedes/g-63,exact_normalized,
516a0d2fb3be,507,Mercedes,A180,2022,Unspecified trim,MODEL_DISCOVERY / DATA_QUALITY_FLAG,mercedes,mercedes/a180,exact_normalized,
ca4cdf964cfe,508,Mercedes,A 250e,2023,Unspecified trim,MODEL_DISCOVERY / DATA_QUALITY_FLAG,mercedes,mercedes/a-250e,exact_normalized,
cc6455caed90,509,Mercedes,C400,2026,Unspecified trim,MODEL_DISCOVERY / DATA_QUALITY_FLAG,mercedes,mercedes/c400,exact_normalized,
533dfe6b2144,510,Mercedes,CLA 180,2026,Unspecified trim,MODEL_DISCOVERY / DATA_QUALITY_FLAG,mercedes,mercedes/cla-180,exact_normalized,
a18a6c828469,511,Mercedes,CLA 300,2025,Unspecified trim,MODEL_DISCOVERY / DATA_QUALITY_FLAG,mercedes,mercedes/cla-300,exact_normalized,
c127eaf382cc,512,Mercedes,CLE 300,2024,Unspecified trim,MODEL_DISCOVERY / DATA_QUALITY_FLAG,mercedes,mercedes/cle-300,exact_normalized,
3116b87c8d6e,513,Mercedes,E Cabriolet,2022,Unspecified trim,MODEL_DISCOVERY / DATA_QUALITY_FLAG,mercedes,mercedes/e-cabriolet,exact_normalized,
9be4eed7f794,514,Mercedes,E300,2022,Unspecified trim,MODEL_DISCOVERY / DATA_QUALITY_FLAG,mercedes,mercedes/e300,exact_normalized,
a08a71e4339e,515,Mercedes,E350,2024,Unspecified trim,MODEL_DISCOVERY / DATA_QUALITY_FLAG,mercedes,mercedes/e350,exact_normalized,
02ad8077c303,516,Mercedes,EQE 500,2025,Unspecified trim,MODEL_DISCOVERY / DATA_QUALITY_FLAG,mercedes,mercedes/eqe-500,exact_normalized,
9d6ba850c62a,517,Mercedes,GLA 180,2026,Unspecified trim,MODEL_DISCOVERY / DATA_QUALITY_FLAG,mercedes,mercedes/gla-180,exact_normalized,
e69269361c3f,518,Mercedes,GLB 200,2027,Unspecified trim,MODEL_DISCOVERY / DATA_QUALITY_FLAG,mercedes,mercedes/glb-200,exact_normalized,
7b58673cd260,519,Mercedes,GLC 300,2026,Unspecified trim,MODEL_DISCOVERY / DATA_QUALITY_FLAG,mercedes,mercedes/glc-300,exact_normalized,
035d6f8f167d,520,Mercedes,GLC 300 Coupe,2027,Unspecified trim,MODEL_DISCOVERY / DATA_QUALITY_FLAG,mercedes,mercedes/glc-300-coupe,exact_normalized,
c11a04b156a9,521,Mercedes,GLC 400,2026,Unspecified trim,MODEL_DISCOVERY / DATA_QUALITY_FLAG,mercedes,mercedes/glc-400,exact_normalized,
71f5b91181ab,522,Mercedes,GT53,2027,Unspecified trim,MODEL_DISCOVERY / DATA_QUALITY_FLAG,mercedes,mercedes/gt53,exact_normalized,
59f8901b57ca,523,Mercedes,S500,2023,Unspecified trim,MODEL_DISCOVERY / DATA_QUALITY_FLAG,mercedes,mercedes/s500,exact_normalized,
2b025352af24,524,Mercedes,S580,2027,Unspecified trim,MODEL_DISCOVERY / DATA_QUALITY_FLAG,mercedes,mercedes/s580,exact_normalized,
32b7b623f295,525,Mercedes,S63,2025,Unspecified trim,MODEL_DISCOVERY / DATA_QUALITY_FLAG,mercedes,mercedes/s63,exact_normalized,
2fcb37db4743,526,Mitsubishi,Pajero Sport,2027,Unspecified trim,MODEL_DISCOVERY / DATA_QUALITY_FLAG,mitsubishi,mitsubishi/pajero-sport,exact_normalized,
21b0f98da418,527,Rolls Royce,Spectre,2027,Unspecified trim,MODEL_DISCOVERY / DATA_QUALITY_FLAG,rolls-royce,rolls-royce/spectre,exact_normalized,
cd06740ea1f8,528,Lexus,RZ,2026,RZ350e / RZ550e (2 trims),CONFIRMED_MATCH (Info vs Available Models),lexus,lexus/rz,exact_normalized,
b341ae36a0d3,529,AITO,M9,2024,Other Trims,MODEL_DISCOVERY,aito,aito/m9,exact_normalized,
