review_id,kind,key,detail,suggestion,blocks_mapping,status
R-35119fce7e8e,brand_sub_brand_overlap,dongfeng | dongfeng-aeolus,"""Dongfeng Aeolus"" looks like a sub-brand of ""Dongfeng""; model keys under both: ['hugehybrid']","decide: sub-brand as its own brand, or brand alias (then duplicate models merge via model_aliases)",yes,open
R-b2b110b87666,candidate_unmapped,BMW | ~30 model lines (118i through 760i/i-Series/M-Series/X-Series),"covers 4 name(s); matched none; unmatched ['~30 model lines (118i through 760i', 'i-Series', 'M-Series', 'X-Series)']","split candidate row per model, or map to an existing model",yes,open
R-62054483c97e,candidate_unmapped,Baic | X35 / X3,"covers 2 name(s); matched ['baic/x3', 'baic/x35']; unmatched []","split candidate row per model, or map to an existing model",yes,open
R-233f7d8a4578,candidate_unmapped,Dongfeng | Aeolus e70 pro / Aeolus A30 / HUGE-Hybrid,"covers 3 name(s); matched ['dongfeng/aeolus-a30', 'dongfeng/aeolus-e70-pro', 'dongfeng/huge-hybrid']; unmatched []","split candidate row per model, or map to an existing model",yes,open
R-2459f17722b8,candidate_unmapped,GAC | Aion LX / Aion Y,"covers 2 name(s); matched ['gac/aion-lx', 'gac/aion-y']; unmatched []","split candidate row per model, or map to an existing model",yes,open
R-af69206e6e11,candidate_unmapped,GAC | GS3 Emzoom / EMZOOM,"covers 2 name(s); matched ['gac/emzoom', 'gac/gs3-emzoom']; unmatched []","split candidate row per model, or map to an existing model",yes,open
R-728f964d0266,candidate_unmapped,Land Rover | Velar/Discovery/Discovery Sport/Range Rover Sport/Range Rover Vogue,"covers 5 name(s); matched ['land-rover/discovery', 'land-rover/discovery-sport', 'land-rover/range-rover-sport', 'land-rover/range-rover-vogue', 'land-rover/velar']; unmatched []","split candidate row per model, or map to an existing model",yes,open
R-db75dd1176e6,candidate_unmapped,Subaru | XV Crosstrek / Crosstrek,"covers 2 name(s); matched ['subaru/crosstrek', 'subaru/xv-crosstrek']; unmatched []","split candidate row per model, or map to an existing model",yes,open
R-ed88793bb0f8,candidate_unmapped,Volkswagen | ID.4 Crozz / ID.4 / ID.6 Crozz / id7 / ID-ERA 9X,"covers 5 name(s); matched ['volkswagen/id-4', 'volkswagen/id-4-crozz', 'volkswagen/id-6-crozz', 'volkswagen/id-era-9x', 'volkswagen/id7']; unmatched []","split candidate row per model, or map to an existing model",yes,open
R-8340425fd412,body_type_check,bmw/m850i,"trims carry different body types: {'coupe': 1, 'convertible': 1}",legitimate body styles (keep as variant observations) OR misclassification (correct at source mapping),no,open
R-edc6d4ae8b70,body_type_check,kia/carnival,"trims carry different body types: {'van': 1, 'suv': 1}",legitimate body styles (keep as variant observations) OR misclassification (correct at source mapping),no,open
R-41c06763ead8,body_type_check,kia/ev6,"trims carry different body types: {'hatchback': 2, 'suv': 2}",legitimate body styles (keep as variant observations) OR misclassification (correct at source mapping),no,open
R-1421458d8920,body_type_check,mazda/3,"trims carry different body types: {'sedan': 2, 'hatchback': 3}",legitimate body styles (keep as variant observations) OR misclassification (correct at source mapping),no,open
R-a7dfe017d3cc,body_type_check,mini/cooper,"trims carry different body types: {'hatchback': 8, 'convertible': 1}",legitimate body styles (keep as variant observations) OR misclassification (correct at source mapping),no,open
R-c1b6a508c38f,brand_spelling_normalized,brand:jac,"spellings {'Jac': 12, 'JAC': 2} -> ""JAC"" (jac)",confirm display name,no,open
R-1dd9ea616295,brand_spelling_normalized,brand:xpeng,"spellings {'Xpeng': 11, 'XPENG': 8} -> ""XPENG"" (xpeng)",confirm display name,no,open
R-96fb505b6358,candidate_price_not_in_master,arcfox/kaola-s (candidate line 263),mixed / unexplained,"regenerate candidate prices from master, or record the source/date the candidate price came from",no,open
R-8acb309aed6d,candidate_price_not_in_master,audi/rs-e-tron-gt (candidate line 223),all candidate prices higher than nearest master price,"regenerate candidate prices from master, or record the source/date the candidate price came from",no,open
R-f23220158b57,candidate_price_not_in_master,bestune/b70 (candidate line 337),all candidate prices higher than nearest master price,"regenerate candidate prices from master, or record the source/date the candidate price came from",no,open
R-96ea1bde819d,candidate_price_not_in_master,bestune/t77-pro (candidate line 335),all candidate prices higher than nearest master price,"regenerate candidate prices from master, or record the source/date the candidate price came from",no,open
R-a460b5ef8d28,candidate_price_not_in_master,cadillac/lyriq (candidate line 331),"rounding (<= max(1,000 EGP, 0.1%))","regenerate candidate prices from master, or record the source/date the candidate price came from",no,open
R-1ce17ad4921b,candidate_price_not_in_master,cadillac/optiq (candidate line 330),"rounding (<= max(1,000 EGP, 0.1%))","regenerate candidate prices from master, or record the source/date the candidate price came from",no,open
R-519f4db76282,candidate_price_not_in_master,chery/arrizo-5 (candidate line 82),mixed / unexplained,"regenerate candidate prices from master, or record the source/date the candidate price came from",no,open
R-f16853f30501,candidate_price_not_in_master,chery/arrizo-8 (candidate line 84),all candidate prices lower than nearest master price,"regenerate candidate prices from master, or record the source/date the candidate price came from",no,open
R-79d51e60d4ea,candidate_price_not_in_master,chery/eq7 (candidate line 95),all candidate prices higher than nearest master price,"regenerate candidate prices from master, or record the source/date the candidate price came from",no,open
R-58edf235e324,candidate_price_not_in_master,chery/tiggo-7 (candidate line 88),mixed / unexplained,"regenerate candidate prices from master, or record the source/date the candidate price came from",no,open
R-055c01fd600c,candidate_price_not_in_master,chery/tiggo-7-pro (candidate line 89),mixed / unexplained,"regenerate candidate prices from master, or record the source/date the candidate price came from",no,open
R-97b49435e744,candidate_price_not_in_master,chery/tiggo-7-pro-max (candidate line 90),mixed / unexplained,"regenerate candidate prices from master, or record the source/date the candidate price came from",no,open
R-e52e86cd51f4,candidate_price_not_in_master,chery/tiggo-8 (candidate line 91),all candidate prices higher than nearest master price,"regenerate candidate prices from master, or record the source/date the candidate price came from",no,open
R-9fbfab376fd7,candidate_price_not_in_master,chery/tiggo-8-pro (candidate line 92),all candidate prices higher than nearest master price,"regenerate candidate prices from master, or record the source/date the candidate price came from",no,open
R-15091ef90392,candidate_price_not_in_master,chery/tiggo-8-pro-max (candidate line 93),all candidate prices higher than nearest master price,"regenerate candidate prices from master, or record the source/date the candidate price came from",no,open
R-87e37c7cc869,candidate_price_not_in_master,chery/tiggo-9 (candidate line 94),all candidate prices higher than nearest master price,"regenerate candidate prices from master, or record the source/date the candidate price came from",no,open
R-a62986710af9,candidate_price_not_in_master,citroen/c4 (candidate line 271),all candidate prices lower than nearest master price,"regenerate candidate prices from master, or record the source/date the candidate price came from",no,open
R-76665409f63a,candidate_price_not_in_master,dongfeng-aeolus/huge-hybrid (candidate line 468),all candidate prices lower than nearest master price,"regenerate candidate prices from master, or record the source/date the candidate price came from",no,open
R-6c70c4a48de7,candidate_price_not_in_master,ds/ds4 (candidate line 338),all candidate prices higher than nearest master price,"regenerate candidate prices from master, or record the source/date the candidate price came from",no,open
R-b49bdc152532,candidate_price_not_in_master,genesis/g80 (candidate line 252),all candidate prices higher than nearest master price,"regenerate candidate prices from master, or record the source/date the candidate price came from",no,open
R-0e95e125cd7d,candidate_price_not_in_master,honda/cr-v (candidate line 362),all candidate prices lower than nearest master price,"regenerate candidate prices from master, or record the source/date the candidate price came from",no,open
R-455b28ac5ee2,candidate_price_not_in_master,hyundai/accent-rb (candidate line 96),all candidate prices lower than nearest master price,"regenerate candidate prices from master, or record the source/date the candidate price came from",no,open
R-51f309e41291,candidate_price_not_in_master,jac/j7 (candidate line 302),"rounding (<= max(1,000 EGP, 0.1%))","regenerate candidate prices from master, or record the source/date the candidate price came from",no,open
R-0f991ca40e3a,candidate_price_not_in_master,jac/js4 (candidate line 303),"rounding (<= max(1,000 EGP, 0.1%))","regenerate candidate prices from master, or record the source/date the candidate price came from",no,open
R-a89892511fc4,candidate_price_not_in_master,jac/s2 (candidate line 301),"rounding (<= max(1,000 EGP, 0.1%))","regenerate candidate prices from master, or record the source/date the candidate price came from",no,open
R-6e1824e96353,candidate_price_not_in_master,jaguar/f-pace (candidate line 341),all candidate prices higher than nearest master price,"regenerate candidate prices from master, or record the source/date the candidate price came from",no,open
R-250d89b14ec5,candidate_price_not_in_master,maserati/grecale (candidate line 375),all candidate prices lower than nearest master price,"regenerate candidate prices from master, or record the source/date the candidate price came from",no,open
R-eb1307fe4557,candidate_price_not_in_master,porsche/911 (candidate line 236),mixed / unexplained,"regenerate candidate prices from master, or record the source/date the candidate price came from",no,open
R-f9feeb9d654b,candidate_price_not_in_master,porsche/cayenne (candidate line 234),all candidate prices lower than nearest master price,"regenerate candidate prices from master, or record the source/date the candidate price came from",no,open
R-6a809ace402a,candidate_price_not_in_master,smart/1 (candidate line 238),all candidate prices higher than nearest master price,"regenerate candidate prices from master, or record the source/date the candidate price came from",no,open
R-baf36bb1d484,candidate_price_not_in_master,smart/3 (candidate line 239),all candidate prices higher than nearest master price,"regenerate candidate prices from master, or record the source/date the candidate price came from",no,open
R-df1e4d73b8dd,candidate_price_not_in_master,soueast/s-08-dm (candidate line 58),"rounding (<= max(1,000 EGP, 0.1%))","regenerate candidate prices from master, or record the source/date the candidate price came from",no,open
R-3e9d381886f3,cohort_exception_candidate,baic/bj30,"trims differ in powertrain: {'petrol': 1, 'hev': 2}",keep as variant observations (default) OR approve a cohort exception if the architecture differs,no,open
R-be71295ffb52,cohort_exception_candidate,byd/sealion-6,"trims differ in powertrain: {'bev': 2, 'phev': 2}",keep as variant observations (default) OR approve a cohort exception if the architecture differs,no,open
R-8c3ee6b86bf4,cohort_exception_candidate,changan/cs55-plus,"trims differ in powertrain: {'petrol': 3, 'diesel': 2}",keep as variant observations (default) OR approve a cohort exception if the architecture differs,no,open
R-31e70319a1a2,cohort_exception_candidate,chery/tiggo-7-pro (candidate line 89),candidate notes describe a separate cohort/generation,decide: same model (attribute) or cohort exception,no,open
R-8068d072234f,cohort_exception_candidate,deepal/s-05,"trims differ in powertrain: {'phev': 1, 'bev': 1}",keep as variant observations (default) OR approve a cohort exception if the architecture differs,no,open
R-2d2ecf9020de,cohort_exception_candidate,deepal/s-07,"trims differ in powertrain: {'phev': 1, 'bev': 1}",keep as variant observations (default) OR approve a cohort exception if the architecture differs,no,open
R-cf09844e56a7,cohort_exception_candidate,forthing/s7,"trims differ in powertrain: {'bev': 1, 'phev': 1}",keep as variant observations (default) OR approve a cohort exception if the architecture differs,no,open
R-685e13179fbe,cohort_exception_candidate,forthing/t5,"trims differ in powertrain: {'petrol': 1, 'bev': 1, 'phev': 1}",keep as variant observations (default) OR approve a cohort exception if the architecture differs,no,open
R-2773702de596,cohort_exception_candidate,haval/v7,"trims differ in powertrain: {'hev': 1, 'phev': 1}",keep as variant observations (default) OR approve a cohort exception if the architecture differs,no,open
R-285c1bc25e9e,cohort_exception_candidate,hyundai/tucson (candidate line 21),candidate notes describe a separate cohort/generation,decide: same model (attribute) or cohort exception,no,open
R-3dc4af82115f,cohort_exception_candidate,kaiyi/x7,"trims differ in powertrain: {'petrol': 1, 'phev': 1}",keep as variant observations (default) OR approve a cohort exception if the architecture differs,no,open
R-687e925ddc06,cohort_exception_candidate,kia/sportage (candidate line 27),candidate notes describe a separate cohort/generation,decide: same model (attribute) or cohort exception,no,open
R-017320ac56a7,cohort_exception_candidate,mg/hs,"trims differ in powertrain: {'petrol': 1, 'hev': 1}",keep as variant observations (default) OR approve a cohort exception if the architecture differs,no,open
R-1b4fa8109009,cohort_exception_candidate,mg/zs (candidate line 81),candidate notes describe a separate cohort/generation,decide: same model (attribute) or cohort exception,no,open
R-a9b0091ae9d0,cohort_exception_candidate,nissan/qashqai,"trims differ in powertrain: {'petrol': 5, 'hev': 2}",keep as variant observations (default) OR approve a cohort exception if the architecture differs,no,open
R-d960bbb21140,cohort_exception_candidate,nissan/x-trail,"trims differ in powertrain: {'petrol': 3, 'hev': 1}",keep as variant observations (default) OR approve a cohort exception if the architecture differs,no,open
R-8fb6a56e11ec,cohort_exception_candidate,skoda/kodiaq (candidate line 118),candidate notes describe a separate cohort/generation,decide: same model (attribute) or cohort exception,no,open
R-39c2e38ac654,cohort_exception_candidate,soueast/s-06,"trims differ in powertrain: {'petrol': 2, 'phev': 1, 'hev': 3}",keep as variant observations (default) OR approve a cohort exception if the architecture differs,no,open
R-10426e754adb,cohort_exception_candidate,toyota/corolla,"trims differ in powertrain: {'petrol': 5, 'hev': 1}",keep as variant observations (default) OR approve a cohort exception if the architecture differs,no,open
R-7c09dd5ee96a,duplicate_candidate,Soueast | S 05 | 2027 | Highline (1 trim),2 identical candidate rows,keep one; rows compared in investigations.json,no,open
R-9a8172b5a443,duplicate_candidate,Soueast | S 07 | 2027 | Highline/Premium (2 trims),2 identical candidate rows,keep one; rows compared in investigations.json,no,open
R-efbc9aaa3c26,duplicate_candidate,Soueast | S 09 | 2027 | Premium (1 trim),2 identical candidate rows,keep one; rows compared in investigations.json,no,open
R-edafda5e7e5c,duplicate_candidate,Volkswagen | Golf | 2025 | Life (1 trim),2 identical candidate rows,keep one; rows compared in investigations.json,no,open
R-b9b1d163886a,duplicate_candidate,Volkswagen | Tiguan | 2026 | R-Line (1 trim),2 identical candidate rows,keep one; rows compared in investigations.json,no,open
R-5b73a307384a,model_spelling_normalized,baic/x55,"spellings {'X 55': 3, 'X55': 1}","display ""X55""; confirm",no,open
R-c3e9fc33faac,model_spelling_normalized,chery/arrizo-6-gt,"spellings {'Arrizo 6 GT': 2, 'Arrizo 6 gt': 1}","display ""Arrizo 6 GT""; confirm",no,open
R-62244a5f78f8,model_spelling_normalized,chery/eq7,"spellings {'eQ7': 1, 'EQ7': 1}","display ""eQ7""; confirm",no,open
R-f1f53847364d,model_spelling_normalized,chery/tiggo-4-pro,"spellings {'Tiggo 4 PRO': 3, 'Tiggo 4 Pro': 1}","display ""Tiggo 4 Pro""; confirm",no,open
R-6ee5232e1e50,model_spelling_normalized,chery/tiggo-7-pro,"spellings {'Tiggo 7 Pro': 2, 'Tiggo 7 pro': 2}","display ""Tiggo 7 Pro""; confirm",no,open
R-5da1535a1cd8,model_spelling_normalized,chery/tiggo-7-pro-max,"spellings {'Tiggo 7 Pro Max': 2, 'Tiggo 7 pro max': 1}","display ""Tiggo 7 Pro Max""; confirm",no,open
R-8f234f0d135f,model_spelling_normalized,chery/tiggo-8-pro,"spellings {'Tiggo 8 PRO': 2, 'Tiggo 8 Pro': 1}","display ""Tiggo 8 Pro""; confirm",no,open
R-9a52db51e235,model_spelling_normalized,citroen/c4-x,"spellings {'C4X': 2, 'C4 X': 3}","display ""C4 X""; confirm",no,open
R-3c6ea411b21e,model_spelling_normalized,gac/gs4-max,"spellings {'GS4 max': 1, 'GS4 Max': 3}","display ""GS4 Max""; confirm",no,open
R-4517f451e5c0,model_spelling_normalized,honda/cr-v,"spellings {'CRV': 2, 'CR-V': 1}","display ""CR-V""; confirm",no,open
R-6f01799038c3,model_spelling_normalized,honda/zr-v,"spellings {'ZRV': 2, 'ZR-V': 1}","display ""ZR-V""; confirm",no,open
R-701ecfc392b7,model_spelling_normalized,hyundai/i30,"spellings {'i 30': 9, 'i30': 6}","display ""i30""; confirm",no,open
R-7fb00fa72560,model_spelling_normalized,mazda/cx-3,"spellings {'CX-3': 1, 'Cx 3': 1, 'CX 3': 1}","display ""CX-3""; confirm",no,open
R-ad54d9c442b6,model_spelling_normalized,opel/grandland,"spellings {'Grand Land': 11, 'Grandland': 3}","display ""Grandland""; confirm",no,open
R-495dbc76ad64,model_spelling_normalized,vgv/u70p-plus,"spellings {'U70P Plus': 1, 'U70 P plus': 1}","display ""U70P Plus""; confirm",no,open
R-37700e66f15a,model_spelling_normalized,volvo/es90,"spellings {'ES 90': 1, 'ES90': 1}","display ""ES90""; confirm",no,open
R-da395d4c3054,model_spelling_normalized,volvo/xc60,"spellings {'XC60': 3, 'XC 60': 3}","display ""XC60""; confirm",no,open
R-75aa5fb776f5,model_spelling_normalized,volvo/xc90,"spellings {'XC90': 1, 'XC 90': 1}","display ""XC90""; confirm",no,open
R-54d71a3f947b,same_model_or_separate:generation_or_assembly_suffix,bmw/ix3 | bmw/ix3-neue-klasse,"""iX3 Neue Klasse"" extends ""iX3""; kept as separate models",merge as alias (default for trims/assembly/facelift) OR keep separate / cohort exception (different generation or architecture),no,open
R-59a9e80bc53d,same_model_or_separate:generation_or_assembly_suffix,citroen/c4 | citroen/c4-facelift,"""C4 Facelift"" extends ""C4""; kept as separate models",merge as alias (default for trims/assembly/facelift) OR keep separate / cohort exception (different generation or architecture),no,open
R-3be4af61856a,same_model_or_separate:generation_or_assembly_suffix,haval/jolion | haval/jolion-ckd,"""Jolion CKD"" extends ""Jolion""; kept as separate models",merge as alias (default for trims/assembly/facelift) OR keep separate / cohort exception (different generation or architecture),no,open
R-bf189141d08d,same_model_or_separate:generation_or_assembly_suffix,hyundai/elantra | hyundai/elantra-ad,"""Elantra AD"" extends ""Elantra""; kept as separate models",merge as alias (default for trims/assembly/facelift) OR keep separate / cohort exception (different generation or architecture),no,open
R-99dbe2dd5103,same_model_or_separate:generation_or_assembly_suffix,hyundai/elantra | hyundai/elantra-cn7,"""Elantra CN7"" extends ""Elantra""; kept as separate models",merge as alias (default for trims/assembly/facelift) OR keep separate / cohort exception (different generation or architecture),no,open
R-e669330540bf,same_model_or_separate:generation_or_assembly_suffix,hyundai/tucson | hyundai/tucson-nx4e,"""Tucson NX4e"" extends ""Tucson""; kept as separate models",merge as alias (default for trims/assembly/facelift) OR keep separate / cohort exception (different generation or architecture),no,open
R-0e9751e7710b,same_model_or_separate:generation_or_assembly_suffix,jetour/x70 | jetour/x70-facelift,"""X70 - facelift"" extends ""X70""; kept as separate models",merge as alias (default for trims/assembly/facelift) OR keep separate / cohort exception (different generation or architecture),no,open
R-c2ce93b10562,same_model_or_separate:generation_or_assembly_suffix,skoda/octavia | skoda/octavia-a8,"""Octavia A8"" extends ""Octavia""; kept as separate models",merge as alias (default for trims/assembly/facelift) OR keep separate / cohort exception (different generation or architecture),no,open
R-54ef647228bf,same_model_or_separate:powertrain_suffix,audi/q8 | audi/q8-e-tron,"""Q8 E-tron"" extends ""Q8""; kept as separate models",merge as alias (default for trims/assembly/facelift) OR keep separate / cohort exception (different generation or architecture),no,open
R-493f1156b8ad,same_model_or_separate:powertrain_suffix,byd/song-l | byd/song-l-dm-i,"""Song L DM-i"" extends ""Song L""; kept as separate models",merge as alias (default for trims/assembly/facelift) OR keep separate / cohort exception (different generation or architecture),no,open
R-765a17248c45,same_model_or_separate:powertrain_suffix,cadillac/escalade | cadillac/escalade-iq,"""Escalade IQ"" extends ""Escalade""; kept as separate models",merge as alias (default for trims/assembly/facelift) OR keep separate / cohort exception (different generation or architecture),no,open
R-e21ccc8c7643,same_model_or_separate:powertrain_suffix,cadillac/escalade | cadillac/escalade-iql,"""Escalade IQL"" extends ""Escalade""; kept as separate models",merge as alias (default for trims/assembly/facelift) OR keep separate / cohort exception (different generation or architecture),no,open
R-3a9ffbc14361,same_model_or_separate:powertrain_suffix,chevrolet/captiva | chevrolet/captiva-ev,"""Captiva EV"" extends ""Captiva""; kept as separate models",merge as alias (default for trims/assembly/facelift) OR keep separate / cohort exception (different generation or architecture),no,open
R-a4f44e98e251,same_model_or_separate:powertrain_suffix,geely/ex5 | geely/ex5-em-i,"""EX5 EM-i"" extends ""EX5""; kept as separate models",merge as alias (default for trims/assembly/facelift) OR keep separate / cohort exception (different generation or architecture),no,open
R-db204f01dd39,same_model_or_separate:powertrain_suffix,haval/h6 | haval/h6-hev,"""H6 HEV"" extends ""H6""; kept as separate models",merge as alias (default for trims/assembly/facelift) OR keep separate / cohort exception (different generation or architecture),no,open
R-1326b7b9594d,same_model_or_separate:powertrain_suffix,porsche/macan | porsche/macan-electric,"""Macan Electric"" extends ""Macan""; kept as separate models",merge as alias (default for trims/assembly/facelift) OR keep separate / cohort exception (different generation or architecture),no,open
R-f18b8574dbf3,suspect_value,mg/4 body_type,single source (ContactCars) says SUV; no corroboration,check MG Egypt / Mansour listing for the body type,no,open
R-f64aaa02b4d7,trim_price_conflict,geely/starray / sportaboughaly,2 different official prices for the same trim and model year,check which source is current; never averaged,no,open
R-9e2bd4664a03,trim_price_conflict,geely/starray / sportautomobility,2 different official prices for the same trim and model year,check which source is current; never averaged,no,open
R-e828a593b61e,trim_price_conflict,hyundai/tucson / blackdiamond,4 different official prices for the same trim and model year,check which source is current; never averaged,no,open
R-69c595e1b235,trim_price_conflict,hyundai/tucson / blaze,4 different official prices for the same trim and model year,check which source is current; never averaged,no,open
R-19411ab9455a,trim_price_conflict,hyundai/tucson / night,4 different official prices for the same trim and model year,check which source is current; never averaged,no,open
R-57216f6d83cd,trim_price_conflict,hyundai/tucson / nline,3 different official prices for the same trim and model year,check which source is current; never averaged,no,open
R-75cacedeea33,trim_price_conflict,hyundai/tucson / shadow,4 different official prices for the same trim and model year,check which source is current; never averaged,no,open
R-e7f7f6cb7fbd,trim_price_conflict,mazda/cx-3 / highline,2 different official prices for the same trim and model year,check which source is current; never averaged,no,open
R-e545b9db791b,trim_price_conflict,nissan/magnite / tekna,2 different official prices for the same trim and model year,check which source is current; never averaged,no,open
R-438939e15992,trim_price_conflict,nissan/qashqai / nconnecta,2 different official prices for the same trim and model year,check which source is current; never averaged,no,open
R-d2965b69881d,trim_price_conflict,nissan/x-trail / acentaplus,2 different official prices for the same trim and model year,check which source is current; never averaged,no,open
R-7b14608e30d9,trim_price_conflict,nissan/x-trail / ntrek,2 different official prices for the same trim and model year,check which source is current; never averaged,no,open
R-35c04c3014a4,trim_price_conflict,opel/grandland / attopline,2 different official prices for the same trim and model year,check which source is current; never averaged,no,open
R-8740aa0a96e1,trim_price_conflict,volvo/xc60 / blackedition,2 different official prices for the same trim and model year,check which source is current; never averaged,no,open
R-560fc6a35a00,trim_price_conflict,volvo/xc60 / essential,2 different official prices for the same trim and model year,check which source is current; never averaged,no,open
R-b0c0f987e72d,trim_price_conflict,volvo/xc60 / ultimatedark,2 different official prices for the same trim and model year,check which source is current; never averaged,no,open
