model_id,model_year,trim_key,source,price_type,change,s0_value,s0_status,s1_value,s1_status,delta_egp
m_000001,2026,ex,contactcars,market,CHANGED,2120000,OK,1900000,OK,-220000
m_000001,2026,gtline,contactcars,market,UNCHANGED,2375000,OK,2375000,OK,
m_000001,2026,highline,contactcars,market,CHANGED,2340000,OK,2360000,OK,20000
m_000001,2026,lx,contactcars,market,CHANGED,2040000,OK,1820000,OK,-220000
m_000001,2026,premium,contactcars,market,UNCHANGED,2275000,OK,2275000,OK,
m_000001,2027,ex,contactcars,market,CHANGED,1980000,OK,1960000,OK,-20000
m_000001,2027,gtline,contactcars,market,UNCHANGED,2460000,OK,2460000,OK,
m_000001,2027,highline,contactcars,market,UNCHANGED,2100000,OK,2100000,OK,
m_000001,2027,lx,contactcars,market,UNCHANGED,1880000,OK,1880000,OK,
m_000001,2027,premium,contactcars,market,UNCHANGED,2300000,OK,2300000,OK,
m_000001,2026,ex,contactcars,official,UNCHANGED,1900000,OK,1900000,OK,
m_000001,2026,gtline,contactcars,official,UNCHANGED,2375000,OK,2375000,OK,
m_000001,2026,highline,contactcars,official,UNCHANGED,2050000,OK,2050000,OK,
m_000001,2026,lx,contactcars,official,UNCHANGED,1800000,OK,1800000,OK,
m_000001,2026,premium,contactcars,official,UNCHANGED,2275000,OK,2275000,OK,
m_000001,2027,ex,contactcars,official,UNCHANGED,1924900,OK,1924900,OK,
m_000001,2027,gtline,contactcars,official,UNCHANGED,2399900,OK,2399900,OK,
m_000001,2027,highline,contactcars,official,UNCHANGED,2074900,OK,2074900,OK,
m_000001,2027,lx,contactcars,official,UNCHANGED,1824900,OK,1824900,OK,
m_000001,2027,premium,contactcars,official,UNCHANGED,2299900,OK,2299900,OK,
m_000001,,ex,egycar,market,UNCHANGED_NON_NUMERIC,,NOT_PUBLISHED,,NOT_PUBLISHED,
m_000001,,gtline,egycar,market,UNCHANGED_NON_NUMERIC,,NOT_PUBLISHED,,NOT_PUBLISHED,
m_000001,,highline,egycar,market,UNCHANGED_NON_NUMERIC,,NOT_PUBLISHED,,NOT_PUBLISHED,
m_000001,,lx,egycar,market,UNCHANGED_NON_NUMERIC,,NOT_PUBLISHED,,NOT_PUBLISHED,
m_000001,,premium,egycar,market,UNCHANGED_NON_NUMERIC,,NOT_PUBLISHED,,NOT_PUBLISHED,
m_000001,,ex,egycar,official,UNCHANGED,1925000,OK,1925000,OK,
m_000001,,gtline,egycar,official,UNCHANGED,2400000,OK,2400000,OK,
m_000001,,highline,egycar,official,UNCHANGED,2075000,OK,2075000,OK,
m_000001,,lx,egycar,official,UNCHANGED,1825000,OK,1825000,OK,
m_000001,,premium,egycar,official,UNCHANGED,2300000,OK,2300000,OK,
m_000001,2025,ex,hatla2ee,market,UNCHANGED,1919900,OK,1919900,OK,
m_000001,2025,gtline,hatla2ee,market,UNCHANGED,2274900,OK,2274900,OK,
m_000001,2025,highline,hatla2ee,market,UNCHANGED,2024900,OK,2024900,OK,
m_000001,2025,lx,hatla2ee,market,UNCHANGED,1799900,OK,1799900,OK,
m_000001,2025,topline,hatla2ee,market,UNCHANGED,2149900,OK,2149900,OK,
m_000001,2027,ex,hatla2ee,market,UNCHANGED_NON_NUMERIC,,NOT_AVAILABLE,,NOT_PUBLISHED,
m_000001,2027,gtline,hatla2ee,market,UNCHANGED_NON_NUMERIC,,NOT_AVAILABLE,,NOT_PUBLISHED,
m_000001,2027,highline,hatla2ee,market,UNCHANGED_NON_NUMERIC,,NOT_AVAILABLE,,NOT_PUBLISHED,
m_000001,2027,lx,hatla2ee,market,UNCHANGED_NON_NUMERIC,,NOT_AVAILABLE,,NOT_PUBLISHED,
m_000001,2027,premium,hatla2ee,market,UNCHANGED_NON_NUMERIC,,NOT_AVAILABLE,,NOT_PUBLISHED,
m_000001,2025,ex,hatla2ee,official,UNCHANGED,1919900,OK,1919900,OK,
m_000001,2025,gtline,hatla2ee,official,UNCHANGED,2274900,OK,2274900,OK,
m_000001,2025,highline,hatla2ee,official,UNCHANGED,2024900,OK,2024900,OK,
m_000001,2025,lx,hatla2ee,official,UNCHANGED,1799900,OK,1799900,OK,
m_000001,2025,topline,hatla2ee,official,UNCHANGED,2149900,OK,2149900,OK,
m_000001,2027,ex,hatla2ee,official,UNCHANGED,1925000,OK,1925000,OK,
m_000001,2027,gtline,hatla2ee,official,UNCHANGED,2400000,OK,2400000,OK,
m_000001,2027,highline,hatla2ee,official,UNCHANGED,2075000,OK,2075000,OK,
m_000001,2027,lx,hatla2ee,official,UNCHANGED,1825000,OK,1825000,OK,
m_000001,2027,premium,hatla2ee,official,UNCHANGED,2300000,OK,2300000,OK,
m_000002,2025,othertrims,contactcars,market,NEW_IN_S1,,,2200000,OK,
m_000002,2026,blackdiamond,contactcars,market,UNCHANGED_NON_NUMERIC,,NOT_AVAILABLE,,NOT_AVAILABLE,
m_000002,2026,blaze,contactcars,market,CHANGED,2000000,OK,2060000,OK,60000
m_000002,2026,night,contactcars,market,UNCHANGED_NON_NUMERIC,,NOT_AVAILABLE,,NOT_AVAILABLE,
m_000002,2026,nlineawd,contactcars,market,UNCHANGED,2600000,OK,2600000,OK,
m_000002,2026,othertrims,contactcars,market,NEW_IN_S1,,,1820000,OK,
m_000002,2026,redline,contactcars,market,UNCHANGED,1950000,OK,1950000,OK,
m_000002,2026,redlinenpack,contactcars,market,UNCHANGED,2025000,OK,2025000,OK,
m_000002,2026,shadow,contactcars,market,CHANGED,1760000,OK,1780000,OK,20000
m_000002,2027,blackdiamond,contactcars,market,PRICE_STATUS_CHANGE,,NOT_AVAILABLE,2360000,OK,
m_000002,2027,blaze,contactcars,market,CHANGED,2080000,OK,1980000,OK,-100000
m_000002,2027,night,contactcars,market,UNCHANGED,2760000,OK,2760000,OK,
m_000002,2027,nlineawd,contactcars,market,UNCHANGED,2400000,OK,2400000,OK,
m_000002,2027,othertrims,contactcars,market,NEW_IN_S1,,,1960000,OK,
m_000002,2027,redline,contactcars,market,UNCHANGED,2160000,OK,2160000,OK,
m_000002,2027,redlinenpack,contactcars,market,UNCHANGED,2160000,OK,2160000,OK,
m_000002,2027,shadow,contactcars,market,UNCHANGED,1840000,OK,1840000,OK,
m_000002,2025,othertrims,contactcars,official,NEW_IN_S1,,,,NOT_PUBLISHED,
m_000002,2026,blackdiamond,contactcars,official,UNCHANGED,2200000,OK,2200000,OK,
m_000002,2026,blaze,contactcars,official,UNCHANGED,1850000,OK,1850000,OK,
m_000002,2026,night,contactcars,official,UNCHANGED,2100000,OK,2100000,OK,
m_000002,2026,nlineawd,contactcars,official,UNCHANGED,2300000,OK,2300000,OK,
m_000002,2026,othertrims,contactcars,official,NEW_IN_S1,,,,NOT_PUBLISHED,
m_000002,2026,redline,contactcars,official,UNCHANGED,1950000,OK,1950000,OK,
m_000002,2026,redlinenpack,contactcars,official,UNCHANGED,2025000,OK,2025000,OK,
m_000002,2026,shadow,contactcars,official,UNCHANGED,1700000,OK,1700000,OK,
m_000002,2027,blackdiamond,contactcars,official,UNCHANGED,2300000,OK,2300000,OK,
m_000002,2027,blaze,contactcars,official,UNCHANGED,1950000,OK,1950000,OK,
m_000002,2027,night,contactcars,official,UNCHANGED,2200000,OK,2200000,OK,
m_000002,2027,nlineawd,contactcars,official,UNCHANGED,2400000,OK,2400000,OK,
m_000002,2027,othertrims,contactcars,official,NEW_IN_S1,,,,NOT_PUBLISHED,
m_000002,2027,redline,contactcars,official,UNCHANGED,2050000,OK,2050000,OK,
m_000002,2027,redlinenpack,contactcars,official,AMBIGUOUS_DUPLICATE_ROWS,,OK,2125000,OK,
m_000002,2027,shadow,contactcars,official,UNCHANGED,1800000,OK,1800000,OK,
m_000002,,blackdiamond,egycar,market,UNCHANGED_NON_NUMERIC,,NOT_PUBLISHED,,NOT_PUBLISHED,
m_000002,,blaze,egycar,market,UNCHANGED_NON_NUMERIC,,NOT_PUBLISHED,,NOT_PUBLISHED,
m_000002,,night,egycar,market,UNCHANGED_NON_NUMERIC,,NOT_PUBLISHED,,NOT_PUBLISHED,
m_000002,,nline,egycar,market,UNCHANGED_NON_NUMERIC,,NOT_PUBLISHED,,NOT_PUBLISHED,
m_000002,,redline,egycar,market,UNCHANGED_NON_NUMERIC,,NOT_PUBLISHED,,NOT_PUBLISHED,
m_000002,,redlinenline,egycar,market,UNCHANGED_NON_NUMERIC,,NOT_PUBLISHED,,NOT_PUBLISHED,
m_000002,,shadow,egycar,market,UNCHANGED_NON_NUMERIC,,NOT_PUBLISHED,,NOT_PUBLISHED,
m_000002,,blackdiamond,egycar,official,UNCHANGED,2300000,OK,2300000,OK,
m_000002,,blaze,egycar,official,UNCHANGED,1950000,OK,1950000,OK,
m_000002,,night,egycar,official,UNCHANGED,2200000,OK,2200000,OK,
m_000002,,nline,egycar,official,UNCHANGED,2400000,OK,2400000,OK,
m_000002,,redline,egycar,official,UNCHANGED,2050000,OK,2050000,OK,
m_000002,,redlinenline,egycar,official,UNCHANGED,2125000,OK,2125000,OK,
m_000002,,shadow,egycar,official,UNCHANGED,1800000,OK,1800000,OK,
m_000002,2025,blackdiamond,hatla2ee,market,UNCHANGED,1999000,OK,1999000,OK,
m_000002,2025,blaze,hatla2ee,market,UNCHANGED,1649000,OK,1649000,OK,
m_000002,2025,night,hatla2ee,market,UNCHANGED,1899000,OK,1899000,OK,
m_000002,2025,nline,hatla2ee,market,UNCHANGED,2099000,OK,2099000,OK,
m_000002,2025,redline,hatla2ee,market,UNCHANGED,1749000,OK,1749000,OK,
m_000002,2025,shadow,hatla2ee,market,UNCHANGED,1499000,OK,1499000,OK,
m_000002,2027,blackdiamond,hatla2ee,market,UNCHANGED_NON_NUMERIC,,NOT_AVAILABLE,,NOT_PUBLISHED,
m_000002,2027,blaze,hatla2ee,market,UNCHANGED_NON_NUMERIC,,NOT_AVAILABLE,,NOT_PUBLISHED,
m_000002,2027,night,hatla2ee,market,UNCHANGED_NON_NUMERIC,,NOT_AVAILABLE,,NOT_PUBLISHED,
m_000002,2027,nline,hatla2ee,market,UNCHANGED_NON_NUMERIC,,NOT_AVAILABLE,,NOT_PUBLISHED,
m_000002,2027,redline,hatla2ee,market,UNCHANGED_NON_NUMERIC,,NOT_AVAILABLE,,NOT_PUBLISHED,
m_000002,2027,redlinenpack,hatla2ee,market,UNCHANGED_NON_NUMERIC,,NOT_AVAILABLE,,NOT_PUBLISHED,
m_000002,2027,shadow,hatla2ee,market,UNCHANGED_NON_NUMERIC,,NOT_AVAILABLE,,NOT_PUBLISHED,
m_000002,2025,blackdiamond,hatla2ee,official,UNCHANGED,1999000,OK,1999000,OK,
m_000002,2025,blaze,hatla2ee,official,UNCHANGED,1649000,OK,1649000,OK,
m_000002,2025,night,hatla2ee,official,UNCHANGED,1899000,OK,1899000,OK,
m_000002,2025,nline,hatla2ee,official,UNCHANGED,2099000,OK,2099000,OK,
m_000002,2025,redline,hatla2ee,official,UNCHANGED,1749000,OK,1749000,OK,
m_000002,2025,shadow,hatla2ee,official,UNCHANGED,1499000,OK,1499000,OK,
m_000002,2027,blackdiamond,hatla2ee,official,UNCHANGED,2275000,OK,2275000,OK,
m_000002,2027,blaze,hatla2ee,official,UNCHANGED,1925000,OK,1925000,OK,
m_000002,2027,night,hatla2ee,official,UNCHANGED,2175000,OK,2175000,OK,
m_000002,2027,nline,hatla2ee,official,UNCHANGED,2375000,OK,2375000,OK,
m_000002,2027,redline,hatla2ee,official,UNCHANGED,2025000,OK,2025000,OK,
m_000002,2027,redlinenpack,hatla2ee,official,UNCHANGED,2100000,OK,2100000,OK,
m_000002,2027,shadow,hatla2ee,official,UNCHANGED,1775000,OK,1775000,OK,
m_000003,2026,rline,contactcars,market,UNCHANGED,2620000,OK,2620000,OK,
m_000003,2026,rline,contactcars,official,UNCHANGED,2590000,OK,2590000,OK,
m_000003,2025,rline,hatla2ee,market,UNCHANGED,2350000,OK,2350000,OK,
m_000003,2026,rline,hatla2ee,market,UNCHANGED_NON_NUMERIC,,NOT_PUBLISHED,,NOT_PUBLISHED,
m_000003,2025,rline,hatla2ee,official,UNCHANGED,2350000,OK,2350000,OK,
m_000003,2026,rline,hatla2ee,official,UNCHANGED,2590000,OK,2590000,OK,
m_000004,2027,idm,contactcars,market,CHANGED,2340000,OK,2320000,OK,-20000
m_000004,2027,luxury,contactcars,market,CHANGED,1980000,OK,1960000,OK,-20000
m_000004,2027,mattcolour,contactcars,market,CHANGED,2000000,OK,1960000,OK,-40000
m_000004,2027,idm,contactcars,official,UNCHANGED,2150000,OK,2150000,OK,
m_000004,2027,luxury,contactcars,official,UNCHANGED,1900000,OK,1900000,OK,
m_000004,2027,mattcolour,contactcars,official,UNCHANGED,1930000,OK,1930000,OK,
m_000005,2027,allure,hatla2ee,market,UNCHANGED_NON_NUMERIC,,NOT_PUBLISHED,,NOT_PUBLISHED,
m_000005,2027,gt,hatla2ee,market,UNCHANGED_NON_NUMERIC,,NOT_PUBLISHED,,NOT_PUBLISHED,
m_000005,2027,allure,hatla2ee,official,UNCHANGED,2099990,OK,2099990,OK,
m_000005,2027,gt,hatla2ee,official,UNCHANGED,2399990,OK,2399990,OK,
m_000006,2027,nconnecta,contactcars,market,CHANGED,1600000,OK,1580000,OK,-20000
m_000006,2027,nconnectaplus,contactcars,market,CHANGED,1800000,OK,1760000,OK,-40000
m_000006,2027,nconnectaplus2t,contactcars,market,CHANGED,1780000,OK,1800000,OK,20000
m_000006,2027,ndesignepwr,contactcars,market,UNCHANGED_NON_NUMERIC,,NOT_AVAILABLE,,NOT_AVAILABLE,
m_000006,2027,tekna2t,contactcars,market,UNCHANGED,1888000,OK,1888000,OK,
m_000006,2027,teknaplus4wd,contactcars,market,UNCHANGED_NON_NUMERIC,,NOT_AVAILABLE,,NOT_AVAILABLE,
m_000006,2027,nconnecta,contactcars,official,UNCHANGED,1555000,OK,1555000,OK,
m_000006,2027,nconnectaplus,contactcars,official,UNCHANGED,1757000,OK,1757000,OK,
m_000006,2027,nconnectaplus2t,contactcars,official,UNCHANGED,1777000,OK,1777000,OK,
m_000006,2027,ndesignepwr,contactcars,official,UNCHANGED,1999000,OK,1999000,OK,
m_000006,2027,tekna2t,contactcars,official,UNCHANGED,1888000,OK,1888000,OK,
m_000006,2027,teknaplus4wd,contactcars,official,UNCHANGED,2068000,OK,2068000,OK,
m_000006,,epower,egycar,market,UNCHANGED_NON_NUMERIC,,NOT_PUBLISHED,,NOT_PUBLISHED,
m_000006,,nconnecta,egycar,market,UNCHANGED_NON_NUMERIC,,NOT_PUBLISHED,,NOT_PUBLISHED,
m_000006,,nconnectaplus,egycar,market,UNCHANGED_NON_NUMERIC,,NOT_PUBLISHED,,NOT_PUBLISHED,
m_000006,,tekna,egycar,market,UNCHANGED_NON_NUMERIC,,NOT_PUBLISHED,,NOT_PUBLISHED,
m_000006,,teknaplus4wd,egycar,market,UNCHANGED_NON_NUMERIC,,NOT_PUBLISHED,,NOT_PUBLISHED,
m_000006,,epower,egycar,official,UNCHANGED,2000000,OK,2000000,OK,
m_000006,,nconnecta,egycar,official,UNCHANGED,1555000,OK,1555000,OK,
m_000006,,nconnectaplus,egycar,official,UNCHANGED,1757000,OK,1757000,OK,
m_000006,,tekna,egycar,official,UNCHANGED,1868000,OK,1868000,OK,
m_000006,,teknaplus4wd,egycar,official,UNCHANGED,2048000,OK,2048000,OK,
m_000007,2024,othertrims,contactcars,market,UNCHANGED,1660000,OK,1660000,OK,
m_000007,2024,tlplus,contactcars,market,UNCHANGED,1800000,OK,1800000,OK,
m_000007,2024,turbohl,contactcars,market,UNCHANGED,1700000,OK,1700000,OK,
m_000007,2024,turboxtl,contactcars,market,UNCHANGED,1600000,OK,1600000,OK,
m_000007,2025,highlineplus,contactcars,market,UNCHANGED,2000000,OK,2000000,OK,
m_000007,2025,tlplus,contactcars,market,UNCHANGED,1860000,OK,1860000,OK,
m_000007,2025,topline,contactcars,market,UNCHANGED,2060000,OK,2060000,OK,
m_000007,2025,toplineplus,contactcars,market,UNCHANGED_NON_NUMERIC,,NOT_PUBLISHED,,NOT_PUBLISHED,
m_000007,2026,highlineplus,contactcars,market,UNCHANGED,1860000,OK,1860000,OK,
m_000007,2026,topline,contactcars,market,CHANGED,2060000,OK,2100000,OK,40000
m_000007,2026,toplineplus,contactcars,market,UNCHANGED,2100000,OK,2100000,OK,
m_000007,2024,othertrims,contactcars,official,UNCHANGED_NON_NUMERIC,,NOT_PUBLISHED,,NOT_PUBLISHED,
m_000007,2024,tlplus,contactcars,official,UNCHANGED_NON_NUMERIC,,NOT_PUBLISHED,,NOT_PUBLISHED,
m_000007,2024,turbohl,contactcars,official,UNCHANGED_NON_NUMERIC,,NOT_PUBLISHED,,NOT_PUBLISHED,
m_000007,2024,turboxtl,contactcars,official,UNCHANGED_NON_NUMERIC,,NOT_PUBLISHED,,NOT_PUBLISHED,
m_000007,2025,highlineplus,contactcars,official,UNCHANGED,1949990,OK,1949990,OK,
m_000007,2025,tlplus,contactcars,official,UNCHANGED_NON_NUMERIC,,NOT_PUBLISHED,,NOT_PUBLISHED,
m_000007,2025,topline,contactcars,official,UNCHANGED,2049990,OK,2049990,OK,
m_000007,2025,toplineplus,contactcars,official,UNCHANGED,2199990,OK,2199990,OK,
m_000007,2026,highlineplus,contactcars,official,UNCHANGED,1850000,OK,1850000,OK,
m_000007,2026,topline,contactcars,official,UNCHANGED,1950000,OK,1950000,OK,
m_000007,2026,toplineplus,contactcars,official,UNCHANGED,2100000,OK,2100000,OK,
m_000007,2026,highlineplus,hatla2ee,market,UNCHANGED,1849990,OK,1849990,OK,
m_000007,2026,topline,hatla2ee,market,UNCHANGED,1949990,OK,1949990,OK,
m_000007,2026,toplineplus,hatla2ee,market,UNCHANGED,2099990,OK,2099990,OK,
m_000007,2026,highlineplus,hatla2ee,official,UNCHANGED,1849990,OK,1849990,OK,
m_000007,2026,topline,hatla2ee,official,UNCHANGED,1949990,OK,1949990,OK,
m_000007,2026,toplineplus,hatla2ee,official,UNCHANGED,2099990,OK,2099990,OK,
m_000008,2025,othertrims,contactcars,market,PRICE_STATUS_CHANGE,,NOT_PUBLISHED,1180000,OK,
m_000008,2026,shine,contactcars,market,UNCHANGED,1740000,OK,1740000,OK,
m_000008,2026,shineentry,contactcars,market,PRICE_STATUS_CHANGE,,NOT_PUBLISHED,1620000,OK,
m_000008,2025,othertrims,contactcars,official,PRICE_STATUS_CHANGE,1180000,OK,,NOT_PUBLISHED,
m_000008,2026,shine,contactcars,official,UNCHANGED,1730000,OK,1730000,OK,
m_000008,2026,shineentry,contactcars,official,UNCHANGED,1590000,OK,1590000,OK,
m_000008,2026,shine,hatla2ee,market,UNCHANGED_NON_NUMERIC,,NOT_PUBLISHED,,NOT_PUBLISHED,
m_000008,2026,shineentry,hatla2ee,market,UNCHANGED_NON_NUMERIC,,NOT_PUBLISHED,,NOT_PUBLISHED,
m_000008,2027,advanced,hatla2ee,market,UNCHANGED_NON_NUMERIC,,NOT_PUBLISHED,,NOT_PUBLISHED,
m_000008,2027,ultimate,hatla2ee,market,UNCHANGED_NON_NUMERIC,,NOT_PUBLISHED,,NOT_PUBLISHED,
m_000008,2026,shine,hatla2ee,official,UNCHANGED,1850000,OK,1850000,OK,
m_000008,2026,shineentry,hatla2ee,official,UNCHANGED,1710000,OK,1710000,OK,
m_000008,2027,advanced,hatla2ee,official,UNCHANGED,1695000,OK,1695000,OK,
m_000008,2027,ultimate,hatla2ee,official,UNCHANGED,1935000,OK,1935000,OK,
m_000009,2027,luxury,contactcars,market,CHANGED,1780000,OK,1760000,OK,-20000
m_000009,2027,mattcolour,contactcars,market,UNCHANGED,1760000,OK,1760000,OK,
m_000009,2027,luxury,contactcars,official,UNCHANGED,1730000,OK,1730000,OK,
m_000009,2027,mattcolour,contactcars,official,UNCHANGED,1760000,OK,1760000,OK,
m_000010,2024,othertrims,contactcars,market,PRICE_STATUS_CHANGE,,NOT_PUBLISHED,1800000,OK,
m_000010,2024,othertrims,contactcars,official,PRICE_STATUS_CHANGE,1700000,OK,,NOT_PUBLISHED,
m_000011,2027,t6dctflagship,contactcars,market,UNCHANGED,1720000,OK,1720000,OK,
m_000011,2027,t6dctluxury,contactcars,market,UNCHANGED,1620000,OK,1620000,OK,
m_000011,2027,t6dctflagship,contactcars,official,UNCHANGED,1720000,OK,1720000,OK,
m_000011,2027,t6dctluxury,contactcars,official,UNCHANGED,1620000,OK,1620000,OK,
m_000011,2027,flagship,hatla2ee,market,NEW_IN_S1,,,,NOT_PUBLISHED,
m_000011,2027,luxury,hatla2ee,market,NEW_IN_S1,,,,NOT_PUBLISHED,
m_000011,2027,range2classes,hatla2ee,market,NOT_SEEN_IN_S1,,NOT_PUBLISHED,,,
m_000011,2027,flagship,hatla2ee,official,NEW_IN_S1,,,1720000,OK,
m_000011,2027,luxury,hatla2ee,official,NEW_IN_S1,,,1620000,OK,
m_000011,2027,range2classes,hatla2ee,official,NOT_SEEN_IN_S1,,PARSE_FAILED,,,
m_000012,2026,espiritalpine,contactcars,market,UNCHANGED,1890000,OK,1890000,OK,
m_000012,2026,evolutionfacelift,contactcars,market,UNCHANGED,1550000,OK,1550000,OK,
m_000012,2026,iconicfacelift,contactcars,market,UNCHANGED,1900000,OK,1900000,OK,
m_000012,2026,technofacelift,contactcars,market,UNCHANGED,1690000,OK,1690000,OK,
m_000012,2026,espiritalpine,contactcars,official,UNCHANGED,1890000,OK,1890000,OK,
m_000012,2026,evolutionfacelift,contactcars,official,UNCHANGED,1550000,OK,1550000,OK,
m_000012,2026,iconicfacelift,contactcars,official,UNCHANGED,1790000,OK,1790000,OK,
m_000012,2026,technofacelift,contactcars,official,UNCHANGED,1690000,OK,1690000,OK,
m_000012,2026,espritalpine,hatla2ee,market,UNCHANGED,1740000,OK,1740000,OK,
m_000012,2026,espritalpinebe,hatla2ee,market,UNCHANGED,1770000,OK,1770000,OK,
m_000012,2026,evolution,hatla2ee,market,UNCHANGED,1400000,OK,1400000,OK,
m_000012,2026,iconic,hatla2ee,market,UNCHANGED,1630000,OK,1630000,OK,
m_000012,2026,techno,hatla2ee,market,UNCHANGED,1570000,OK,1570000,OK,
m_000012,2026,espritalpine,hatla2ee,official,UNCHANGED,1740000,OK,1740000,OK,
m_000012,2026,espritalpinebe,hatla2ee,official,UNCHANGED,1770000,OK,1770000,OK,
m_000012,2026,evolution,hatla2ee,official,UNCHANGED,1400000,OK,1400000,OK,
m_000012,2026,iconic,hatla2ee,official,UNCHANGED,1630000,OK,1630000,OK,
m_000012,2026,techno,hatla2ee,official,UNCHANGED,1570000,OK,1570000,OK,
m_000013,2027,premium,contactcars,market,UNCHANGED,1680000,OK,1680000,OK,
m_000013,2027,premium,contactcars,official,UNCHANGED,1600000,OK,1600000,OK,
m_000013,2027,premium,hatla2ee,market,UNCHANGED_NON_NUMERIC,,NOT_PUBLISHED,,NOT_PUBLISHED,
m_000013,2027,premium,hatla2ee,official,UNCHANGED,1600000,OK,1600000,OK,
m_000014,2027,allure,hatla2ee,market,UNCHANGED_NON_NUMERIC,,NOT_PUBLISHED,,NOT_PUBLISHED,
m_000014,2027,gt,hatla2ee,market,UNCHANGED_NON_NUMERIC,,NOT_PUBLISHED,,NOT_PUBLISHED,
m_000014,2027,allure,hatla2ee,official,UNCHANGED,2274990,OK,2274990,OK,
m_000014,2027,gt,hatla2ee,official,UNCHANGED,2574990,OK,2574990,OK,
m_000015,2026,infinityplawd,hatla2ee,market,UNCHANGED_NON_NUMERIC,,NOT_PUBLISHED,,NOT_PUBLISHED,
m_000015,2026,inspirehl,hatla2ee,market,UNCHANGED_NON_NUMERIC,,NOT_PUBLISHED,,NOT_PUBLISHED,
m_000015,2026,insportbl,hatla2ee,market,UNCHANGED_NON_NUMERIC,,NOT_PUBLISHED,,NOT_PUBLISHED,
m_000015,2026,insportplusmlplus,hatla2ee,market,UNCHANGED_NON_NUMERIC,,NOT_PUBLISHED,,NOT_PUBLISHED,
m_000015,2026,instyletl,hatla2ee,market,UNCHANGED_NON_NUMERIC,,NOT_PUBLISHED,,NOT_PUBLISHED,
m_000015,2026,infinityplawd,hatla2ee,official,UNCHANGED,1690000,OK,1690000,OK,
m_000015,2026,inspirehl,hatla2ee,official,UNCHANGED,1550000,OK,1550000,OK,
m_000015,2026,insportbl,hatla2ee,official,UNCHANGED,1400000,OK,1400000,OK,
m_000015,2026,insportplusmlplus,hatla2ee,official,UNCHANGED,1500000,OK,1500000,OK,
m_000015,2026,instyletl,hatla2ee,official,UNCHANGED,1610000,OK,1610000,OK,
m_000016,2026,ex,contactcars,market,UNCHANGED,1360000,OK,1360000,OK,
m_000016,2026,highlineturbo,contactcars,market,UNCHANGED_NON_NUMERIC,,NOT_AVAILABLE,,NOT_AVAILABLE,
m_000016,2026,toplineturbo,contactcars,market,UNCHANGED,1625000,OK,1625000,OK,
m_000016,2026,ex,contactcars,official,UNCHANGED,1350000,OK,1350000,OK,
m_000016,2026,highlineturbo,contactcars,official,UNCHANGED,1500000,OK,1500000,OK,
m_000016,2026,toplineturbo,contactcars,official,UNCHANGED,1625000,OK,1625000,OK,
m_000016,,ex,egycar,market,UNCHANGED_NON_NUMERIC,,NOT_PUBLISHED,,NOT_PUBLISHED,
m_000016,,highlineturbo,egycar,market,UNCHANGED_NON_NUMERIC,,NOT_PUBLISHED,,NOT_PUBLISHED,
m_000016,,toplineturbo,egycar,market,UNCHANGED_NON_NUMERIC,,NOT_PUBLISHED,,NOT_PUBLISHED,
m_000016,,ex,egycar,official,UNCHANGED,1350000,OK,1350000,OK,
m_000016,,highlineturbo,egycar,official,UNCHANGED,1500000,OK,1500000,OK,
m_000016,,toplineturbo,egycar,official,UNCHANGED,1625000,OK,1625000,OK,
m_000017,2026,automticadvanced,hatla2ee,market,UNCHANGED_NON_NUMERIC,,NOT_PUBLISHED,,NOT_PUBLISHED,
m_000017,2026,automticadventureplus44,hatla2ee,market,UNCHANGED_NON_NUMERIC,,NOT_PUBLISHED,,NOT_PUBLISHED,
m_000017,2026,automticcomfort,hatla2ee,market,UNCHANGED_NON_NUMERIC,,NOT_PUBLISHED,,NOT_PUBLISHED,
m_000017,2026,luxury,hatla2ee,market,UNCHANGED_NON_NUMERIC,,NOT_PUBLISHED,,NOT_PUBLISHED,
m_000017,2026,premium,hatla2ee,market,UNCHANGED_NON_NUMERIC,,NOT_PUBLISHED,,NOT_PUBLISHED,
m_000017,2026,automticadvanced,hatla2ee,official,UNCHANGED,1720002,OK,1720002,OK,
m_000017,2026,automticadventureplus44,hatla2ee,official,UNCHANGED,1999000,OK,1999000,OK,
m_000017,2026,automticcomfort,hatla2ee,official,UNCHANGED,1585000,OK,1585000,OK,
m_000017,2026,luxury,hatla2ee,official,UNCHANGED,1980000,OK,1980000,OK,
m_000017,2026,premium,hatla2ee,official,UNCHANGED,1850001,OK,1850001,OK,
m_000018,2026,ev,hatla2ee,market,UNCHANGED_NON_NUMERIC,,NOT_PUBLISHED,,NOT_PUBLISHED,
m_000018,2027,dmiluxury,hatla2ee,market,UNCHANGED_NON_NUMERIC,,NOT_PUBLISHED,,NOT_PUBLISHED,
m_000018,2027,dmiultra,hatla2ee,market,UNCHANGED_NON_NUMERIC,,NOT_PUBLISHED,,NOT_PUBLISHED,
m_000018,2027,evluxury,hatla2ee,market,UNCHANGED_NON_NUMERIC,,NOT_PUBLISHED,,NOT_PUBLISHED,
m_000018,2026,ev,hatla2ee,official,UNCHANGED,1749900,OK,1749900,OK,
m_000018,2027,dmiluxury,hatla2ee,official,UNCHANGED,2149900,OK,2149900,OK,
m_000018,2027,dmiultra,hatla2ee,official,UNCHANGED,1949900,OK,1949900,OK,
m_000018,2027,evluxury,hatla2ee,official,UNCHANGED,1799000,OK,1799000,OK,
m_000019,2027,dm,contactcars,market,CHANGED,1740000,OK,1700000,OK,-40000
m_000019,2027,highline,contactcars,market,CHANGED,1400000,OK,1380000,OK,-20000
m_000019,2027,premium,contactcars,market,CHANGED,1520000,OK,1540000,OK,20000
m_000019,2027,dm,contactcars,official,UNCHANGED,1650000,OK,1650000,OK,
m_000019,2027,highline,contactcars,official,UNCHANGED,1350000,OK,1350000,OK,
m_000019,2027,premium,contactcars,official,UNCHANGED,1485000,OK,1485000,OK,
m_000019,2027,highline,hatla2ee,market,UNCHANGED_NON_NUMERIC,,NOT_PUBLISHED,,NOT_PUBLISHED,
m_000019,2027,intelligentdmi,hatla2ee,market,UNCHANGED_NON_NUMERIC,,NOT_PUBLISHED,,NOT_PUBLISHED,
m_000019,2027,premium,hatla2ee,market,UNCHANGED_NON_NUMERIC,,NOT_PUBLISHED,,NOT_PUBLISHED,
m_000019,2027,highline,hatla2ee,official,UNCHANGED,1350000,OK,1350000,OK,
m_000019,2027,intelligentdmi,hatla2ee,official,UNCHANGED,1649000,OK,1649000,OK,
m_000019,2027,premium,hatla2ee,official,UNCHANGED,1485000,OK,1485000,OK,
m_000020,2026,hev,contactcars,market,UNCHANGED,1640000,OK,1640000,OK,
m_000020,2026,plusluxury,contactcars,market,UNCHANGED,1640000,OK,1640000,OK,
m_000020,2026,hev,contactcars,official,UNCHANGED,1625000,OK,1625000,OK,
m_000020,2026,plusluxury,contactcars,official,UNCHANGED,1525000,OK,1525000,OK,
m_000020,,hev,egycar,market,UNCHANGED_NON_NUMERIC,,NOT_PUBLISHED,,NOT_PUBLISHED,
m_000020,,plusluxury,egycar,market,UNCHANGED_NON_NUMERIC,,NOT_PUBLISHED,,NOT_PUBLISHED,
m_000020,,hev,egycar,official,UNCHANGED,1625000,OK,1625000,OK,
m_000020,,plusluxury,egycar,official,UNCHANGED,1525000,OK,1525000,OK,
m_000021,2026,bev,hatla2ee,market,UNCHANGED_NON_NUMERIC,,NOT_PUBLISHED,,NOT_PUBLISHED,
m_000021,2026,reev,hatla2ee,market,UNCHANGED_NON_NUMERIC,,NOT_PUBLISHED,,NOT_PUBLISHED,
m_000021,2026,bev,hatla2ee,official,UNCHANGED,1750000,OK,1750000,OK,
m_000021,2026,reev,hatla2ee,official,UNCHANGED,1599000,OK,1599000,OK,
m_000022,2027,ultrablack,hatla2ee,market,UNCHANGED_NON_NUMERIC,,NOT_PUBLISHED,,NOT_PUBLISHED,
m_000022,2027,ultrablack,hatla2ee,official,UNCHANGED,1725000,OK,1725000,OK,
m_000023,2026,offroadhybrid,contactcars,market,UNCHANGED,1775000,OK,1775000,OK,
m_000023,2026,pro,contactcars,market,UNCHANGED,1800000,OK,1800000,OK,
m_000023,2026,ultrahybrid,contactcars,market,UNCHANGED,1675000,OK,1675000,OK,
m_000023,2026,offroadhybrid,contactcars,official,UNCHANGED,1775000,OK,1775000,OK,
m_000023,2026,pro,contactcars,official,UNCHANGED,1575000,OK,1575000,OK,
m_000023,2026,ultrahybrid,contactcars,official,UNCHANGED,1675000,OK,1675000,OK,
m_000024,2025,othertrims,contactcars,market,PRICE_STATUS_CHANGE,,NOT_PUBLISHED,1860000,OK,
m_000024,2025,othertrims,contactcars,official,PRICE_STATUS_CHANGE,1848300,OK,,NOT_PUBLISHED,
