model_id,model_year,trim_key,source,price_type,change,prev_snapshot,prev_value,prev_status,latest_snapshot,latest_value,latest_status,delta_egp,series
m_000001,2026,ex,contactcars,market,UNCHANGED,S4_2026-09-25,1900000,OK,S5_2026-09-25,1900000,OK,,S0_2026-09-10=2120000 S1_2026-09-25=1900000 S2_2026-09-25=1900000 S3_2026-09-25=1900000 S4_2026-09-25=1900000 S5_2026-09-25=1900000
m_000001,2026,gtline,contactcars,market,UNCHANGED,S4_2026-09-25,2375000,OK,S5_2026-09-25,2375000,OK,,S0_2026-09-10=2375000 S1_2026-09-25=2375000 S2_2026-09-25=2375000 S3_2026-09-25=2375000 S4_2026-09-25=2375000 S5_2026-09-25=2375000
m_000001,2026,highline,contactcars,market,UNCHANGED,S4_2026-09-25,2360000,OK,S5_2026-09-25,2360000,OK,,S0_2026-09-10=2340000 S1_2026-09-25=2360000 S2_2026-09-25=2360000 S3_2026-09-25=2360000 S4_2026-09-25=2360000 S5_2026-09-25=2360000
m_000001,2026,lx,contactcars,market,UNCHANGED,S4_2026-09-25,1820000,OK,S5_2026-09-25,1820000,OK,,S0_2026-09-10=2040000 S1_2026-09-25=1820000 S2_2026-09-25=1820000 S3_2026-09-25=1820000 S4_2026-09-25=1820000 S5_2026-09-25=1820000
m_000001,2026,premium,contactcars,market,UNCHANGED,S4_2026-09-25,2275000,OK,S5_2026-09-25,2275000,OK,,S0_2026-09-10=2275000 S1_2026-09-25=2275000 S2_2026-09-25=2275000 S3_2026-09-25=2275000 S4_2026-09-25=2275000 S5_2026-09-25=2275000
m_000001,2027,ex,contactcars,market,UNCHANGED,S4_2026-09-25,1960000,OK,S5_2026-09-25,1960000,OK,,S0_2026-09-10=1980000 S1_2026-09-25=1960000 S2_2026-09-25=1960000 S3_2026-09-25=1960000 S4_2026-09-25=1960000 S5_2026-09-25=1960000
m_000001,2027,gtline,contactcars,market,UNCHANGED,S4_2026-09-25,2460000,OK,S5_2026-09-25,2460000,OK,,S0_2026-09-10=2460000 S1_2026-09-25=2460000 S2_2026-09-25=2460000 S3_2026-09-25=2460000 S4_2026-09-25=2460000 S5_2026-09-25=2460000
m_000001,2027,highline,contactcars,market,UNCHANGED,S4_2026-09-25,2100000,OK,S5_2026-09-25,2100000,OK,,S0_2026-09-10=2100000 S1_2026-09-25=2100000 S2_2026-09-25=2100000 S3_2026-09-25=2100000 S4_2026-09-25=2100000 S5_2026-09-25=2100000
m_000001,2027,lx,contactcars,market,UNCHANGED,S4_2026-09-25,1880000,OK,S5_2026-09-25,1880000,OK,,S0_2026-09-10=1880000 S1_2026-09-25=1880000 S2_2026-09-25=1880000 S3_2026-09-25=1880000 S4_2026-09-25=1880000 S5_2026-09-25=1880000
m_000001,2027,premium,contactcars,market,UNCHANGED,S4_2026-09-25,2300000,OK,S5_2026-09-25,2300000,OK,,S0_2026-09-10=2300000 S1_2026-09-25=2300000 S2_2026-09-25=2300000 S3_2026-09-25=2300000 S4_2026-09-25=2300000 S5_2026-09-25=2300000
m_000001,2026,ex,contactcars,official,UNCHANGED,S4_2026-09-25,1900000,OK,S5_2026-09-25,1900000,OK,,S0_2026-09-10=1900000 S1_2026-09-25=1900000 S2_2026-09-25=1900000 S3_2026-09-25=1900000 S4_2026-09-25=1900000 S5_2026-09-25=1900000
m_000001,2026,gtline,contactcars,official,UNCHANGED,S4_2026-09-25,2375000,OK,S5_2026-09-25,2375000,OK,,S0_2026-09-10=2375000 S1_2026-09-25=2375000 S2_2026-09-25=2375000 S3_2026-09-25=2375000 S4_2026-09-25=2375000 S5_2026-09-25=2375000
m_000001,2026,highline,contactcars,official,UNCHANGED,S4_2026-09-25,2050000,OK,S5_2026-09-25,2050000,OK,,S0_2026-09-10=2050000 S1_2026-09-25=2050000 S2_2026-09-25=2050000 S3_2026-09-25=2050000 S4_2026-09-25=2050000 S5_2026-09-25=2050000
m_000001,2026,lx,contactcars,official,UNCHANGED,S4_2026-09-25,1800000,OK,S5_2026-09-25,1800000,OK,,S0_2026-09-10=1800000 S1_2026-09-25=1800000 S2_2026-09-25=1800000 S3_2026-09-25=1800000 S4_2026-09-25=1800000 S5_2026-09-25=1800000
m_000001,2026,premium,contactcars,official,UNCHANGED,S4_2026-09-25,2275000,OK,S5_2026-09-25,2275000,OK,,S0_2026-09-10=2275000 S1_2026-09-25=2275000 S2_2026-09-25=2275000 S3_2026-09-25=2275000 S4_2026-09-25=2275000 S5_2026-09-25=2275000
m_000001,2027,ex,contactcars,official,UNCHANGED,S4_2026-09-25,1924900,OK,S5_2026-09-25,1924900,OK,,S0_2026-09-10=1924900 S1_2026-09-25=1924900 S2_2026-09-25=1924900 S3_2026-09-25=1924900 S4_2026-09-25=1924900 S5_2026-09-25=1924900
m_000001,2027,gtline,contactcars,official,UNCHANGED,S4_2026-09-25,2399900,OK,S5_2026-09-25,2399900,OK,,S0_2026-09-10=2399900 S1_2026-09-25=2399900 S2_2026-09-25=2399900 S3_2026-09-25=2399900 S4_2026-09-25=2399900 S5_2026-09-25=2399900
m_000001,2027,highline,contactcars,official,UNCHANGED,S4_2026-09-25,2074900,OK,S5_2026-09-25,2074900,OK,,S0_2026-09-10=2074900 S1_2026-09-25=2074900 S2_2026-09-25=2074900 S3_2026-09-25=2074900 S4_2026-09-25=2074900 S5_2026-09-25=2074900
m_000001,2027,lx,contactcars,official,UNCHANGED,S4_2026-09-25,1824900,OK,S5_2026-09-25,1824900,OK,,S0_2026-09-10=1824900 S1_2026-09-25=1824900 S2_2026-09-25=1824900 S3_2026-09-25=1824900 S4_2026-09-25=1824900 S5_2026-09-25=1824900
m_000001,2027,premium,contactcars,official,UNCHANGED,S4_2026-09-25,2299900,OK,S5_2026-09-25,2299900,OK,,S0_2026-09-10=2299900 S1_2026-09-25=2299900 S2_2026-09-25=2299900 S3_2026-09-25=2299900 S4_2026-09-25=2299900 S5_2026-09-25=2299900
m_000001,,ex,egycar,market,UNCHANGED_NON_NUMERIC,S4_2026-09-25,,NOT_PUBLISHED,S5_2026-09-25,,NOT_PUBLISHED,,S0_2026-09-10=None S1_2026-09-25=None S2_2026-09-25=None S3_2026-09-25=None S4_2026-09-25=None S5_2026-09-25=None
m_000001,,gtline,egycar,market,UNCHANGED_NON_NUMERIC,S4_2026-09-25,,NOT_PUBLISHED,S5_2026-09-25,,NOT_PUBLISHED,,S0_2026-09-10=None S1_2026-09-25=None S2_2026-09-25=None S3_2026-09-25=None S4_2026-09-25=None S5_2026-09-25=None
m_000001,,highline,egycar,market,UNCHANGED_NON_NUMERIC,S4_2026-09-25,,NOT_PUBLISHED,S5_2026-09-25,,NOT_PUBLISHED,,S0_2026-09-10=None S1_2026-09-25=None S2_2026-09-25=None S3_2026-09-25=None S4_2026-09-25=None S5_2026-09-25=None
m_000001,,lx,egycar,market,UNCHANGED_NON_NUMERIC,S4_2026-09-25,,NOT_PUBLISHED,S5_2026-09-25,,NOT_PUBLISHED,,S0_2026-09-10=None S1_2026-09-25=None S2_2026-09-25=None S3_2026-09-25=None S4_2026-09-25=None S5_2026-09-25=None
m_000001,,premium,egycar,market,UNCHANGED_NON_NUMERIC,S4_2026-09-25,,NOT_PUBLISHED,S5_2026-09-25,,NOT_PUBLISHED,,S0_2026-09-10=None S1_2026-09-25=None S2_2026-09-25=None S3_2026-09-25=None S4_2026-09-25=None S5_2026-09-25=None
m_000001,,ex,egycar,official,UNCHANGED,S4_2026-09-25,1925000,OK,S5_2026-09-25,1925000,OK,,S0_2026-09-10=1925000 S1_2026-09-25=1925000 S2_2026-09-25=1925000 S3_2026-09-25=1925000 S4_2026-09-25=1925000 S5_2026-09-25=1925000
m_000001,,gtline,egycar,official,UNCHANGED,S4_2026-09-25,2400000,OK,S5_2026-09-25,2400000,OK,,S0_2026-09-10=2400000 S1_2026-09-25=2400000 S2_2026-09-25=2400000 S3_2026-09-25=2400000 S4_2026-09-25=2400000 S5_2026-09-25=2400000
m_000001,,highline,egycar,official,UNCHANGED,S4_2026-09-25,2075000,OK,S5_2026-09-25,2075000,OK,,S0_2026-09-10=2075000 S1_2026-09-25=2075000 S2_2026-09-25=2075000 S3_2026-09-25=2075000 S4_2026-09-25=2075000 S5_2026-09-25=2075000
m_000001,,lx,egycar,official,UNCHANGED,S4_2026-09-25,1825000,OK,S5_2026-09-25,1825000,OK,,S0_2026-09-10=1825000 S1_2026-09-25=1825000 S2_2026-09-25=1825000 S3_2026-09-25=1825000 S4_2026-09-25=1825000 S5_2026-09-25=1825000
m_000001,,premium,egycar,official,UNCHANGED,S4_2026-09-25,2300000,OK,S5_2026-09-25,2300000,OK,,S0_2026-09-10=2300000 S1_2026-09-25=2300000 S2_2026-09-25=2300000 S3_2026-09-25=2300000 S4_2026-09-25=2300000 S5_2026-09-25=2300000
m_000001,2025,ex,hatla2ee,market,UNCHANGED,S4_2026-09-25,1919900,OK,S5_2026-09-25,1919900,OK,,S0_2026-09-10=1919900 S1_2026-09-25=1919900 S2_2026-09-25=1919900 S3_2026-09-25=1919900 S4_2026-09-25=1919900 S5_2026-09-25=1919900
m_000001,2025,gtline,hatla2ee,market,UNCHANGED,S4_2026-09-25,2274900,OK,S5_2026-09-25,2274900,OK,,S0_2026-09-10=2274900 S1_2026-09-25=2274900 S2_2026-09-25=2274900 S3_2026-09-25=2274900 S4_2026-09-25=2274900 S5_2026-09-25=2274900
m_000001,2025,highline,hatla2ee,market,UNCHANGED,S4_2026-09-25,2024900,OK,S5_2026-09-25,2024900,OK,,S0_2026-09-10=2024900 S1_2026-09-25=2024900 S2_2026-09-25=2024900 S3_2026-09-25=2024900 S4_2026-09-25=2024900 S5_2026-09-25=2024900
m_000001,2025,lx,hatla2ee,market,UNCHANGED,S4_2026-09-25,1799900,OK,S5_2026-09-25,1799900,OK,,S0_2026-09-10=1799900 S1_2026-09-25=1799900 S2_2026-09-25=1799900 S3_2026-09-25=1799900 S4_2026-09-25=1799900 S5_2026-09-25=1799900
m_000001,2025,topline,hatla2ee,market,UNCHANGED,S4_2026-09-25,2149900,OK,S5_2026-09-25,2149900,OK,,S0_2026-09-10=2149900 S1_2026-09-25=2149900 S2_2026-09-25=2149900 S3_2026-09-25=2149900 S4_2026-09-25=2149900 S5_2026-09-25=2149900
m_000001,2027,ex,hatla2ee,market,UNCHANGED_NON_NUMERIC,S4_2026-09-25,,NOT_PUBLISHED,S5_2026-09-25,,NOT_PUBLISHED,,S0_2026-09-10=None S1_2026-09-25=None S2_2026-09-25=None S3_2026-09-25=None S4_2026-09-25=None S5_2026-09-25=None
m_000001,2027,gtline,hatla2ee,market,UNCHANGED_NON_NUMERIC,S4_2026-09-25,,NOT_PUBLISHED,S5_2026-09-25,,NOT_PUBLISHED,,S0_2026-09-10=None S1_2026-09-25=None S2_2026-09-25=None S3_2026-09-25=None S4_2026-09-25=None S5_2026-09-25=None
m_000001,2027,highline,hatla2ee,market,UNCHANGED_NON_NUMERIC,S4_2026-09-25,,NOT_PUBLISHED,S5_2026-09-25,,NOT_PUBLISHED,,S0_2026-09-10=None S1_2026-09-25=None S2_2026-09-25=None S3_2026-09-25=None S4_2026-09-25=None S5_2026-09-25=None
m_000001,2027,lx,hatla2ee,market,UNCHANGED_NON_NUMERIC,S4_2026-09-25,,NOT_PUBLISHED,S5_2026-09-25,,NOT_PUBLISHED,,S0_2026-09-10=None S1_2026-09-25=None S2_2026-09-25=None S3_2026-09-25=None S4_2026-09-25=None S5_2026-09-25=None
m_000001,2027,premium,hatla2ee,market,UNCHANGED_NON_NUMERIC,S4_2026-09-25,,NOT_PUBLISHED,S5_2026-09-25,,NOT_PUBLISHED,,S0_2026-09-10=None S1_2026-09-25=None S2_2026-09-25=None S3_2026-09-25=None S4_2026-09-25=None S5_2026-09-25=None
m_000001,2025,ex,hatla2ee,official,UNCHANGED,S4_2026-09-25,1919900,OK,S5_2026-09-25,1919900,OK,,S0_2026-09-10=1919900 S1_2026-09-25=1919900 S2_2026-09-25=1919900 S3_2026-09-25=1919900 S4_2026-09-25=1919900 S5_2026-09-25=1919900
m_000001,2025,gtline,hatla2ee,official,UNCHANGED,S4_2026-09-25,2274900,OK,S5_2026-09-25,2274900,OK,,S0_2026-09-10=2274900 S1_2026-09-25=2274900 S2_2026-09-25=2274900 S3_2026-09-25=2274900 S4_2026-09-25=2274900 S5_2026-09-25=2274900
m_000001,2025,highline,hatla2ee,official,UNCHANGED,S4_2026-09-25,2024900,OK,S5_2026-09-25,2024900,OK,,S0_2026-09-10=2024900 S1_2026-09-25=2024900 S2_2026-09-25=2024900 S3_2026-09-25=2024900 S4_2026-09-25=2024900 S5_2026-09-25=2024900
m_000001,2025,lx,hatla2ee,official,UNCHANGED,S4_2026-09-25,1799900,OK,S5_2026-09-25,1799900,OK,,S0_2026-09-10=1799900 S1_2026-09-25=1799900 S2_2026-09-25=1799900 S3_2026-09-25=1799900 S4_2026-09-25=1799900 S5_2026-09-25=1799900
m_000001,2025,topline,hatla2ee,official,UNCHANGED,S4_2026-09-25,2149900,OK,S5_2026-09-25,2149900,OK,,S0_2026-09-10=2149900 S1_2026-09-25=2149900 S2_2026-09-25=2149900 S3_2026-09-25=2149900 S4_2026-09-25=2149900 S5_2026-09-25=2149900
m_000001,2027,ex,hatla2ee,official,UNCHANGED,S4_2026-09-25,1925000,OK,S5_2026-09-25,1925000,OK,,S0_2026-09-10=1925000 S1_2026-09-25=1925000 S2_2026-09-25=1925000 S3_2026-09-25=1925000 S4_2026-09-25=1925000 S5_2026-09-25=1925000
m_000001,2027,gtline,hatla2ee,official,UNCHANGED,S4_2026-09-25,2400000,OK,S5_2026-09-25,2400000,OK,,S0_2026-09-10=2400000 S1_2026-09-25=2400000 S2_2026-09-25=2400000 S3_2026-09-25=2400000 S4_2026-09-25=2400000 S5_2026-09-25=2400000
m_000001,2027,highline,hatla2ee,official,UNCHANGED,S4_2026-09-25,2075000,OK,S5_2026-09-25,2075000,OK,,S0_2026-09-10=2075000 S1_2026-09-25=2075000 S2_2026-09-25=2075000 S3_2026-09-25=2075000 S4_2026-09-25=2075000 S5_2026-09-25=2075000
m_000001,2027,lx,hatla2ee,official,UNCHANGED,S4_2026-09-25,1825000,OK,S5_2026-09-25,1825000,OK,,S0_2026-09-10=1825000 S1_2026-09-25=1825000 S2_2026-09-25=1825000 S3_2026-09-25=1825000 S4_2026-09-25=1825000 S5_2026-09-25=1825000
m_000001,2027,premium,hatla2ee,official,UNCHANGED,S4_2026-09-25,2300000,OK,S5_2026-09-25,2300000,OK,,S0_2026-09-10=2300000 S1_2026-09-25=2300000 S2_2026-09-25=2300000 S3_2026-09-25=2300000 S4_2026-09-25=2300000 S5_2026-09-25=2300000
m_000002,2025,othertrims,contactcars,market,UNCHANGED,S4_2026-09-25,2200000,OK,S5_2026-09-25,2200000,OK,,S1_2026-09-25=2200000 S2_2026-09-25=2200000 S3_2026-09-25=2200000 S4_2026-09-25=2200000 S5_2026-09-25=2200000
m_000002,2026,blackdiamond,contactcars,market,UNCHANGED_NON_NUMERIC,S4_2026-09-25,,NOT_AVAILABLE,S5_2026-09-25,,NOT_AVAILABLE,,S0_2026-09-10=None S1_2026-09-25=None S2_2026-09-25=None S3_2026-09-25=None S4_2026-09-25=None S5_2026-09-25=None
m_000002,2026,blaze,contactcars,market,UNCHANGED,S4_2026-09-25,2060000,OK,S5_2026-09-25,2060000,OK,,S0_2026-09-10=2000000 S1_2026-09-25=2060000 S2_2026-09-25=2060000 S3_2026-09-25=2060000 S4_2026-09-25=2060000 S5_2026-09-25=2060000
m_000002,2026,night,contactcars,market,UNCHANGED_NON_NUMERIC,S4_2026-09-25,,NOT_AVAILABLE,S5_2026-09-25,,NOT_AVAILABLE,,S0_2026-09-10=None S1_2026-09-25=None S2_2026-09-25=None S3_2026-09-25=None S4_2026-09-25=None S5_2026-09-25=None
m_000002,2026,nlineawd,contactcars,market,UNCHANGED,S4_2026-09-25,2600000,OK,S5_2026-09-25,2600000,OK,,S0_2026-09-10=2600000 S1_2026-09-25=2600000 S2_2026-09-25=2600000 S3_2026-09-25=2600000 S4_2026-09-25=2600000 S5_2026-09-25=2600000
m_000002,2026,othertrims,contactcars,market,UNCHANGED,S4_2026-09-25,1820000,OK,S5_2026-09-25,1820000,OK,,S1_2026-09-25=1820000 S2_2026-09-25=1820000 S3_2026-09-25=1820000 S4_2026-09-25=1820000 S5_2026-09-25=1820000
m_000002,2026,redline,contactcars,market,UNCHANGED,S4_2026-09-25,1950000,OK,S5_2026-09-25,1950000,OK,,S0_2026-09-10=1950000 S1_2026-09-25=1950000 S2_2026-09-25=1950000 S3_2026-09-25=1950000 S4_2026-09-25=1950000 S5_2026-09-25=1950000
m_000002,2026,redlinenpack,contactcars,market,UNCHANGED,S4_2026-09-25,2025000,OK,S5_2026-09-25,2025000,OK,,S0_2026-09-10=2025000 S1_2026-09-25=2025000 S2_2026-09-25=2025000 S3_2026-09-25=2025000 S4_2026-09-25=2025000 S5_2026-09-25=2025000
m_000002,2026,shadow,contactcars,market,UNCHANGED,S4_2026-09-25,1780000,OK,S5_2026-09-25,1780000,OK,,S0_2026-09-10=1760000 S1_2026-09-25=1780000 S2_2026-09-25=1780000 S3_2026-09-25=1780000 S4_2026-09-25=1780000 S5_2026-09-25=1780000
m_000002,2027,blackdiamond,contactcars,market,UNCHANGED,S4_2026-09-25,2360000,OK,S5_2026-09-25,2360000,OK,,S0_2026-09-10=None S1_2026-09-25=2360000 S2_2026-09-25=2360000 S3_2026-09-25=2360000 S4_2026-09-25=2360000 S5_2026-09-25=2360000
m_000002,2027,blaze,contactcars,market,UNCHANGED,S4_2026-09-25,1980000,OK,S5_2026-09-25,1980000,OK,,S0_2026-09-10=2080000 S1_2026-09-25=1980000 S2_2026-09-25=1980000 S3_2026-09-25=1980000 S4_2026-09-25=1980000 S5_2026-09-25=1980000
m_000002,2027,night,contactcars,market,UNCHANGED,S4_2026-09-25,2760000,OK,S5_2026-09-25,2760000,OK,,S0_2026-09-10=2760000 S1_2026-09-25=2760000 S2_2026-09-25=2760000 S3_2026-09-25=2760000 S4_2026-09-25=2760000 S5_2026-09-25=2760000
m_000002,2027,nlineawd,contactcars,market,UNCHANGED,S4_2026-09-25,2400000,OK,S5_2026-09-25,2400000,OK,,S0_2026-09-10=2400000 S1_2026-09-25=2400000 S2_2026-09-25=2400000 S3_2026-09-25=2400000 S4_2026-09-25=2400000 S5_2026-09-25=2400000
m_000002,2027,othertrims,contactcars,market,UNCHANGED,S4_2026-09-25,1960000,OK,S5_2026-09-25,1960000,OK,,S1_2026-09-25=1960000 S2_2026-09-25=1960000 S3_2026-09-25=1960000 S4_2026-09-25=1960000 S5_2026-09-25=1960000
m_000002,2027,redline,contactcars,market,UNCHANGED,S4_2026-09-25,2160000,OK,S5_2026-09-25,2160000,OK,,S0_2026-09-10=2160000 S1_2026-09-25=2160000 S2_2026-09-25=2160000 S3_2026-09-25=2160000 S4_2026-09-25=2160000 S5_2026-09-25=2160000
m_000002,2027,redlinenpack,contactcars,market,UNCHANGED,S4_2026-09-25,2160000,OK,S5_2026-09-25,2160000,OK,,S0_2026-09-10=2160000 S1_2026-09-25=2160000 S2_2026-09-25=2160000 S3_2026-09-25=2160000 S4_2026-09-25=2160000 S5_2026-09-25=2160000
m_000002,2027,shadow,contactcars,market,UNCHANGED,S4_2026-09-25,1840000,OK,S5_2026-09-25,1840000,OK,,S0_2026-09-10=1840000 S1_2026-09-25=1840000 S2_2026-09-25=1840000 S3_2026-09-25=1840000 S4_2026-09-25=1840000 S5_2026-09-25=1840000
m_000002,2025,othertrims,contactcars,official,UNCHANGED_NON_NUMERIC,S4_2026-09-25,,NOT_PUBLISHED,S5_2026-09-25,,NOT_PUBLISHED,,S1_2026-09-25=None S2_2026-09-25=None S3_2026-09-25=None S4_2026-09-25=None S5_2026-09-25=None
m_000002,2026,blackdiamond,contactcars,official,UNCHANGED,S4_2026-09-25,2200000,OK,S5_2026-09-25,2200000,OK,,S0_2026-09-10=2200000 S1_2026-09-25=2200000 S2_2026-09-25=2200000 S3_2026-09-25=2200000 S4_2026-09-25=2200000 S5_2026-09-25=2200000
m_000002,2026,blaze,contactcars,official,UNCHANGED,S4_2026-09-25,1850000,OK,S5_2026-09-25,1850000,OK,,S0_2026-09-10=1850000 S1_2026-09-25=1850000 S2_2026-09-25=1850000 S3_2026-09-25=1850000 S4_2026-09-25=1850000 S5_2026-09-25=1850000
m_000002,2026,night,contactcars,official,UNCHANGED,S4_2026-09-25,2100000,OK,S5_2026-09-25,2100000,OK,,S0_2026-09-10=2100000 S1_2026-09-25=2100000 S2_2026-09-25=2100000 S3_2026-09-25=2100000 S4_2026-09-25=2100000 S5_2026-09-25=2100000
m_000002,2026,nlineawd,contactcars,official,UNCHANGED,S4_2026-09-25,2300000,OK,S5_2026-09-25,2300000,OK,,S0_2026-09-10=2300000 S1_2026-09-25=2300000 S2_2026-09-25=2300000 S3_2026-09-25=2300000 S4_2026-09-25=2300000 S5_2026-09-25=2300000
m_000002,2026,othertrims,contactcars,official,UNCHANGED_NON_NUMERIC,S4_2026-09-25,,NOT_PUBLISHED,S5_2026-09-25,,NOT_PUBLISHED,,S1_2026-09-25=None S2_2026-09-25=None S3_2026-09-25=None S4_2026-09-25=None S5_2026-09-25=None
m_000002,2026,redline,contactcars,official,UNCHANGED,S4_2026-09-25,1950000,OK,S5_2026-09-25,1950000,OK,,S0_2026-09-10=1950000 S1_2026-09-25=1950000 S2_2026-09-25=1950000 S3_2026-09-25=1950000 S4_2026-09-25=1950000 S5_2026-09-25=1950000
m_000002,2026,redlinenpack,contactcars,official,UNCHANGED,S4_2026-09-25,2025000,OK,S5_2026-09-25,2025000,OK,,S0_2026-09-10=2025000 S1_2026-09-25=2025000 S2_2026-09-25=2025000 S3_2026-09-25=2025000 S4_2026-09-25=2025000 S5_2026-09-25=2025000
m_000002,2026,shadow,contactcars,official,UNCHANGED,S4_2026-09-25,1700000,OK,S5_2026-09-25,1700000,OK,,S0_2026-09-10=1700000 S1_2026-09-25=1700000 S2_2026-09-25=1700000 S3_2026-09-25=1700000 S4_2026-09-25=1700000 S5_2026-09-25=1700000
m_000002,2027,blackdiamond,contactcars,official,UNCHANGED,S4_2026-09-25,2300000,OK,S5_2026-09-25,2300000,OK,,S0_2026-09-10=2300000 S1_2026-09-25=2300000 S2_2026-09-25=2300000 S3_2026-09-25=2300000 S4_2026-09-25=2300000 S5_2026-09-25=2300000
m_000002,2027,blaze,contactcars,official,UNCHANGED,S4_2026-09-25,1950000,OK,S5_2026-09-25,1950000,OK,,S0_2026-09-10=1950000 S1_2026-09-25=1950000 S2_2026-09-25=1950000 S3_2026-09-25=1950000 S4_2026-09-25=1950000 S5_2026-09-25=1950000
m_000002,2027,night,contactcars,official,UNCHANGED,S4_2026-09-25,2200000,OK,S5_2026-09-25,2200000,OK,,S0_2026-09-10=2200000 S1_2026-09-25=2200000 S2_2026-09-25=2200000 S3_2026-09-25=2200000 S4_2026-09-25=2200000 S5_2026-09-25=2200000
m_000002,2027,nlineawd,contactcars,official,UNCHANGED,S4_2026-09-25,2400000,OK,S5_2026-09-25,2400000,OK,,S0_2026-09-10=2400000 S1_2026-09-25=2400000 S2_2026-09-25=2400000 S3_2026-09-25=2400000 S4_2026-09-25=2400000 S5_2026-09-25=2400000
m_000002,2027,othertrims,contactcars,official,UNCHANGED_NON_NUMERIC,S4_2026-09-25,,NOT_PUBLISHED,S5_2026-09-25,,NOT_PUBLISHED,,S1_2026-09-25=None S2_2026-09-25=None S3_2026-09-25=None S4_2026-09-25=None S5_2026-09-25=None
m_000002,2027,redline,contactcars,official,UNCHANGED,S4_2026-09-25,2050000,OK,S5_2026-09-25,2050000,OK,,S0_2026-09-10=2050000 S1_2026-09-25=2050000 S2_2026-09-25=2050000 S3_2026-09-25=2050000 S4_2026-09-25=2050000 S5_2026-09-25=2050000
m_000002,2027,redlinenpack,contactcars,official,UNCHANGED,S4_2026-09-25,2125000,OK,S5_2026-09-25,2125000,OK,,S0_2026-09-10=None S1_2026-09-25=2125000 S2_2026-09-25=2125000 S3_2026-09-25=2125000 S4_2026-09-25=2125000 S5_2026-09-25=2125000
m_000002,2027,shadow,contactcars,official,UNCHANGED,S4_2026-09-25,1800000,OK,S5_2026-09-25,1800000,OK,,S0_2026-09-10=1800000 S1_2026-09-25=1800000 S2_2026-09-25=1800000 S3_2026-09-25=1800000 S4_2026-09-25=1800000 S5_2026-09-25=1800000
m_000002,,blackdiamond,egycar,market,UNCHANGED_NON_NUMERIC,S4_2026-09-25,,NOT_PUBLISHED,S5_2026-09-25,,NOT_PUBLISHED,,S0_2026-09-10=None S1_2026-09-25=None S2_2026-09-25=None S3_2026-09-25=None S4_2026-09-25=None S5_2026-09-25=None
m_000002,,blaze,egycar,market,UNCHANGED_NON_NUMERIC,S4_2026-09-25,,NOT_PUBLISHED,S5_2026-09-25,,NOT_PUBLISHED,,S0_2026-09-10=None S1_2026-09-25=None S2_2026-09-25=None S3_2026-09-25=None S4_2026-09-25=None S5_2026-09-25=None
m_000002,,night,egycar,market,UNCHANGED_NON_NUMERIC,S4_2026-09-25,,NOT_PUBLISHED,S5_2026-09-25,,NOT_PUBLISHED,,S0_2026-09-10=None S1_2026-09-25=None S2_2026-09-25=None S3_2026-09-25=None S4_2026-09-25=None S5_2026-09-25=None
m_000002,,nline,egycar,market,UNCHANGED_NON_NUMERIC,S4_2026-09-25,,NOT_PUBLISHED,S5_2026-09-25,,NOT_PUBLISHED,,S0_2026-09-10=None S1_2026-09-25=None S2_2026-09-25=None S3_2026-09-25=None S4_2026-09-25=None S5_2026-09-25=None
m_000002,,redline,egycar,market,UNCHANGED_NON_NUMERIC,S4_2026-09-25,,NOT_PUBLISHED,S5_2026-09-25,,NOT_PUBLISHED,,S0_2026-09-10=None S1_2026-09-25=None S2_2026-09-25=None S3_2026-09-25=None S4_2026-09-25=None S5_2026-09-25=None
m_000002,,redlinenline,egycar,market,UNCHANGED_NON_NUMERIC,S4_2026-09-25,,NOT_PUBLISHED,S5_2026-09-25,,NOT_PUBLISHED,,S0_2026-09-10=None S1_2026-09-25=None S2_2026-09-25=None S3_2026-09-25=None S4_2026-09-25=None S5_2026-09-25=None
m_000002,,shadow,egycar,market,UNCHANGED_NON_NUMERIC,S4_2026-09-25,,NOT_PUBLISHED,S5_2026-09-25,,NOT_PUBLISHED,,S0_2026-09-10=None S1_2026-09-25=None S2_2026-09-25=None S3_2026-09-25=None S4_2026-09-25=None S5_2026-09-25=None
m_000002,,blackdiamond,egycar,official,UNCHANGED,S4_2026-09-25,2300000,OK,S5_2026-09-25,2300000,OK,,S0_2026-09-10=2300000 S1_2026-09-25=2300000 S2_2026-09-25=2300000 S3_2026-09-25=2300000 S4_2026-09-25=2300000 S5_2026-09-25=2300000
m_000002,,blaze,egycar,official,UNCHANGED,S4_2026-09-25,1950000,OK,S5_2026-09-25,1950000,OK,,S0_2026-09-10=1950000 S1_2026-09-25=1950000 S2_2026-09-25=1950000 S3_2026-09-25=1950000 S4_2026-09-25=1950000 S5_2026-09-25=1950000
m_000002,,night,egycar,official,UNCHANGED,S4_2026-09-25,2200000,OK,S5_2026-09-25,2200000,OK,,S0_2026-09-10=2200000 S1_2026-09-25=2200000 S2_2026-09-25=2200000 S3_2026-09-25=2200000 S4_2026-09-25=2200000 S5_2026-09-25=2200000
m_000002,,nline,egycar,official,UNCHANGED,S4_2026-09-25,2400000,OK,S5_2026-09-25,2400000,OK,,S0_2026-09-10=2400000 S1_2026-09-25=2400000 S2_2026-09-25=2400000 S3_2026-09-25=2400000 S4_2026-09-25=2400000 S5_2026-09-25=2400000
m_000002,,redline,egycar,official,UNCHANGED,S4_2026-09-25,2050000,OK,S5_2026-09-25,2050000,OK,,S0_2026-09-10=2050000 S1_2026-09-25=2050000 S2_2026-09-25=2050000 S3_2026-09-25=2050000 S4_2026-09-25=2050000 S5_2026-09-25=2050000
m_000002,,redlinenline,egycar,official,UNCHANGED,S4_2026-09-25,2125000,OK,S5_2026-09-25,2125000,OK,,S0_2026-09-10=2125000 S1_2026-09-25=2125000 S2_2026-09-25=2125000 S3_2026-09-25=2125000 S4_2026-09-25=2125000 S5_2026-09-25=2125000
m_000002,,shadow,egycar,official,UNCHANGED,S4_2026-09-25,1800000,OK,S5_2026-09-25,1800000,OK,,S0_2026-09-10=1800000 S1_2026-09-25=1800000 S2_2026-09-25=1800000 S3_2026-09-25=1800000 S4_2026-09-25=1800000 S5_2026-09-25=1800000
m_000002,2025,blackdiamond,hatla2ee,market,UNCHANGED,S4_2026-09-25,1999000,OK,S5_2026-09-25,1999000,OK,,S0_2026-09-10=1999000 S1_2026-09-25=1999000 S2_2026-09-25=1999000 S3_2026-09-25=1999000 S4_2026-09-25=1999000 S5_2026-09-25=1999000
m_000002,2025,blaze,hatla2ee,market,UNCHANGED,S4_2026-09-25,1649000,OK,S5_2026-09-25,1649000,OK,,S0_2026-09-10=1649000 S1_2026-09-25=1649000 S2_2026-09-25=1649000 S3_2026-09-25=1649000 S4_2026-09-25=1649000 S5_2026-09-25=1649000
m_000002,2025,night,hatla2ee,market,UNCHANGED,S4_2026-09-25,1899000,OK,S5_2026-09-25,1899000,OK,,S0_2026-09-10=1899000 S1_2026-09-25=1899000 S2_2026-09-25=1899000 S3_2026-09-25=1899000 S4_2026-09-25=1899000 S5_2026-09-25=1899000
m_000002,2025,nline,hatla2ee,market,UNCHANGED,S4_2026-09-25,2099000,OK,S5_2026-09-25,2099000,OK,,S0_2026-09-10=2099000 S1_2026-09-25=2099000 S2_2026-09-25=2099000 S3_2026-09-25=2099000 S4_2026-09-25=2099000 S5_2026-09-25=2099000
m_000002,2025,redline,hatla2ee,market,UNCHANGED,S4_2026-09-25,1749000,OK,S5_2026-09-25,1749000,OK,,S0_2026-09-10=1749000 S1_2026-09-25=1749000 S2_2026-09-25=1749000 S3_2026-09-25=1749000 S4_2026-09-25=1749000 S5_2026-09-25=1749000
m_000002,2025,shadow,hatla2ee,market,UNCHANGED,S4_2026-09-25,1499000,OK,S5_2026-09-25,1499000,OK,,S0_2026-09-10=1499000 S1_2026-09-25=1499000 S2_2026-09-25=1499000 S3_2026-09-25=1499000 S4_2026-09-25=1499000 S5_2026-09-25=1499000
m_000002,2027,blackdiamond,hatla2ee,market,UNCHANGED_NON_NUMERIC,S4_2026-09-25,,NOT_PUBLISHED,S5_2026-09-25,,NOT_PUBLISHED,,S0_2026-09-10=None S1_2026-09-25=None S2_2026-09-25=None S3_2026-09-25=None S4_2026-09-25=None S5_2026-09-25=None
m_000002,2027,blaze,hatla2ee,market,UNCHANGED_NON_NUMERIC,S4_2026-09-25,,NOT_PUBLISHED,S5_2026-09-25,,NOT_PUBLISHED,,S0_2026-09-10=None S1_2026-09-25=None S2_2026-09-25=None S3_2026-09-25=None S4_2026-09-25=None S5_2026-09-25=None
m_000002,2027,night,hatla2ee,market,UNCHANGED_NON_NUMERIC,S4_2026-09-25,,NOT_PUBLISHED,S5_2026-09-25,,NOT_PUBLISHED,,S0_2026-09-10=None S1_2026-09-25=None S2_2026-09-25=None S3_2026-09-25=None S4_2026-09-25=None S5_2026-09-25=None
m_000002,2027,nline,hatla2ee,market,UNCHANGED_NON_NUMERIC,S4_2026-09-25,,NOT_PUBLISHED,S5_2026-09-25,,NOT_PUBLISHED,,S0_2026-09-10=None S1_2026-09-25=None S2_2026-09-25=None S3_2026-09-25=None S4_2026-09-25=None S5_2026-09-25=None
m_000002,2027,redline,hatla2ee,market,UNCHANGED_NON_NUMERIC,S4_2026-09-25,,NOT_PUBLISHED,S5_2026-09-25,,NOT_PUBLISHED,,S0_2026-09-10=None S1_2026-09-25=None S2_2026-09-25=None S3_2026-09-25=None S4_2026-09-25=None S5_2026-09-25=None
m_000002,2027,redlinenpack,hatla2ee,market,UNCHANGED_NON_NUMERIC,S4_2026-09-25,,NOT_PUBLISHED,S5_2026-09-25,,NOT_PUBLISHED,,S0_2026-09-10=None S1_2026-09-25=None S2_2026-09-25=None S3_2026-09-25=None S4_2026-09-25=None S5_2026-09-25=None
m_000002,2027,shadow,hatla2ee,market,UNCHANGED_NON_NUMERIC,S4_2026-09-25,,NOT_PUBLISHED,S5_2026-09-25,,NOT_PUBLISHED,,S0_2026-09-10=None S1_2026-09-25=None S2_2026-09-25=None S3_2026-09-25=None S4_2026-09-25=None S5_2026-09-25=None
m_000002,2025,blackdiamond,hatla2ee,official,UNCHANGED,S4_2026-09-25,1999000,OK,S5_2026-09-25,1999000,OK,,S0_2026-09-10=1999000 S1_2026-09-25=1999000 S2_2026-09-25=1999000 S3_2026-09-25=1999000 S4_2026-09-25=1999000 S5_2026-09-25=1999000
m_000002,2025,blaze,hatla2ee,official,UNCHANGED,S4_2026-09-25,1649000,OK,S5_2026-09-25,1649000,OK,,S0_2026-09-10=1649000 S1_2026-09-25=1649000 S2_2026-09-25=1649000 S3_2026-09-25=1649000 S4_2026-09-25=1649000 S5_2026-09-25=1649000
m_000002,2025,night,hatla2ee,official,UNCHANGED,S4_2026-09-25,1899000,OK,S5_2026-09-25,1899000,OK,,S0_2026-09-10=1899000 S1_2026-09-25=1899000 S2_2026-09-25=1899000 S3_2026-09-25=1899000 S4_2026-09-25=1899000 S5_2026-09-25=1899000
m_000002,2025,nline,hatla2ee,official,UNCHANGED,S4_2026-09-25,2099000,OK,S5_2026-09-25,2099000,OK,,S0_2026-09-10=2099000 S1_2026-09-25=2099000 S2_2026-09-25=2099000 S3_2026-09-25=2099000 S4_2026-09-25=2099000 S5_2026-09-25=2099000
m_000002,2025,redline,hatla2ee,official,UNCHANGED,S4_2026-09-25,1749000,OK,S5_2026-09-25,1749000,OK,,S0_2026-09-10=1749000 S1_2026-09-25=1749000 S2_2026-09-25=1749000 S3_2026-09-25=1749000 S4_2026-09-25=1749000 S5_2026-09-25=1749000
m_000002,2025,shadow,hatla2ee,official,UNCHANGED,S4_2026-09-25,1499000,OK,S5_2026-09-25,1499000,OK,,S0_2026-09-10=1499000 S1_2026-09-25=1499000 S2_2026-09-25=1499000 S3_2026-09-25=1499000 S4_2026-09-25=1499000 S5_2026-09-25=1499000
m_000002,2027,blackdiamond,hatla2ee,official,UNCHANGED,S4_2026-09-25,2275000,OK,S5_2026-09-25,2275000,OK,,S0_2026-09-10=2275000 S1_2026-09-25=2275000 S2_2026-09-25=2275000 S3_2026-09-25=2275000 S4_2026-09-25=2275000 S5_2026-09-25=2275000
m_000002,2027,blaze,hatla2ee,official,UNCHANGED,S4_2026-09-25,1925000,OK,S5_2026-09-25,1925000,OK,,S0_2026-09-10=1925000 S1_2026-09-25=1925000 S2_2026-09-25=1925000 S3_2026-09-25=1925000 S4_2026-09-25=1925000 S5_2026-09-25=1925000
m_000002,2027,night,hatla2ee,official,UNCHANGED,S4_2026-09-25,2175000,OK,S5_2026-09-25,2175000,OK,,S0_2026-09-10=2175000 S1_2026-09-25=2175000 S2_2026-09-25=2175000 S3_2026-09-25=2175000 S4_2026-09-25=2175000 S5_2026-09-25=2175000
m_000002,2027,nline,hatla2ee,official,UNCHANGED,S4_2026-09-25,2375000,OK,S5_2026-09-25,2375000,OK,,S0_2026-09-10=2375000 S1_2026-09-25=2375000 S2_2026-09-25=2375000 S3_2026-09-25=2375000 S4_2026-09-25=2375000 S5_2026-09-25=2375000
m_000002,2027,redline,hatla2ee,official,UNCHANGED,S4_2026-09-25,2025000,OK,S5_2026-09-25,2025000,OK,,S0_2026-09-10=2025000 S1_2026-09-25=2025000 S2_2026-09-25=2025000 S3_2026-09-25=2025000 S4_2026-09-25=2025000 S5_2026-09-25=2025000
m_000002,2027,redlinenpack,hatla2ee,official,UNCHANGED,S4_2026-09-25,2100000,OK,S5_2026-09-25,2100000,OK,,S0_2026-09-10=2100000 S1_2026-09-25=2100000 S2_2026-09-25=2100000 S3_2026-09-25=2100000 S4_2026-09-25=2100000 S5_2026-09-25=2100000
m_000002,2027,shadow,hatla2ee,official,UNCHANGED,S4_2026-09-25,1775000,OK,S5_2026-09-25,1775000,OK,,S0_2026-09-10=1775000 S1_2026-09-25=1775000 S2_2026-09-25=1775000 S3_2026-09-25=1775000 S4_2026-09-25=1775000 S5_2026-09-25=1775000
m_000003,2026,rline,contactcars,market,UNCHANGED,S4_2026-09-25,2620000,OK,S5_2026-09-25,2620000,OK,,S0_2026-09-10=2620000 S1_2026-09-25=2620000 S2_2026-09-25=2620000 S3_2026-09-25=2620000 S4_2026-09-25=2620000 S5_2026-09-25=2620000
m_000003,2026,rline,contactcars,official,UNCHANGED,S4_2026-09-25,2590000,OK,S5_2026-09-25,2590000,OK,,S0_2026-09-10=2590000 S1_2026-09-25=2590000 S2_2026-09-25=2590000 S3_2026-09-25=2590000 S4_2026-09-25=2590000 S5_2026-09-25=2590000
m_000003,2025,rline,hatla2ee,market,UNCHANGED,S4_2026-09-25,2350000,OK,S5_2026-09-25,2350000,OK,,S0_2026-09-10=2350000 S1_2026-09-25=2350000 S2_2026-09-25=2350000 S3_2026-09-25=2350000 S4_2026-09-25=2350000 S5_2026-09-25=2350000
m_000003,2026,rline,hatla2ee,market,UNCHANGED_NON_NUMERIC,S4_2026-09-25,,NOT_PUBLISHED,S5_2026-09-25,,NOT_PUBLISHED,,S0_2026-09-10=None S1_2026-09-25=None S2_2026-09-25=None S3_2026-09-25=None S4_2026-09-25=None S5_2026-09-25=None
m_000003,2025,rline,hatla2ee,official,UNCHANGED,S4_2026-09-25,2350000,OK,S5_2026-09-25,2350000,OK,,S0_2026-09-10=2350000 S1_2026-09-25=2350000 S2_2026-09-25=2350000 S3_2026-09-25=2350000 S4_2026-09-25=2350000 S5_2026-09-25=2350000
m_000003,2026,rline,hatla2ee,official,UNCHANGED,S4_2026-09-25,2590000,OK,S5_2026-09-25,2590000,OK,,S0_2026-09-10=2590000 S1_2026-09-25=2590000 S2_2026-09-25=2590000 S3_2026-09-25=2590000 S4_2026-09-25=2590000 S5_2026-09-25=2590000
m_000004,2027,idm,contactcars,market,UNCHANGED,S4_2026-09-25,2320000,OK,S5_2026-09-25,2320000,OK,,S0_2026-09-10=2340000 S1_2026-09-25=2320000 S2_2026-09-25=2320000 S3_2026-09-25=2320000 S4_2026-09-25=2320000 S5_2026-09-25=2320000
m_000004,2027,luxury,contactcars,market,UNCHANGED,S4_2026-09-25,1960000,OK,S5_2026-09-25,1960000,OK,,S0_2026-09-10=1980000 S1_2026-09-25=1960000 S2_2026-09-25=1960000 S3_2026-09-25=1960000 S4_2026-09-25=1960000 S5_2026-09-25=1960000
m_000004,2027,mattcolour,contactcars,market,UNCHANGED,S4_2026-09-25,1960000,OK,S5_2026-09-25,1960000,OK,,S0_2026-09-10=2000000 S1_2026-09-25=1960000 S2_2026-09-25=1960000 S3_2026-09-25=1960000 S4_2026-09-25=1960000 S5_2026-09-25=1960000
m_000004,2027,idm,contactcars,official,UNCHANGED,S4_2026-09-25,2150000,OK,S5_2026-09-25,2150000,OK,,S0_2026-09-10=2150000 S1_2026-09-25=2150000 S2_2026-09-25=2150000 S3_2026-09-25=2150000 S4_2026-09-25=2150000 S5_2026-09-25=2150000
m_000004,2027,luxury,contactcars,official,UNCHANGED,S4_2026-09-25,1900000,OK,S5_2026-09-25,1900000,OK,,S0_2026-09-10=1900000 S1_2026-09-25=1900000 S2_2026-09-25=1900000 S3_2026-09-25=1900000 S4_2026-09-25=1900000 S5_2026-09-25=1900000
m_000004,2027,mattcolour,contactcars,official,UNCHANGED,S4_2026-09-25,1930000,OK,S5_2026-09-25,1930000,OK,,S0_2026-09-10=1930000 S1_2026-09-25=1930000 S2_2026-09-25=1930000 S3_2026-09-25=1930000 S4_2026-09-25=1930000 S5_2026-09-25=1930000
m_000004,2027,luxury,hatla2ee,market,UNCHANGED_NON_NUMERIC,S4_2026-09-25,,NOT_PUBLISHED,S5_2026-09-25,,NOT_PUBLISHED,,S4_2026-09-25=None S5_2026-09-25=None
m_000004,2027,luxuryidm,hatla2ee,market,UNCHANGED_NON_NUMERIC,S4_2026-09-25,,NOT_PUBLISHED,S5_2026-09-25,,NOT_PUBLISHED,,S4_2026-09-25=None S5_2026-09-25=None
m_000004,2027,mattcolor,hatla2ee,market,UNCHANGED_NON_NUMERIC,S4_2026-09-25,,NOT_PUBLISHED,S5_2026-09-25,,NOT_PUBLISHED,,S4_2026-09-25=None S5_2026-09-25=None
m_000004,2027,luxury,hatla2ee,official,UNCHANGED,S4_2026-09-25,1900000,OK,S5_2026-09-25,1900000,OK,,S4_2026-09-25=1900000 S5_2026-09-25=1900000
m_000004,2027,luxuryidm,hatla2ee,official,UNCHANGED,S4_2026-09-25,2150000,OK,S5_2026-09-25,2150000,OK,,S4_2026-09-25=2150000 S5_2026-09-25=2150000
m_000004,2027,mattcolor,hatla2ee,official,UNCHANGED,S4_2026-09-25,1930000,OK,S5_2026-09-25,1930000,OK,,S4_2026-09-25=1930000 S5_2026-09-25=1930000
m_000005,2027,allure,contactcars,market,UNCHANGED,S4_2026-09-25,2200000,OK,S5_2026-09-25,2200000,OK,,S4_2026-09-25=2200000 S5_2026-09-25=2200000
m_000005,2027,gt,contactcars,market,UNCHANGED,S4_2026-09-25,2420000,OK,S5_2026-09-25,2420000,OK,,S4_2026-09-25=2420000 S5_2026-09-25=2420000
m_000005,2027,allure,contactcars,official,UNCHANGED,S4_2026-09-25,2099990,OK,S5_2026-09-25,2099990,OK,,S4_2026-09-25=2099990 S5_2026-09-25=2099990
m_000005,2027,gt,contactcars,official,UNCHANGED,S4_2026-09-25,2399990,OK,S5_2026-09-25,2399990,OK,,S4_2026-09-25=2399990 S5_2026-09-25=2399990
m_000005,2027,allure,hatla2ee,market,UNCHANGED_NON_NUMERIC,S4_2026-09-25,,NOT_PUBLISHED,S5_2026-09-25,,NOT_PUBLISHED,,S0_2026-09-10=None S1_2026-09-25=None S2_2026-09-25=None S3_2026-09-25=None S4_2026-09-25=None S5_2026-09-25=None
m_000005,2027,gt,hatla2ee,market,UNCHANGED_NON_NUMERIC,S4_2026-09-25,,NOT_PUBLISHED,S5_2026-09-25,,NOT_PUBLISHED,,S0_2026-09-10=None S1_2026-09-25=None S2_2026-09-25=None S3_2026-09-25=None S4_2026-09-25=None S5_2026-09-25=None
m_000005,2027,allure,hatla2ee,official,UNCHANGED,S4_2026-09-25,2099990,OK,S5_2026-09-25,2099990,OK,,S0_2026-09-10=2099990 S1_2026-09-25=2099990 S2_2026-09-25=2099990 S3_2026-09-25=2099990 S4_2026-09-25=2099990 S5_2026-09-25=2099990
m_000005,2027,gt,hatla2ee,official,UNCHANGED,S4_2026-09-25,2399990,OK,S5_2026-09-25,2399990,OK,,S0_2026-09-10=2399990 S1_2026-09-25=2399990 S2_2026-09-25=2399990 S3_2026-09-25=2399990 S4_2026-09-25=2399990 S5_2026-09-25=2399990
m_000006,2027,nconnecta,contactcars,market,UNCHANGED,S4_2026-09-25,1580000,OK,S5_2026-09-25,1580000,OK,,S0_2026-09-10=1600000 S1_2026-09-25=1580000 S2_2026-09-25=1580000 S3_2026-09-25=1580000 S4_2026-09-25=1580000 S5_2026-09-25=1580000
m_000006,2027,nconnectaplus,contactcars,market,UNCHANGED,S4_2026-09-25,1760000,OK,S5_2026-09-25,1760000,OK,,S0_2026-09-10=1800000 S1_2026-09-25=1760000 S2_2026-09-25=1760000 S3_2026-09-25=1760000 S4_2026-09-25=1760000 S5_2026-09-25=1760000
m_000006,2027,nconnectaplus2t,contactcars,market,UNCHANGED,S4_2026-09-25,1800000,OK,S5_2026-09-25,1800000,OK,,S0_2026-09-10=1780000 S1_2026-09-25=1800000 S2_2026-09-25=1800000 S3_2026-09-25=1800000 S4_2026-09-25=1800000 S5_2026-09-25=1800000
m_000006,2027,ndesignepwr,contactcars,market,UNCHANGED_NON_NUMERIC,S4_2026-09-25,,NOT_AVAILABLE,S5_2026-09-25,,NOT_AVAILABLE,,S0_2026-09-10=None S1_2026-09-25=None S2_2026-09-25=None S3_2026-09-25=None S4_2026-09-25=None S5_2026-09-25=None
m_000006,2027,tekna2t,contactcars,market,UNCHANGED,S4_2026-09-25,1888000,OK,S5_2026-09-25,1888000,OK,,S0_2026-09-10=1888000 S1_2026-09-25=1888000 S2_2026-09-25=1888000 S3_2026-09-25=1888000 S4_2026-09-25=1888000 S5_2026-09-25=1888000
m_000006,2027,teknaplus4wd,contactcars,market,UNCHANGED_NON_NUMERIC,S4_2026-09-25,,NOT_AVAILABLE,S5_2026-09-25,,NOT_AVAILABLE,,S0_2026-09-10=None S1_2026-09-25=None S2_2026-09-25=None S3_2026-09-25=None S4_2026-09-25=None S5_2026-09-25=None
m_000006,2027,nconnecta,contactcars,official,UNCHANGED,S4_2026-09-25,1555000,OK,S5_2026-09-25,1555000,OK,,S0_2026-09-10=1555000 S1_2026-09-25=1555000 S2_2026-09-25=1555000 S3_2026-09-25=1555000 S4_2026-09-25=1555000 S5_2026-09-25=1555000
m_000006,2027,nconnectaplus,contactcars,official,UNCHANGED,S4_2026-09-25,1757000,OK,S5_2026-09-25,1757000,OK,,S0_2026-09-10=1757000 S1_2026-09-25=1757000 S2_2026-09-25=1757000 S3_2026-09-25=1757000 S4_2026-09-25=1757000 S5_2026-09-25=1757000
m_000006,2027,nconnectaplus2t,contactcars,official,UNCHANGED,S4_2026-09-25,1777000,OK,S5_2026-09-25,1777000,OK,,S0_2026-09-10=1777000 S1_2026-09-25=1777000 S2_2026-09-25=1777000 S3_2026-09-25=1777000 S4_2026-09-25=1777000 S5_2026-09-25=1777000
m_000006,2027,ndesignepwr,contactcars,official,UNCHANGED,S4_2026-09-25,1999000,OK,S5_2026-09-25,1999000,OK,,S0_2026-09-10=1999000 S1_2026-09-25=1999000 S2_2026-09-25=1999000 S3_2026-09-25=1999000 S4_2026-09-25=1999000 S5_2026-09-25=1999000
m_000006,2027,tekna2t,contactcars,official,UNCHANGED,S4_2026-09-25,1888000,OK,S5_2026-09-25,1888000,OK,,S0_2026-09-10=1888000 S1_2026-09-25=1888000 S2_2026-09-25=1888000 S3_2026-09-25=1888000 S4_2026-09-25=1888000 S5_2026-09-25=1888000
m_000006,2027,teknaplus4wd,contactcars,official,UNCHANGED,S4_2026-09-25,2068000,OK,S5_2026-09-25,2068000,OK,,S0_2026-09-10=2068000 S1_2026-09-25=2068000 S2_2026-09-25=2068000 S3_2026-09-25=2068000 S4_2026-09-25=2068000 S5_2026-09-25=2068000
m_000006,,epower,egycar,market,UNCHANGED_NON_NUMERIC,S4_2026-09-25,,NOT_PUBLISHED,S5_2026-09-25,,NOT_PUBLISHED,,S0_2026-09-10=None S1_2026-09-25=None S2_2026-09-25=None S3_2026-09-25=None S4_2026-09-25=None S5_2026-09-25=None
m_000006,,nconnecta,egycar,market,UNCHANGED_NON_NUMERIC,S4_2026-09-25,,NOT_PUBLISHED,S5_2026-09-25,,NOT_PUBLISHED,,S0_2026-09-10=None S1_2026-09-25=None S2_2026-09-25=None S3_2026-09-25=None S4_2026-09-25=None S5_2026-09-25=None
m_000006,,nconnectaplus,egycar,market,UNCHANGED_NON_NUMERIC,S4_2026-09-25,,NOT_PUBLISHED,S5_2026-09-25,,NOT_PUBLISHED,,S0_2026-09-10=None S1_2026-09-25=None S2_2026-09-25=None S3_2026-09-25=None S4_2026-09-25=None S5_2026-09-25=None
m_000006,,tekna,egycar,market,UNCHANGED_NON_NUMERIC,S4_2026-09-25,,NOT_PUBLISHED,S5_2026-09-25,,NOT_PUBLISHED,,S0_2026-09-10=None S1_2026-09-25=None S2_2026-09-25=None S3_2026-09-25=None S4_2026-09-25=None S5_2026-09-25=None
m_000006,,teknaplus4wd,egycar,market,UNCHANGED_NON_NUMERIC,S4_2026-09-25,,NOT_PUBLISHED,S5_2026-09-25,,NOT_PUBLISHED,,S0_2026-09-10=None S1_2026-09-25=None S2_2026-09-25=None S3_2026-09-25=None S4_2026-09-25=None S5_2026-09-25=None
m_000006,,epower,egycar,official,UNCHANGED,S4_2026-09-25,2000000,OK,S5_2026-09-25,2000000,OK,,S0_2026-09-10=2000000 S1_2026-09-25=2000000 S2_2026-09-25=2000000 S3_2026-09-25=2000000 S4_2026-09-25=2000000 S5_2026-09-25=2000000
m_000006,,nconnecta,egycar,official,UNCHANGED,S4_2026-09-25,1555000,OK,S5_2026-09-25,1555000,OK,,S0_2026-09-10=1555000 S1_2026-09-25=1555000 S2_2026-09-25=1555000 S3_2026-09-25=1555000 S4_2026-09-25=1555000 S5_2026-09-25=1555000
m_000006,,nconnectaplus,egycar,official,UNCHANGED,S4_2026-09-25,1757000,OK,S5_2026-09-25,1757000,OK,,S0_2026-09-10=1757000 S1_2026-09-25=1757000 S2_2026-09-25=1757000 S3_2026-09-25=1757000 S4_2026-09-25=1757000 S5_2026-09-25=1757000
m_000006,,tekna,egycar,official,UNCHANGED,S4_2026-09-25,1868000,OK,S5_2026-09-25,1868000,OK,,S0_2026-09-10=1868000 S1_2026-09-25=1868000 S2_2026-09-25=1868000 S3_2026-09-25=1868000 S4_2026-09-25=1868000 S5_2026-09-25=1868000
m_000006,,teknaplus4wd,egycar,official,UNCHANGED,S4_2026-09-25,2048000,OK,S5_2026-09-25,2048000,OK,,S0_2026-09-10=2048000 S1_2026-09-25=2048000 S2_2026-09-25=2048000 S3_2026-09-25=2048000 S4_2026-09-25=2048000 S5_2026-09-25=2048000
m_000007,2024,othertrims,contactcars,market,UNCHANGED,S4_2026-09-25,1660000,OK,S5_2026-09-25,1660000,OK,,S0_2026-09-10=1660000 S1_2026-09-25=1660000 S2_2026-09-25=1660000 S3_2026-09-25=1660000 S4_2026-09-25=1660000 S5_2026-09-25=1660000
m_000007,2024,tlplus,contactcars,market,UNCHANGED,S4_2026-09-25,1800000,OK,S5_2026-09-25,1800000,OK,,S0_2026-09-10=1800000 S1_2026-09-25=1800000 S2_2026-09-25=1800000 S3_2026-09-25=1800000 S4_2026-09-25=1800000 S5_2026-09-25=1800000
m_000007,2024,turbohl,contactcars,market,UNCHANGED,S4_2026-09-25,1700000,OK,S5_2026-09-25,1700000,OK,,S0_2026-09-10=1700000 S1_2026-09-25=1700000 S2_2026-09-25=1700000 S3_2026-09-25=1700000 S4_2026-09-25=1700000 S5_2026-09-25=1700000
m_000007,2024,turboxtl,contactcars,market,UNCHANGED,S4_2026-09-25,1600000,OK,S5_2026-09-25,1600000,OK,,S0_2026-09-10=1600000 S1_2026-09-25=1600000 S2_2026-09-25=1600000 S3_2026-09-25=1600000 S4_2026-09-25=1600000 S5_2026-09-25=1600000
m_000007,2025,highlineplus,contactcars,market,UNCHANGED,S4_2026-09-25,2000000,OK,S5_2026-09-25,2000000,OK,,S0_2026-09-10=2000000 S1_2026-09-25=2000000 S2_2026-09-25=2000000 S3_2026-09-25=2000000 S4_2026-09-25=2000000 S5_2026-09-25=2000000
m_000007,2025,tlplus,contactcars,market,UNCHANGED,S4_2026-09-25,1860000,OK,S5_2026-09-25,1860000,OK,,S0_2026-09-10=1860000 S1_2026-09-25=1860000 S2_2026-09-25=1860000 S3_2026-09-25=1860000 S4_2026-09-25=1860000 S5_2026-09-25=1860000
m_000007,2025,topline,contactcars,market,UNCHANGED,S4_2026-09-25,2060000,OK,S5_2026-09-25,2060000,OK,,S0_2026-09-10=2060000 S1_2026-09-25=2060000 S2_2026-09-25=2060000 S3_2026-09-25=2060000 S4_2026-09-25=2060000 S5_2026-09-25=2060000
m_000007,2025,toplineplus,contactcars,market,UNCHANGED_NON_NUMERIC,S4_2026-09-25,,NOT_PUBLISHED,S5_2026-09-25,,NOT_PUBLISHED,,S0_2026-09-10=None S1_2026-09-25=None S2_2026-09-25=None S3_2026-09-25=None S4_2026-09-25=None S5_2026-09-25=None
m_000007,2026,highlineplus,contactcars,market,UNCHANGED,S4_2026-09-25,1860000,OK,S5_2026-09-25,1860000,OK,,S0_2026-09-10=1860000 S1_2026-09-25=1860000 S2_2026-09-25=1860000 S3_2026-09-25=1860000 S4_2026-09-25=1860000 S5_2026-09-25=1860000
m_000007,2026,topline,contactcars,market,UNCHANGED,S4_2026-09-25,2100000,OK,S5_2026-09-25,2100000,OK,,S0_2026-09-10=2060000 S1_2026-09-25=2100000 S2_2026-09-25=2100000 S3_2026-09-25=2100000 S4_2026-09-25=2100000 S5_2026-09-25=2100000
m_000007,2026,toplineplus,contactcars,market,UNCHANGED,S4_2026-09-25,2100000,OK,S5_2026-09-25,2100000,OK,,S0_2026-09-10=2100000 S1_2026-09-25=2100000 S2_2026-09-25=2100000 S3_2026-09-25=2100000 S4_2026-09-25=2100000 S5_2026-09-25=2100000
m_000007,2024,othertrims,contactcars,official,UNCHANGED_NON_NUMERIC,S4_2026-09-25,,NOT_PUBLISHED,S5_2026-09-25,,NOT_PUBLISHED,,S0_2026-09-10=None S1_2026-09-25=None S2_2026-09-25=None S3_2026-09-25=None S4_2026-09-25=None S5_2026-09-25=None
m_000007,2024,tlplus,contactcars,official,UNCHANGED_NON_NUMERIC,S4_2026-09-25,,NOT_PUBLISHED,S5_2026-09-25,,NOT_PUBLISHED,,S0_2026-09-10=None S1_2026-09-25=None S2_2026-09-25=None S3_2026-09-25=None S4_2026-09-25=None S5_2026-09-25=None
m_000007,2024,turbohl,contactcars,official,UNCHANGED_NON_NUMERIC,S4_2026-09-25,,NOT_PUBLISHED,S5_2026-09-25,,NOT_PUBLISHED,,S0_2026-09-10=None S1_2026-09-25=None S2_2026-09-25=None S3_2026-09-25=None S4_2026-09-25=None S5_2026-09-25=None
m_000007,2024,turboxtl,contactcars,official,UNCHANGED_NON_NUMERIC,S4_2026-09-25,,NOT_PUBLISHED,S5_2026-09-25,,NOT_PUBLISHED,,S0_2026-09-10=None S1_2026-09-25=None S2_2026-09-25=None S3_2026-09-25=None S4_2026-09-25=None S5_2026-09-25=None
m_000007,2025,highlineplus,contactcars,official,UNCHANGED,S4_2026-09-25,1949990,OK,S5_2026-09-25,1949990,OK,,S0_2026-09-10=1949990 S1_2026-09-25=1949990 S2_2026-09-25=1949990 S3_2026-09-25=1949990 S4_2026-09-25=1949990 S5_2026-09-25=1949990
m_000007,2025,tlplus,contactcars,official,UNCHANGED_NON_NUMERIC,S4_2026-09-25,,NOT_PUBLISHED,S5_2026-09-25,,NOT_PUBLISHED,,S0_2026-09-10=None S1_2026-09-25=None S2_2026-09-25=None S3_2026-09-25=None S4_2026-09-25=None S5_2026-09-25=None
m_000007,2025,topline,contactcars,official,UNCHANGED,S4_2026-09-25,2049990,OK,S5_2026-09-25,2049990,OK,,S0_2026-09-10=2049990 S1_2026-09-25=2049990 S2_2026-09-25=2049990 S3_2026-09-25=2049990 S4_2026-09-25=2049990 S5_2026-09-25=2049990
m_000007,2025,toplineplus,contactcars,official,UNCHANGED,S4_2026-09-25,2199990,OK,S5_2026-09-25,2199990,OK,,S0_2026-09-10=2199990 S1_2026-09-25=2199990 S2_2026-09-25=2199990 S3_2026-09-25=2199990 S4_2026-09-25=2199990 S5_2026-09-25=2199990
m_000007,2026,highlineplus,contactcars,official,UNCHANGED,S4_2026-09-25,1850000,OK,S5_2026-09-25,1850000,OK,,S0_2026-09-10=1850000 S1_2026-09-25=1850000 S2_2026-09-25=1850000 S3_2026-09-25=1850000 S4_2026-09-25=1850000 S5_2026-09-25=1850000
m_000007,2026,topline,contactcars,official,UNCHANGED,S4_2026-09-25,1950000,OK,S5_2026-09-25,1950000,OK,,S0_2026-09-10=1950000 S1_2026-09-25=1950000 S2_2026-09-25=1950000 S3_2026-09-25=1950000 S4_2026-09-25=1950000 S5_2026-09-25=1950000
m_000007,2026,toplineplus,contactcars,official,UNCHANGED,S4_2026-09-25,2100000,OK,S5_2026-09-25,2100000,OK,,S0_2026-09-10=2100000 S1_2026-09-25=2100000 S2_2026-09-25=2100000 S3_2026-09-25=2100000 S4_2026-09-25=2100000 S5_2026-09-25=2100000
m_000007,2026,highlineplus,hatla2ee,market,UNCHANGED,S4_2026-09-25,1849990,OK,S5_2026-09-25,1849990,OK,,S0_2026-09-10=1849990 S1_2026-09-25=1849990 S2_2026-09-25=1849990 S3_2026-09-25=1849990 S4_2026-09-25=1849990 S5_2026-09-25=1849990
m_000007,2026,topline,hatla2ee,market,UNCHANGED,S4_2026-09-25,1949990,OK,S5_2026-09-25,1949990,OK,,S0_2026-09-10=1949990 S1_2026-09-25=1949990 S2_2026-09-25=1949990 S3_2026-09-25=1949990 S4_2026-09-25=1949990 S5_2026-09-25=1949990
m_000007,2026,toplineplus,hatla2ee,market,UNCHANGED,S4_2026-09-25,2099990,OK,S5_2026-09-25,2099990,OK,,S0_2026-09-10=2099990 S1_2026-09-25=2099990 S2_2026-09-25=2099990 S3_2026-09-25=2099990 S4_2026-09-25=2099990 S5_2026-09-25=2099990
m_000007,2026,highlineplus,hatla2ee,official,UNCHANGED,S4_2026-09-25,1849990,OK,S5_2026-09-25,1849990,OK,,S0_2026-09-10=1849990 S1_2026-09-25=1849990 S2_2026-09-25=1849990 S3_2026-09-25=1849990 S4_2026-09-25=1849990 S5_2026-09-25=1849990
m_000007,2026,topline,hatla2ee,official,UNCHANGED,S4_2026-09-25,1949990,OK,S5_2026-09-25,1949990,OK,,S0_2026-09-10=1949990 S1_2026-09-25=1949990 S2_2026-09-25=1949990 S3_2026-09-25=1949990 S4_2026-09-25=1949990 S5_2026-09-25=1949990
m_000007,2026,toplineplus,hatla2ee,official,UNCHANGED,S4_2026-09-25,2099990,OK,S5_2026-09-25,2099990,OK,,S0_2026-09-10=2099990 S1_2026-09-25=2099990 S2_2026-09-25=2099990 S3_2026-09-25=2099990 S4_2026-09-25=2099990 S5_2026-09-25=2099990
m_000008,2025,othertrims,contactcars,market,UNCHANGED,S4_2026-09-25,1180000,OK,S5_2026-09-25,1180000,OK,,S0_2026-09-10=None S1_2026-09-25=1180000 S2_2026-09-25=1180000 S3_2026-09-25=1180000 S4_2026-09-25=1180000 S5_2026-09-25=1180000
m_000008,2026,shine,contactcars,market,UNCHANGED,S4_2026-09-25,1740000,OK,S5_2026-09-25,1740000,OK,,S0_2026-09-10=1740000 S1_2026-09-25=1740000 S2_2026-09-25=1740000 S3_2026-09-25=1740000 S4_2026-09-25=1740000 S5_2026-09-25=1740000
m_000008,2026,shineentry,contactcars,market,UNCHANGED,S4_2026-09-25,1620000,OK,S5_2026-09-25,1620000,OK,,S0_2026-09-10=None S1_2026-09-25=1620000 S2_2026-09-25=1620000 S3_2026-09-25=1620000 S4_2026-09-25=1620000 S5_2026-09-25=1620000
m_000008,2027,advanced,contactcars,market,UNCHANGED,S4_2026-09-25,1900000,OK,S5_2026-09-25,1900000,OK,,S4_2026-09-25=1900000 S5_2026-09-25=1900000
m_000008,2027,ultimate,contactcars,market,UNCHANGED,S4_2026-09-25,1980000,OK,S5_2026-09-25,1980000,OK,,S4_2026-09-25=1980000 S5_2026-09-25=1980000
m_000008,2025,othertrims,contactcars,official,UNCHANGED_NON_NUMERIC,S4_2026-09-25,,NOT_PUBLISHED,S5_2026-09-25,,NOT_PUBLISHED,,S0_2026-09-10=1180000 S1_2026-09-25=None S2_2026-09-25=None S3_2026-09-25=None S4_2026-09-25=None S5_2026-09-25=None
m_000008,2026,shine,contactcars,official,UNCHANGED,S4_2026-09-25,1730000,OK,S5_2026-09-25,1730000,OK,,S0_2026-09-10=1730000 S1_2026-09-25=1730000 S2_2026-09-25=1730000 S3_2026-09-25=1730000 S4_2026-09-25=1730000 S5_2026-09-25=1730000
m_000008,2026,shineentry,contactcars,official,UNCHANGED,S4_2026-09-25,1590000,OK,S5_2026-09-25,1590000,OK,,S0_2026-09-10=1590000 S1_2026-09-25=1590000 S2_2026-09-25=1590000 S3_2026-09-25=1590000 S4_2026-09-25=1590000 S5_2026-09-25=1590000
m_000008,2027,advanced,contactcars,official,UNCHANGED,S4_2026-09-25,1695000,OK,S5_2026-09-25,1695000,OK,,S4_2026-09-25=1695000 S5_2026-09-25=1695000
m_000008,2027,ultimate,contactcars,official,UNCHANGED,S4_2026-09-25,1935000,OK,S5_2026-09-25,1935000,OK,,S4_2026-09-25=1935000 S5_2026-09-25=1935000
m_000008,2026,shine,hatla2ee,market,UNCHANGED_NON_NUMERIC,S4_2026-09-25,,NOT_PUBLISHED,S5_2026-09-25,,NOT_PUBLISHED,,S0_2026-09-10=None S1_2026-09-25=None S2_2026-09-25=None S3_2026-09-25=None S4_2026-09-25=None S5_2026-09-25=None
m_000008,2026,shineentry,hatla2ee,market,UNCHANGED_NON_NUMERIC,S4_2026-09-25,,NOT_PUBLISHED,S5_2026-09-25,,NOT_PUBLISHED,,S0_2026-09-10=None S1_2026-09-25=None S2_2026-09-25=None S3_2026-09-25=None S4_2026-09-25=None S5_2026-09-25=None
m_000008,2027,advanced,hatla2ee,market,UNCHANGED_NON_NUMERIC,S4_2026-09-25,,NOT_PUBLISHED,S5_2026-09-25,,NOT_PUBLISHED,,S0_2026-09-10=None S1_2026-09-25=None S2_2026-09-25=None S3_2026-09-25=None S4_2026-09-25=None S5_2026-09-25=None
m_000008,2027,ultimate,hatla2ee,market,UNCHANGED_NON_NUMERIC,S4_2026-09-25,,NOT_PUBLISHED,S5_2026-09-25,,NOT_PUBLISHED,,S0_2026-09-10=None S1_2026-09-25=None S2_2026-09-25=None S3_2026-09-25=None S4_2026-09-25=None S5_2026-09-25=None
m_000008,2026,shine,hatla2ee,official,UNCHANGED,S4_2026-09-25,1850000,OK,S5_2026-09-25,1850000,OK,,S0_2026-09-10=1850000 S1_2026-09-25=1850000 S2_2026-09-25=1850000 S3_2026-09-25=1850000 S4_2026-09-25=1850000 S5_2026-09-25=1850000
m_000008,2026,shineentry,hatla2ee,official,UNCHANGED,S4_2026-09-25,1710000,OK,S5_2026-09-25,1710000,OK,,S0_2026-09-10=1710000 S1_2026-09-25=1710000 S2_2026-09-25=1710000 S3_2026-09-25=1710000 S4_2026-09-25=1710000 S5_2026-09-25=1710000
m_000008,2027,advanced,hatla2ee,official,UNCHANGED,S4_2026-09-25,1695000,OK,S5_2026-09-25,1695000,OK,,S0_2026-09-10=1695000 S1_2026-09-25=1695000 S2_2026-09-25=1695000 S3_2026-09-25=1695000 S4_2026-09-25=1695000 S5_2026-09-25=1695000
m_000008,2027,ultimate,hatla2ee,official,UNCHANGED,S4_2026-09-25,1935000,OK,S5_2026-09-25,1935000,OK,,S0_2026-09-10=1935000 S1_2026-09-25=1935000 S2_2026-09-25=1935000 S3_2026-09-25=1935000 S4_2026-09-25=1935000 S5_2026-09-25=1935000
m_000009,2027,luxury,contactcars,market,UNCHANGED,S4_2026-09-25,1760000,OK,S5_2026-09-25,1760000,OK,,S0_2026-09-10=1780000 S1_2026-09-25=1760000 S2_2026-09-25=1760000 S3_2026-09-25=1760000 S4_2026-09-25=1760000 S5_2026-09-25=1760000
m_000009,2027,mattcolour,contactcars,market,UNCHANGED,S4_2026-09-25,1760000,OK,S5_2026-09-25,1760000,OK,,S0_2026-09-10=1760000 S1_2026-09-25=1760000 S2_2026-09-25=1760000 S3_2026-09-25=1760000 S4_2026-09-25=1760000 S5_2026-09-25=1760000
m_000009,2027,luxury,contactcars,official,UNCHANGED,S4_2026-09-25,1730000,OK,S5_2026-09-25,1730000,OK,,S0_2026-09-10=1730000 S1_2026-09-25=1730000 S2_2026-09-25=1730000 S3_2026-09-25=1730000 S4_2026-09-25=1730000 S5_2026-09-25=1730000
m_000009,2027,mattcolour,contactcars,official,UNCHANGED,S4_2026-09-25,1760000,OK,S5_2026-09-25,1760000,OK,,S0_2026-09-10=1760000 S1_2026-09-25=1760000 S2_2026-09-25=1760000 S3_2026-09-25=1760000 S4_2026-09-25=1760000 S5_2026-09-25=1760000
m_000009,2027,luxury,hatla2ee,market,UNCHANGED_NON_NUMERIC,S4_2026-09-25,,NOT_PUBLISHED,S5_2026-09-25,,NOT_PUBLISHED,,S4_2026-09-25=None S5_2026-09-25=None
m_000009,2027,mattcolor,hatla2ee,market,UNCHANGED_NON_NUMERIC,S4_2026-09-25,,NOT_PUBLISHED,S5_2026-09-25,,NOT_PUBLISHED,,S4_2026-09-25=None S5_2026-09-25=None
m_000009,2027,luxury,hatla2ee,official,UNCHANGED,S4_2026-09-25,1730000,OK,S5_2026-09-25,1730000,OK,,S4_2026-09-25=1730000 S5_2026-09-25=1730000
m_000009,2027,mattcolor,hatla2ee,official,UNCHANGED,S4_2026-09-25,1760000,OK,S5_2026-09-25,1760000,OK,,S4_2026-09-25=1760000 S5_2026-09-25=1760000
m_000010,2024,othertrims,contactcars,market,UNCHANGED,S4_2026-09-25,1800000,OK,S5_2026-09-25,1800000,OK,,S0_2026-09-10=None S1_2026-09-25=1800000 S2_2026-09-25=1800000 S3_2026-09-25=1800000 S4_2026-09-25=1800000 S5_2026-09-25=1800000
m_000010,2024,othertrims,contactcars,official,UNCHANGED_NON_NUMERIC,S4_2026-09-25,,NOT_PUBLISHED,S5_2026-09-25,,NOT_PUBLISHED,,S0_2026-09-10=1700000 S1_2026-09-25=None S2_2026-09-25=None S3_2026-09-25=None S4_2026-09-25=None S5_2026-09-25=None
m_000011,2027,t6dctflagship,contactcars,market,UNCHANGED,S4_2026-09-25,1720000,OK,S5_2026-09-25,1720000,OK,,S0_2026-09-10=1720000 S1_2026-09-25=1720000 S2_2026-09-25=1720000 S3_2026-09-25=1720000 S4_2026-09-25=1720000 S5_2026-09-25=1720000
m_000011,2027,t6dctluxury,contactcars,market,UNCHANGED,S4_2026-09-25,1620000,OK,S5_2026-09-25,1620000,OK,,S0_2026-09-10=1620000 S1_2026-09-25=1620000 S2_2026-09-25=1620000 S3_2026-09-25=1620000 S4_2026-09-25=1620000 S5_2026-09-25=1620000
m_000011,2027,t6dctflagship,contactcars,official,UNCHANGED,S4_2026-09-25,1720000,OK,S5_2026-09-25,1720000,OK,,S0_2026-09-10=1720000 S1_2026-09-25=1720000 S2_2026-09-25=1720000 S3_2026-09-25=1720000 S4_2026-09-25=1720000 S5_2026-09-25=1720000
m_000011,2027,t6dctluxury,contactcars,official,UNCHANGED,S4_2026-09-25,1620000,OK,S5_2026-09-25,1620000,OK,,S0_2026-09-10=1620000 S1_2026-09-25=1620000 S2_2026-09-25=1620000 S3_2026-09-25=1620000 S4_2026-09-25=1620000 S5_2026-09-25=1620000
m_000011,2027,flagship,hatla2ee,market,UNCHANGED_NON_NUMERIC,S4_2026-09-25,,NOT_PUBLISHED,S5_2026-09-25,,NOT_PUBLISHED,,S1_2026-09-25=None S2_2026-09-25=None S3_2026-09-25=None S4_2026-09-25=None S5_2026-09-25=None
m_000011,2027,luxury,hatla2ee,market,UNCHANGED_NON_NUMERIC,S4_2026-09-25,,NOT_PUBLISHED,S5_2026-09-25,,NOT_PUBLISHED,,S1_2026-09-25=None S2_2026-09-25=None S3_2026-09-25=None S4_2026-09-25=None S5_2026-09-25=None
m_000011,2027,range2classes,hatla2ee,market,NOT_SEEN_IN_LATEST,,,,S0_2026-09-10,,NOT_PUBLISHED,,S0_2026-09-10=None
m_000011,2027,flagship,hatla2ee,official,UNCHANGED,S4_2026-09-25,1720000,OK,S5_2026-09-25,1720000,OK,,S1_2026-09-25=1720000 S2_2026-09-25=1720000 S3_2026-09-25=1720000 S4_2026-09-25=1720000 S5_2026-09-25=1720000
m_000011,2027,luxury,hatla2ee,official,UNCHANGED,S4_2026-09-25,1620000,OK,S5_2026-09-25,1620000,OK,,S1_2026-09-25=1620000 S2_2026-09-25=1620000 S3_2026-09-25=1620000 S4_2026-09-25=1620000 S5_2026-09-25=1620000
m_000011,2027,range2classes,hatla2ee,official,NOT_SEEN_IN_LATEST,,,,S0_2026-09-10,,PARSE_FAILED,,S0_2026-09-10=None
m_000012,2026,espiritalpine,contactcars,market,UNCHANGED,S4_2026-09-25,1890000,OK,S5_2026-09-25,1890000,OK,,S0_2026-09-10=1890000 S1_2026-09-25=1890000 S2_2026-09-25=1890000 S3_2026-09-25=1890000 S4_2026-09-25=1890000 S5_2026-09-25=1890000
m_000012,2026,evolutionfacelift,contactcars,market,UNCHANGED,S4_2026-09-25,1550000,OK,S5_2026-09-25,1550000,OK,,S0_2026-09-10=1550000 S1_2026-09-25=1550000 S2_2026-09-25=1550000 S3_2026-09-25=1550000 S4_2026-09-25=1550000 S5_2026-09-25=1550000
m_000012,2026,iconicfacelift,contactcars,market,UNCHANGED,S4_2026-09-25,1900000,OK,S5_2026-09-25,1900000,OK,,S0_2026-09-10=1900000 S1_2026-09-25=1900000 S2_2026-09-25=1900000 S3_2026-09-25=1900000 S4_2026-09-25=1900000 S5_2026-09-25=1900000
m_000012,2026,technofacelift,contactcars,market,UNCHANGED,S4_2026-09-25,1690000,OK,S5_2026-09-25,1690000,OK,,S0_2026-09-10=1690000 S1_2026-09-25=1690000 S2_2026-09-25=1690000 S3_2026-09-25=1690000 S4_2026-09-25=1690000 S5_2026-09-25=1690000
m_000012,2026,espiritalpine,contactcars,official,UNCHANGED,S4_2026-09-25,1890000,OK,S5_2026-09-25,1890000,OK,,S0_2026-09-10=1890000 S1_2026-09-25=1890000 S2_2026-09-25=1890000 S3_2026-09-25=1890000 S4_2026-09-25=1890000 S5_2026-09-25=1890000
m_000012,2026,evolutionfacelift,contactcars,official,UNCHANGED,S4_2026-09-25,1550000,OK,S5_2026-09-25,1550000,OK,,S0_2026-09-10=1550000 S1_2026-09-25=1550000 S2_2026-09-25=1550000 S3_2026-09-25=1550000 S4_2026-09-25=1550000 S5_2026-09-25=1550000
m_000012,2026,iconicfacelift,contactcars,official,UNCHANGED,S4_2026-09-25,1790000,OK,S5_2026-09-25,1790000,OK,,S0_2026-09-10=1790000 S1_2026-09-25=1790000 S2_2026-09-25=1790000 S3_2026-09-25=1790000 S4_2026-09-25=1790000 S5_2026-09-25=1790000
m_000012,2026,technofacelift,contactcars,official,UNCHANGED,S4_2026-09-25,1690000,OK,S5_2026-09-25,1690000,OK,,S0_2026-09-10=1690000 S1_2026-09-25=1690000 S2_2026-09-25=1690000 S3_2026-09-25=1690000 S4_2026-09-25=1690000 S5_2026-09-25=1690000
m_000012,2026,espritalpine,hatla2ee,market,UNCHANGED,S4_2026-09-25,1740000,OK,S5_2026-09-25,1740000,OK,,S0_2026-09-10=1740000 S1_2026-09-25=1740000 S2_2026-09-25=1740000 S3_2026-09-25=1740000 S4_2026-09-25=1740000 S5_2026-09-25=1740000
m_000012,2026,espritalpinebe,hatla2ee,market,UNCHANGED,S4_2026-09-25,1770000,OK,S5_2026-09-25,1770000,OK,,S0_2026-09-10=1770000 S1_2026-09-25=1770000 S2_2026-09-25=1770000 S3_2026-09-25=1770000 S4_2026-09-25=1770000 S5_2026-09-25=1770000
m_000012,2026,evolution,hatla2ee,market,UNCHANGED,S4_2026-09-25,1400000,OK,S5_2026-09-25,1400000,OK,,S0_2026-09-10=1400000 S1_2026-09-25=1400000 S2_2026-09-25=1400000 S3_2026-09-25=1400000 S4_2026-09-25=1400000 S5_2026-09-25=1400000
m_000012,2026,iconic,hatla2ee,market,UNCHANGED,S4_2026-09-25,1630000,OK,S5_2026-09-25,1630000,OK,,S0_2026-09-10=1630000 S1_2026-09-25=1630000 S2_2026-09-25=1630000 S3_2026-09-25=1630000 S4_2026-09-25=1630000 S5_2026-09-25=1630000
m_000012,2026,techno,hatla2ee,market,UNCHANGED,S4_2026-09-25,1570000,OK,S5_2026-09-25,1570000,OK,,S0_2026-09-10=1570000 S1_2026-09-25=1570000 S2_2026-09-25=1570000 S3_2026-09-25=1570000 S4_2026-09-25=1570000 S5_2026-09-25=1570000
m_000012,2026,espritalpine,hatla2ee,official,UNCHANGED,S4_2026-09-25,1740000,OK,S5_2026-09-25,1740000,OK,,S0_2026-09-10=1740000 S1_2026-09-25=1740000 S2_2026-09-25=1740000 S3_2026-09-25=1740000 S4_2026-09-25=1740000 S5_2026-09-25=1740000
m_000012,2026,espritalpinebe,hatla2ee,official,UNCHANGED,S4_2026-09-25,1770000,OK,S5_2026-09-25,1770000,OK,,S0_2026-09-10=1770000 S1_2026-09-25=1770000 S2_2026-09-25=1770000 S3_2026-09-25=1770000 S4_2026-09-25=1770000 S5_2026-09-25=1770000
m_000012,2026,evolution,hatla2ee,official,UNCHANGED,S4_2026-09-25,1400000,OK,S5_2026-09-25,1400000,OK,,S0_2026-09-10=1400000 S1_2026-09-25=1400000 S2_2026-09-25=1400000 S3_2026-09-25=1400000 S4_2026-09-25=1400000 S5_2026-09-25=1400000
m_000012,2026,iconic,hatla2ee,official,UNCHANGED,S4_2026-09-25,1630000,OK,S5_2026-09-25,1630000,OK,,S0_2026-09-10=1630000 S1_2026-09-25=1630000 S2_2026-09-25=1630000 S3_2026-09-25=1630000 S4_2026-09-25=1630000 S5_2026-09-25=1630000
m_000012,2026,techno,hatla2ee,official,UNCHANGED,S4_2026-09-25,1570000,OK,S5_2026-09-25,1570000,OK,,S0_2026-09-10=1570000 S1_2026-09-25=1570000 S2_2026-09-25=1570000 S3_2026-09-25=1570000 S4_2026-09-25=1570000 S5_2026-09-25=1570000
m_000013,2027,premium,contactcars,market,UNCHANGED,S4_2026-09-25,1680000,OK,S5_2026-09-25,1680000,OK,,S0_2026-09-10=1680000 S1_2026-09-25=1680000 S2_2026-09-25=1680000 S3_2026-09-25=1680000 S4_2026-09-25=1680000 S5_2026-09-25=1680000
m_000013,2027,premium,contactcars,official,UNCHANGED,S4_2026-09-25,1600000,OK,S5_2026-09-25,1600000,OK,,S0_2026-09-10=1600000 S1_2026-09-25=1600000 S2_2026-09-25=1600000 S3_2026-09-25=1600000 S4_2026-09-25=1600000 S5_2026-09-25=1600000
m_000013,2027,premium,hatla2ee,market,UNCHANGED_NON_NUMERIC,S4_2026-09-25,,NOT_PUBLISHED,S5_2026-09-25,,NOT_PUBLISHED,,S0_2026-09-10=None S1_2026-09-25=None S2_2026-09-25=None S3_2026-09-25=None S4_2026-09-25=None S5_2026-09-25=None
m_000013,2027,premium,hatla2ee,official,UNCHANGED,S4_2026-09-25,1600000,OK,S5_2026-09-25,1600000,OK,,S0_2026-09-10=1600000 S1_2026-09-25=1600000 S2_2026-09-25=1600000 S3_2026-09-25=1600000 S4_2026-09-25=1600000 S5_2026-09-25=1600000
m_000014,2026,allure,contactcars,market,UNCHANGED,S4_2026-09-25,2360000,OK,S5_2026-09-25,2360000,OK,,S4_2026-09-25=2360000 S5_2026-09-25=2360000
m_000014,2026,gt,contactcars,market,UNCHANGED,S4_2026-09-25,2575000,OK,S5_2026-09-25,2575000,OK,,S4_2026-09-25=2575000 S5_2026-09-25=2575000
m_000014,2026,allure,contactcars,official,UNCHANGED,S4_2026-09-25,2275000,OK,S5_2026-09-25,2275000,OK,,S4_2026-09-25=2275000 S5_2026-09-25=2275000
m_000014,2026,gt,contactcars,official,UNCHANGED,S4_2026-09-25,2575000,OK,S5_2026-09-25,2575000,OK,,S4_2026-09-25=2575000 S5_2026-09-25=2575000
m_000014,2027,allure,hatla2ee,market,UNCHANGED_NON_NUMERIC,S4_2026-09-25,,NOT_PUBLISHED,S5_2026-09-25,,NOT_PUBLISHED,,S0_2026-09-10=None S1_2026-09-25=None S2_2026-09-25=None S3_2026-09-25=None S4_2026-09-25=None S5_2026-09-25=None
m_000014,2027,gt,hatla2ee,market,UNCHANGED_NON_NUMERIC,S4_2026-09-25,,NOT_PUBLISHED,S5_2026-09-25,,NOT_PUBLISHED,,S0_2026-09-10=None S1_2026-09-25=None S2_2026-09-25=None S3_2026-09-25=None S4_2026-09-25=None S5_2026-09-25=None
m_000014,2027,allure,hatla2ee,official,UNCHANGED,S4_2026-09-25,2274990,OK,S5_2026-09-25,2274990,OK,,S0_2026-09-10=2274990 S1_2026-09-25=2274990 S2_2026-09-25=2274990 S3_2026-09-25=2274990 S4_2026-09-25=2274990 S5_2026-09-25=2274990
m_000014,2027,gt,hatla2ee,official,UNCHANGED,S4_2026-09-25,2574990,OK,S5_2026-09-25,2574990,OK,,S0_2026-09-10=2574990 S1_2026-09-25=2574990 S2_2026-09-25=2574990 S3_2026-09-25=2574990 S4_2026-09-25=2574990 S5_2026-09-25=2574990
m_000015,2026,infinitypremiumlineawd,contactcars,market,UNCHANGED,S4_2026-09-25,1740000,OK,S5_2026-09-25,1740000,OK,,S4_2026-09-25=1740000 S5_2026-09-25=1740000
m_000015,2026,inspirehighline,contactcars,market,UNCHANGED,S4_2026-09-25,1700000,OK,S5_2026-09-25,1700000,OK,,S4_2026-09-25=1700000 S5_2026-09-25=1700000
m_000015,2026,insport,contactcars,market,UNCHANGED_NON_NUMERIC,S4_2026-09-25,,NOT_AVAILABLE,S5_2026-09-25,,NOT_AVAILABLE,,S4_2026-09-25=None S5_2026-09-25=None
m_000015,2026,insportplus,contactcars,market,UNCHANGED_NON_NUMERIC,S4_2026-09-25,,NOT_AVAILABLE,S5_2026-09-25,,NOT_AVAILABLE,,S4_2026-09-25=None S5_2026-09-25=None
m_000015,2026,instyletopline,contactcars,market,UNCHANGED,S4_2026-09-25,1610000,OK,S5_2026-09-25,1610000,OK,,S4_2026-09-25=1610000 S5_2026-09-25=1610000
m_000015,2026,infinitypremiumlineawd,contactcars,official,UNCHANGED,S4_2026-09-25,1690000,OK,S5_2026-09-25,1690000,OK,,S4_2026-09-25=1690000 S5_2026-09-25=1690000
m_000015,2026,inspirehighline,contactcars,official,UNCHANGED,S4_2026-09-25,1550000,OK,S5_2026-09-25,1550000,OK,,S4_2026-09-25=1550000 S5_2026-09-25=1550000
m_000015,2026,insport,contactcars,official,UNCHANGED_NON_NUMERIC,S4_2026-09-25,,NOT_AVAILABLE,S5_2026-09-25,,NOT_AVAILABLE,,S4_2026-09-25=None S5_2026-09-25=None
m_000015,2026,insportplus,contactcars,official,UNCHANGED_NON_NUMERIC,S4_2026-09-25,,NOT_AVAILABLE,S5_2026-09-25,,NOT_AVAILABLE,,S4_2026-09-25=None S5_2026-09-25=None
m_000015,2026,instyletopline,contactcars,official,UNCHANGED,S4_2026-09-25,1610000,OK,S5_2026-09-25,1610000,OK,,S4_2026-09-25=1610000 S5_2026-09-25=1610000
m_000015,2026,infinityplawd,hatla2ee,market,UNCHANGED_NON_NUMERIC,S4_2026-09-25,,NOT_PUBLISHED,S5_2026-09-25,,NOT_PUBLISHED,,S0_2026-09-10=None S1_2026-09-25=None S2_2026-09-25=None S3_2026-09-25=None S4_2026-09-25=None S5_2026-09-25=None
m_000015,2026,inspirehl,hatla2ee,market,UNCHANGED_NON_NUMERIC,S4_2026-09-25,,NOT_PUBLISHED,S5_2026-09-25,,NOT_PUBLISHED,,S0_2026-09-10=None S1_2026-09-25=None S2_2026-09-25=None S3_2026-09-25=None S4_2026-09-25=None S5_2026-09-25=None
m_000015,2026,insportbl,hatla2ee,market,UNCHANGED_NON_NUMERIC,S4_2026-09-25,,NOT_PUBLISHED,S5_2026-09-25,,NOT_PUBLISHED,,S0_2026-09-10=None S1_2026-09-25=None S2_2026-09-25=None S3_2026-09-25=None S4_2026-09-25=None S5_2026-09-25=None
m_000015,2026,insportplusmlplus,hatla2ee,market,UNCHANGED_NON_NUMERIC,S4_2026-09-25,,NOT_PUBLISHED,S5_2026-09-25,,NOT_PUBLISHED,,S0_2026-09-10=None S1_2026-09-25=None S2_2026-09-25=None S3_2026-09-25=None S4_2026-09-25=None S5_2026-09-25=None
m_000015,2026,instyletl,hatla2ee,market,UNCHANGED_NON_NUMERIC,S4_2026-09-25,,NOT_PUBLISHED,S5_2026-09-25,,NOT_PUBLISHED,,S0_2026-09-10=None S1_2026-09-25=None S2_2026-09-25=None S3_2026-09-25=None S4_2026-09-25=None S5_2026-09-25=None
m_000015,2026,infinityplawd,hatla2ee,official,UNCHANGED,S4_2026-09-25,1690000,OK,S5_2026-09-25,1690000,OK,,S0_2026-09-10=1690000 S1_2026-09-25=1690000 S2_2026-09-25=1690000 S3_2026-09-25=1690000 S4_2026-09-25=1690000 S5_2026-09-25=1690000
m_000015,2026,inspirehl,hatla2ee,official,UNCHANGED,S4_2026-09-25,1550000,OK,S5_2026-09-25,1550000,OK,,S0_2026-09-10=1550000 S1_2026-09-25=1550000 S2_2026-09-25=1550000 S3_2026-09-25=1550000 S4_2026-09-25=1550000 S5_2026-09-25=1550000
m_000015,2026,insportbl,hatla2ee,official,UNCHANGED,S4_2026-09-25,1400000,OK,S5_2026-09-25,1400000,OK,,S0_2026-09-10=1400000 S1_2026-09-25=1400000 S2_2026-09-25=1400000 S3_2026-09-25=1400000 S4_2026-09-25=1400000 S5_2026-09-25=1400000
m_000015,2026,insportplusmlplus,hatla2ee,official,UNCHANGED,S4_2026-09-25,1500000,OK,S5_2026-09-25,1500000,OK,,S0_2026-09-10=1500000 S1_2026-09-25=1500000 S2_2026-09-25=1500000 S3_2026-09-25=1500000 S4_2026-09-25=1500000 S5_2026-09-25=1500000
m_000015,2026,instyletl,hatla2ee,official,UNCHANGED,S4_2026-09-25,1610000,OK,S5_2026-09-25,1610000,OK,,S0_2026-09-10=1610000 S1_2026-09-25=1610000 S2_2026-09-25=1610000 S3_2026-09-25=1610000 S4_2026-09-25=1610000 S5_2026-09-25=1610000
m_000016,2026,ex,contactcars,market,UNCHANGED,S4_2026-09-25,1360000,OK,S5_2026-09-25,1360000,OK,,S0_2026-09-10=1360000 S1_2026-09-25=1360000 S2_2026-09-25=1360000 S3_2026-09-25=1360000 S4_2026-09-25=1360000 S5_2026-09-25=1360000
m_000016,2026,highlineturbo,contactcars,market,UNCHANGED_NON_NUMERIC,S4_2026-09-25,,NOT_AVAILABLE,S5_2026-09-25,,NOT_AVAILABLE,,S0_2026-09-10=None S1_2026-09-25=None S2_2026-09-25=None S3_2026-09-25=None S4_2026-09-25=None S5_2026-09-25=None
m_000016,2026,toplineturbo,contactcars,market,UNCHANGED,S4_2026-09-25,1625000,OK,S5_2026-09-25,1625000,OK,,S0_2026-09-10=1625000 S1_2026-09-25=1625000 S2_2026-09-25=1625000 S3_2026-09-25=1625000 S4_2026-09-25=1625000 S5_2026-09-25=1625000
m_000016,2026,ex,contactcars,official,UNCHANGED,S4_2026-09-25,1350000,OK,S5_2026-09-25,1350000,OK,,S0_2026-09-10=1350000 S1_2026-09-25=1350000 S2_2026-09-25=1350000 S3_2026-09-25=1350000 S4_2026-09-25=1350000 S5_2026-09-25=1350000
m_000016,2026,highlineturbo,contactcars,official,UNCHANGED,S4_2026-09-25,1500000,OK,S5_2026-09-25,1500000,OK,,S0_2026-09-10=1500000 S1_2026-09-25=1500000 S2_2026-09-25=1500000 S3_2026-09-25=1500000 S4_2026-09-25=1500000 S5_2026-09-25=1500000
m_000016,2026,toplineturbo,contactcars,official,UNCHANGED,S4_2026-09-25,1625000,OK,S5_2026-09-25,1625000,OK,,S0_2026-09-10=1625000 S1_2026-09-25=1625000 S2_2026-09-25=1625000 S3_2026-09-25=1625000 S4_2026-09-25=1625000 S5_2026-09-25=1625000
m_000016,,ex,egycar,market,UNCHANGED_NON_NUMERIC,S4_2026-09-25,,NOT_PUBLISHED,S5_2026-09-25,,NOT_PUBLISHED,,S0_2026-09-10=None S1_2026-09-25=None S2_2026-09-25=None S3_2026-09-25=None S4_2026-09-25=None S5_2026-09-25=None
m_000016,,highlineturbo,egycar,market,UNCHANGED_NON_NUMERIC,S4_2026-09-25,,NOT_PUBLISHED,S5_2026-09-25,,NOT_PUBLISHED,,S0_2026-09-10=None S1_2026-09-25=None S2_2026-09-25=None S3_2026-09-25=None S4_2026-09-25=None S5_2026-09-25=None
m_000016,,toplineturbo,egycar,market,UNCHANGED_NON_NUMERIC,S4_2026-09-25,,NOT_PUBLISHED,S5_2026-09-25,,NOT_PUBLISHED,,S0_2026-09-10=None S1_2026-09-25=None S2_2026-09-25=None S3_2026-09-25=None S4_2026-09-25=None S5_2026-09-25=None
m_000016,,ex,egycar,official,UNCHANGED,S4_2026-09-25,1350000,OK,S5_2026-09-25,1350000,OK,,S0_2026-09-10=1350000 S1_2026-09-25=1350000 S2_2026-09-25=1350000 S3_2026-09-25=1350000 S4_2026-09-25=1350000 S5_2026-09-25=1350000
m_000016,,highlineturbo,egycar,official,UNCHANGED,S4_2026-09-25,1500000,OK,S5_2026-09-25,1500000,OK,,S0_2026-09-10=1500000 S1_2026-09-25=1500000 S2_2026-09-25=1500000 S3_2026-09-25=1500000 S4_2026-09-25=1500000 S5_2026-09-25=1500000
m_000016,,toplineturbo,egycar,official,UNCHANGED,S4_2026-09-25,1625000,OK,S5_2026-09-25,1625000,OK,,S0_2026-09-10=1625000 S1_2026-09-25=1625000 S2_2026-09-25=1625000 S3_2026-09-25=1625000 S4_2026-09-25=1625000 S5_2026-09-25=1625000
m_000016,2025,ex,hatla2ee,market,UNCHANGED_NON_NUMERIC,S4_2026-09-25,,NOT_PUBLISHED,S5_2026-09-25,,NOT_PUBLISHED,,S4_2026-09-25=None S5_2026-09-25=None
m_000016,2025,highline,hatla2ee,market,UNCHANGED_NON_NUMERIC,S4_2026-09-25,,NOT_PUBLISHED,S5_2026-09-25,,NOT_PUBLISHED,,S4_2026-09-25=None S5_2026-09-25=None
m_000016,2025,topline,hatla2ee,market,UNCHANGED_NON_NUMERIC,S4_2026-09-25,,NOT_PUBLISHED,S5_2026-09-25,,NOT_PUBLISHED,,S4_2026-09-25=None S5_2026-09-25=None
m_000016,2025,ex,hatla2ee,official,UNCHANGED,S4_2026-09-25,1349900,OK,S5_2026-09-25,1349900,OK,,S4_2026-09-25=1349900 S5_2026-09-25=1349900
m_000016,2025,highline,hatla2ee,official,UNCHANGED,S4_2026-09-25,1499900,OK,S5_2026-09-25,1499900,OK,,S4_2026-09-25=1499900 S5_2026-09-25=1499900
m_000016,2025,topline,hatla2ee,official,UNCHANGED,S4_2026-09-25,1624900,OK,S5_2026-09-25,1624900,OK,,S4_2026-09-25=1624900 S5_2026-09-25=1624900
m_000017,2026,advance,contactcars,market,UNCHANGED_NON_NUMERIC,S4_2026-09-25,,NOT_AVAILABLE,S5_2026-09-25,,NOT_AVAILABLE,,S4_2026-09-25=None S5_2026-09-25=None
m_000017,2026,blackedition,contactcars,market,UNCHANGED_NON_NUMERIC,S4_2026-09-25,,NOT_AVAILABLE,S5_2026-09-25,,NOT_AVAILABLE,,S4_2026-09-25=None S5_2026-09-25=None
m_000017,2026,comfort,contactcars,market,UNCHANGED,S4_2026-09-25,1600000,OK,S5_2026-09-25,1600000,OK,,S4_2026-09-25=1600000 S5_2026-09-25=1600000
m_000017,2026,luxury,contactcars,market,UNCHANGED_NON_NUMERIC,S4_2026-09-25,,NOT_AVAILABLE,S5_2026-09-25,,NOT_AVAILABLE,,S4_2026-09-25=None S5_2026-09-25=None
m_000017,2026,premium,contactcars,market,UNCHANGED_NON_NUMERIC,S4_2026-09-25,,NOT_AVAILABLE,S5_2026-09-25,,NOT_AVAILABLE,,S4_2026-09-25=None S5_2026-09-25=None
m_000017,2026,advance,contactcars,official,UNCHANGED,S4_2026-09-25,1720000,OK,S5_2026-09-25,1720000,OK,,S4_2026-09-25=1720000 S5_2026-09-25=1720000
m_000017,2026,blackedition,contactcars,official,UNCHANGED,S4_2026-09-25,1999000,OK,S5_2026-09-25,1999000,OK,,S4_2026-09-25=1999000 S5_2026-09-25=1999000
m_000017,2026,comfort,contactcars,official,UNCHANGED,S4_2026-09-25,1585000,OK,S5_2026-09-25,1585000,OK,,S4_2026-09-25=1585000 S5_2026-09-25=1585000
m_000017,2026,luxury,contactcars,official,UNCHANGED,S4_2026-09-25,1980000,OK,S5_2026-09-25,1980000,OK,,S4_2026-09-25=1980000 S5_2026-09-25=1980000
m_000017,2026,premium,contactcars,official,UNCHANGED,S4_2026-09-25,1850000,OK,S5_2026-09-25,1850000,OK,,S4_2026-09-25=1850000 S5_2026-09-25=1850000
m_000017,2026,automticadvanced,hatla2ee,market,UNCHANGED_NON_NUMERIC,S4_2026-09-25,,NOT_PUBLISHED,S5_2026-09-25,,NOT_PUBLISHED,,S0_2026-09-10=None S1_2026-09-25=None S2_2026-09-25=None S3_2026-09-25=None S4_2026-09-25=None S5_2026-09-25=None
m_000017,2026,automticadventureplus44,hatla2ee,market,UNCHANGED_NON_NUMERIC,S4_2026-09-25,,NOT_PUBLISHED,S5_2026-09-25,,NOT_PUBLISHED,,S0_2026-09-10=None S1_2026-09-25=None S2_2026-09-25=None S3_2026-09-25=None S4_2026-09-25=None S5_2026-09-25=None
m_000017,2026,automticcomfort,hatla2ee,market,UNCHANGED_NON_NUMERIC,S4_2026-09-25,,NOT_PUBLISHED,S5_2026-09-25,,NOT_PUBLISHED,,S0_2026-09-10=None S1_2026-09-25=None S2_2026-09-25=None S3_2026-09-25=None S4_2026-09-25=None S5_2026-09-25=None
m_000017,2026,luxury,hatla2ee,market,UNCHANGED_NON_NUMERIC,S4_2026-09-25,,NOT_PUBLISHED,S5_2026-09-25,,NOT_PUBLISHED,,S0_2026-09-10=None S1_2026-09-25=None S2_2026-09-25=None S3_2026-09-25=None S4_2026-09-25=None S5_2026-09-25=None
m_000017,2026,premium,hatla2ee,market,UNCHANGED_NON_NUMERIC,S4_2026-09-25,,NOT_PUBLISHED,S5_2026-09-25,,NOT_PUBLISHED,,S0_2026-09-10=None S1_2026-09-25=None S2_2026-09-25=None S3_2026-09-25=None S4_2026-09-25=None S5_2026-09-25=None
m_000017,2026,automticadvanced,hatla2ee,official,UNCHANGED,S4_2026-09-25,1720002,OK,S5_2026-09-25,1720002,OK,,S0_2026-09-10=1720002 S1_2026-09-25=1720002 S2_2026-09-25=1720002 S3_2026-09-25=1720002 S4_2026-09-25=1720002 S5_2026-09-25=1720002
m_000017,2026,automticadventureplus44,hatla2ee,official,UNCHANGED,S4_2026-09-25,1999000,OK,S5_2026-09-25,1999000,OK,,S0_2026-09-10=1999000 S1_2026-09-25=1999000 S2_2026-09-25=1999000 S3_2026-09-25=1999000 S4_2026-09-25=1999000 S5_2026-09-25=1999000
m_000017,2026,automticcomfort,hatla2ee,official,UNCHANGED,S4_2026-09-25,1585000,OK,S5_2026-09-25,1585000,OK,,S0_2026-09-10=1585000 S1_2026-09-25=1585000 S2_2026-09-25=1585000 S3_2026-09-25=1585000 S4_2026-09-25=1585000 S5_2026-09-25=1585000
m_000017,2026,luxury,hatla2ee,official,UNCHANGED,S4_2026-09-25,1980000,OK,S5_2026-09-25,1980000,OK,,S0_2026-09-10=1980000 S1_2026-09-25=1980000 S2_2026-09-25=1980000 S3_2026-09-25=1980000 S4_2026-09-25=1980000 S5_2026-09-25=1980000
m_000017,2026,premium,hatla2ee,official,UNCHANGED,S4_2026-09-25,1850001,OK,S5_2026-09-25,1850001,OK,,S0_2026-09-10=1850001 S1_2026-09-25=1850001 S2_2026-09-25=1850001 S3_2026-09-25=1850001 S4_2026-09-25=1850001 S5_2026-09-25=1850001
m_000018,2026,ev,hatla2ee,market,UNCHANGED_NON_NUMERIC,S4_2026-09-25,,NOT_PUBLISHED,S5_2026-09-25,,NOT_PUBLISHED,,S0_2026-09-10=None S1_2026-09-25=None S2_2026-09-25=None S3_2026-09-25=None S4_2026-09-25=None S5_2026-09-25=None
m_000018,2027,dmiluxury,hatla2ee,market,UNCHANGED_NON_NUMERIC,S4_2026-09-25,,NOT_PUBLISHED,S5_2026-09-25,,NOT_PUBLISHED,,S0_2026-09-10=None S1_2026-09-25=None S2_2026-09-25=None S3_2026-09-25=None S4_2026-09-25=None S5_2026-09-25=None
m_000018,2027,dmiultra,hatla2ee,market,UNCHANGED_NON_NUMERIC,S4_2026-09-25,,NOT_PUBLISHED,S5_2026-09-25,,NOT_PUBLISHED,,S0_2026-09-10=None S1_2026-09-25=None S2_2026-09-25=None S3_2026-09-25=None S4_2026-09-25=None S5_2026-09-25=None
m_000018,2027,evluxury,hatla2ee,market,UNCHANGED_NON_NUMERIC,S4_2026-09-25,,NOT_PUBLISHED,S5_2026-09-25,,NOT_PUBLISHED,,S0_2026-09-10=None S1_2026-09-25=None S2_2026-09-25=None S3_2026-09-25=None S4_2026-09-25=None S5_2026-09-25=None
m_000018,2026,ev,hatla2ee,official,UNCHANGED,S4_2026-09-25,1749900,OK,S5_2026-09-25,1749900,OK,,S0_2026-09-10=1749900 S1_2026-09-25=1749900 S2_2026-09-25=1749900 S3_2026-09-25=1749900 S4_2026-09-25=1749900 S5_2026-09-25=1749900
m_000018,2027,dmiluxury,hatla2ee,official,UNCHANGED,S4_2026-09-25,2149900,OK,S5_2026-09-25,2149900,OK,,S0_2026-09-10=2149900 S1_2026-09-25=2149900 S2_2026-09-25=2149900 S3_2026-09-25=2149900 S4_2026-09-25=2149900 S5_2026-09-25=2149900
m_000018,2027,dmiultra,hatla2ee,official,UNCHANGED,S4_2026-09-25,1949900,OK,S5_2026-09-25,1949900,OK,,S0_2026-09-10=1949900 S1_2026-09-25=1949900 S2_2026-09-25=1949900 S3_2026-09-25=1949900 S4_2026-09-25=1949900 S5_2026-09-25=1949900
m_000018,2027,evluxury,hatla2ee,official,UNCHANGED,S4_2026-09-25,1799000,OK,S5_2026-09-25,1799000,OK,,S0_2026-09-10=1799000 S1_2026-09-25=1799000 S2_2026-09-25=1799000 S3_2026-09-25=1799000 S4_2026-09-25=1799000 S5_2026-09-25=1799000
m_000019,2027,dm,contactcars,market,UNCHANGED,S4_2026-09-25,1700000,OK,S5_2026-09-25,1700000,OK,,S0_2026-09-10=1740000 S1_2026-09-25=1700000 S2_2026-09-25=1700000 S3_2026-09-25=1700000 S4_2026-09-25=1700000 S5_2026-09-25=1700000
m_000019,2027,highline,contactcars,market,UNCHANGED,S4_2026-09-25,1380000,OK,S5_2026-09-25,1380000,OK,,S0_2026-09-10=1400000 S1_2026-09-25=1380000 S2_2026-09-25=1380000 S3_2026-09-25=1380000 S4_2026-09-25=1380000 S5_2026-09-25=1380000
m_000019,2027,premium,contactcars,market,UNCHANGED,S4_2026-09-25,1540000,OK,S5_2026-09-25,1540000,OK,,S0_2026-09-10=1520000 S1_2026-09-25=1540000 S2_2026-09-25=1540000 S3_2026-09-25=1540000 S4_2026-09-25=1540000 S5_2026-09-25=1540000
m_000019,2027,dm,contactcars,official,UNCHANGED,S4_2026-09-25,1650000,OK,S5_2026-09-25,1650000,OK,,S0_2026-09-10=1650000 S1_2026-09-25=1650000 S2_2026-09-25=1650000 S3_2026-09-25=1650000 S4_2026-09-25=1650000 S5_2026-09-25=1650000
m_000019,2027,highline,contactcars,official,UNCHANGED,S4_2026-09-25,1350000,OK,S5_2026-09-25,1350000,OK,,S0_2026-09-10=1350000 S1_2026-09-25=1350000 S2_2026-09-25=1350000 S3_2026-09-25=1350000 S4_2026-09-25=1350000 S5_2026-09-25=1350000
m_000019,2027,premium,contactcars,official,UNCHANGED,S4_2026-09-25,1485000,OK,S5_2026-09-25,1485000,OK,,S0_2026-09-10=1485000 S1_2026-09-25=1485000 S2_2026-09-25=1485000 S3_2026-09-25=1485000 S4_2026-09-25=1485000 S5_2026-09-25=1485000
m_000019,2027,highline,hatla2ee,market,UNCHANGED_NON_NUMERIC,S4_2026-09-25,,NOT_PUBLISHED,S5_2026-09-25,,NOT_PUBLISHED,,S0_2026-09-10=None S1_2026-09-25=None S2_2026-09-25=None S3_2026-09-25=None S4_2026-09-25=None S5_2026-09-25=None
m_000019,2027,intelligentdmi,hatla2ee,market,UNCHANGED_NON_NUMERIC,S4_2026-09-25,,NOT_PUBLISHED,S5_2026-09-25,,NOT_PUBLISHED,,S0_2026-09-10=None S1_2026-09-25=None S2_2026-09-25=None S3_2026-09-25=None S4_2026-09-25=None S5_2026-09-25=None
m_000019,2027,premium,hatla2ee,market,UNCHANGED_NON_NUMERIC,S4_2026-09-25,,NOT_PUBLISHED,S5_2026-09-25,,NOT_PUBLISHED,,S0_2026-09-10=None S1_2026-09-25=None S2_2026-09-25=None S3_2026-09-25=None S4_2026-09-25=None S5_2026-09-25=None
m_000019,2027,highline,hatla2ee,official,UNCHANGED,S4_2026-09-25,1350000,OK,S5_2026-09-25,1350000,OK,,S0_2026-09-10=1350000 S1_2026-09-25=1350000 S2_2026-09-25=1350000 S3_2026-09-25=1350000 S4_2026-09-25=1350000 S5_2026-09-25=1350000
m_000019,2027,intelligentdmi,hatla2ee,official,UNCHANGED,S4_2026-09-25,1649000,OK,S5_2026-09-25,1649000,OK,,S0_2026-09-10=1649000 S1_2026-09-25=1649000 S2_2026-09-25=1649000 S3_2026-09-25=1649000 S4_2026-09-25=1649000 S5_2026-09-25=1649000
m_000019,2027,premium,hatla2ee,official,UNCHANGED,S4_2026-09-25,1485000,OK,S5_2026-09-25,1485000,OK,,S0_2026-09-10=1485000 S1_2026-09-25=1485000 S2_2026-09-25=1485000 S3_2026-09-25=1485000 S4_2026-09-25=1485000 S5_2026-09-25=1485000
m_000020,2026,hev,contactcars,market,UNCHANGED,S4_2026-09-25,1640000,OK,S5_2026-09-25,1640000,OK,,S0_2026-09-10=1640000 S1_2026-09-25=1640000 S2_2026-09-25=1640000 S3_2026-09-25=1640000 S4_2026-09-25=1640000 S5_2026-09-25=1640000
m_000020,2026,plusluxury,contactcars,market,UNCHANGED,S4_2026-09-25,1640000,OK,S5_2026-09-25,1640000,OK,,S0_2026-09-10=1640000 S1_2026-09-25=1640000 S2_2026-09-25=1640000 S3_2026-09-25=1640000 S4_2026-09-25=1640000 S5_2026-09-25=1640000
m_000020,2026,hev,contactcars,official,UNCHANGED,S4_2026-09-25,1625000,OK,S5_2026-09-25,1625000,OK,,S0_2026-09-10=1625000 S1_2026-09-25=1625000 S2_2026-09-25=1625000 S3_2026-09-25=1625000 S4_2026-09-25=1625000 S5_2026-09-25=1625000
m_000020,2026,plusluxury,contactcars,official,UNCHANGED,S4_2026-09-25,1525000,OK,S5_2026-09-25,1525000,OK,,S0_2026-09-10=1525000 S1_2026-09-25=1525000 S2_2026-09-25=1525000 S3_2026-09-25=1525000 S4_2026-09-25=1525000 S5_2026-09-25=1525000
m_000020,,hev,egycar,market,UNCHANGED_NON_NUMERIC,S4_2026-09-25,,NOT_PUBLISHED,S5_2026-09-25,,NOT_PUBLISHED,,S0_2026-09-10=None S1_2026-09-25=None S2_2026-09-25=None S3_2026-09-25=None S4_2026-09-25=None S5_2026-09-25=None
m_000020,,plusluxury,egycar,market,UNCHANGED_NON_NUMERIC,S4_2026-09-25,,NOT_PUBLISHED,S5_2026-09-25,,NOT_PUBLISHED,,S0_2026-09-10=None S1_2026-09-25=None S2_2026-09-25=None S3_2026-09-25=None S4_2026-09-25=None S5_2026-09-25=None
m_000020,,hev,egycar,official,UNCHANGED,S4_2026-09-25,1625000,OK,S5_2026-09-25,1625000,OK,,S0_2026-09-10=1625000 S1_2026-09-25=1625000 S2_2026-09-25=1625000 S3_2026-09-25=1625000 S4_2026-09-25=1625000 S5_2026-09-25=1625000
m_000020,,plusluxury,egycar,official,UNCHANGED,S4_2026-09-25,1525000,OK,S5_2026-09-25,1525000,OK,,S0_2026-09-10=1525000 S1_2026-09-25=1525000 S2_2026-09-25=1525000 S3_2026-09-25=1525000 S4_2026-09-25=1525000 S5_2026-09-25=1525000
m_000020,2026,luxury,hatla2ee,market,UNCHANGED,S4_2026-09-25,1600000,OK,S5_2026-09-25,1600000,OK,,S4_2026-09-25=1600000 S5_2026-09-25=1600000
m_000020,2026,luxury,hatla2ee,official,UNCHANGED,S4_2026-09-25,1600000,OK,S5_2026-09-25,1600000,OK,,S4_2026-09-25=1600000 S5_2026-09-25=1600000
m_000021,2026,bev,contactcars,market,UNCHANGED_NON_NUMERIC,S4_2026-09-25,,NOT_AVAILABLE,S5_2026-09-25,,NOT_AVAILABLE,,S4_2026-09-25=None S5_2026-09-25=None
m_000021,2026,reev,contactcars,market,UNCHANGED,S4_2026-09-25,1700000,OK,S5_2026-09-25,1700000,OK,,S4_2026-09-25=1700000 S5_2026-09-25=1700000
m_000021,2026,bev,contactcars,official,UNCHANGED,S4_2026-09-25,1750000,OK,S5_2026-09-25,1750000,OK,,S4_2026-09-25=1750000 S5_2026-09-25=1750000
m_000021,2026,reev,contactcars,official,UNCHANGED,S4_2026-09-25,1599000,OK,S5_2026-09-25,1599000,OK,,S4_2026-09-25=1599000 S5_2026-09-25=1599000
m_000021,2026,bev,hatla2ee,market,UNCHANGED_NON_NUMERIC,S4_2026-09-25,,NOT_PUBLISHED,S5_2026-09-25,,NOT_PUBLISHED,,S0_2026-09-10=None S1_2026-09-25=None S2_2026-09-25=None S3_2026-09-25=None S4_2026-09-25=None S5_2026-09-25=None
m_000021,2026,reev,hatla2ee,market,UNCHANGED_NON_NUMERIC,S4_2026-09-25,,NOT_PUBLISHED,S5_2026-09-25,,NOT_PUBLISHED,,S0_2026-09-10=None S1_2026-09-25=None S2_2026-09-25=None S3_2026-09-25=None S4_2026-09-25=None S5_2026-09-25=None
m_000021,2026,bev,hatla2ee,official,UNCHANGED,S4_2026-09-25,1750000,OK,S5_2026-09-25,1750000,OK,,S0_2026-09-10=1750000 S1_2026-09-25=1750000 S2_2026-09-25=1750000 S3_2026-09-25=1750000 S4_2026-09-25=1750000 S5_2026-09-25=1750000
m_000021,2026,reev,hatla2ee,official,UNCHANGED,S4_2026-09-25,1599000,OK,S5_2026-09-25,1599000,OK,,S0_2026-09-10=1599000 S1_2026-09-25=1599000 S2_2026-09-25=1599000 S3_2026-09-25=1599000 S4_2026-09-25=1599000 S5_2026-09-25=1599000
m_000022,2026,hev,contactcars,market,UNCHANGED,S4_2026-09-25,1760000,OK,S5_2026-09-25,1760000,OK,,S4_2026-09-25=1760000 S5_2026-09-25=1760000
m_000022,2026,ultrablack,contactcars,market,UNCHANGED,S4_2026-09-25,1850000,OK,S5_2026-09-25,1850000,OK,,S4_2026-09-25=1850000 S5_2026-09-25=1850000
m_000022,2026,hev,contactcars,official,UNCHANGED,S4_2026-09-25,1760000,OK,S5_2026-09-25,1760000,OK,,S4_2026-09-25=1760000 S5_2026-09-25=1760000
m_000022,2026,ultrablack,contactcars,official,UNCHANGED,S4_2026-09-25,1850000,OK,S5_2026-09-25,1850000,OK,,S4_2026-09-25=1850000 S5_2026-09-25=1850000
m_000022,2027,ultrablack,hatla2ee,market,UNCHANGED_NON_NUMERIC,S4_2026-09-25,,NOT_PUBLISHED,S5_2026-09-25,,NOT_PUBLISHED,,S0_2026-09-10=None S1_2026-09-25=None S2_2026-09-25=None S3_2026-09-25=None S4_2026-09-25=None S5_2026-09-25=None
m_000022,2027,ultrablack,hatla2ee,official,UNCHANGED,S4_2026-09-25,1725000,OK,S5_2026-09-25,1725000,OK,,S0_2026-09-10=1725000 S1_2026-09-25=1725000 S2_2026-09-25=1725000 S3_2026-09-25=1725000 S4_2026-09-25=1725000 S5_2026-09-25=1725000
m_000023,2026,offroadhybrid,contactcars,market,UNCHANGED,S4_2026-09-25,1775000,OK,S5_2026-09-25,1775000,OK,,S0_2026-09-10=1775000 S1_2026-09-25=1775000 S2_2026-09-25=1775000 S3_2026-09-25=1775000 S4_2026-09-25=1775000 S5_2026-09-25=1775000
m_000023,2026,pro,contactcars,market,UNCHANGED,S4_2026-09-25,1800000,OK,S5_2026-09-25,1800000,OK,,S0_2026-09-10=1800000 S1_2026-09-25=1800000 S2_2026-09-25=1800000 S3_2026-09-25=1800000 S4_2026-09-25=1800000 S5_2026-09-25=1800000
m_000023,2026,ultrahybrid,contactcars,market,UNCHANGED,S4_2026-09-25,1675000,OK,S5_2026-09-25,1675000,OK,,S0_2026-09-10=1675000 S1_2026-09-25=1675000 S2_2026-09-25=1675000 S3_2026-09-25=1675000 S4_2026-09-25=1675000 S5_2026-09-25=1675000
m_000023,2026,offroadhybrid,contactcars,official,UNCHANGED,S4_2026-09-25,1775000,OK,S5_2026-09-25,1775000,OK,,S0_2026-09-10=1775000 S1_2026-09-25=1775000 S2_2026-09-25=1775000 S3_2026-09-25=1775000 S4_2026-09-25=1775000 S5_2026-09-25=1775000
m_000023,2026,pro,contactcars,official,UNCHANGED,S4_2026-09-25,1575000,OK,S5_2026-09-25,1575000,OK,,S0_2026-09-10=1575000 S1_2026-09-25=1575000 S2_2026-09-25=1575000 S3_2026-09-25=1575000 S4_2026-09-25=1575000 S5_2026-09-25=1575000
m_000023,2026,ultrahybrid,contactcars,official,UNCHANGED,S4_2026-09-25,1675000,OK,S5_2026-09-25,1675000,OK,,S0_2026-09-10=1675000 S1_2026-09-25=1675000 S2_2026-09-25=1675000 S3_2026-09-25=1675000 S4_2026-09-25=1675000 S5_2026-09-25=1675000
m_000023,2026,offroad,hatla2ee,market,UNCHANGED_NON_NUMERIC,S4_2026-09-25,,NOT_PUBLISHED,S5_2026-09-25,,NOT_PUBLISHED,,S4_2026-09-25=None S5_2026-09-25=None
m_000023,2026,pro,hatla2ee,market,UNCHANGED_NON_NUMERIC,S4_2026-09-25,,NOT_PUBLISHED,S5_2026-09-25,,NOT_PUBLISHED,,S4_2026-09-25=None S5_2026-09-25=None
m_000023,2026,ultra,hatla2ee,market,UNCHANGED_NON_NUMERIC,S4_2026-09-25,,NOT_PUBLISHED,S5_2026-09-25,,NOT_PUBLISHED,,S4_2026-09-25=None S5_2026-09-25=None
m_000023,2026,offroad,hatla2ee,official,UNCHANGED,S4_2026-09-25,1774900,OK,S5_2026-09-25,1774900,OK,,S4_2026-09-25=1774900 S5_2026-09-25=1774900
m_000023,2026,pro,hatla2ee,official,UNCHANGED,S4_2026-09-25,1574900,OK,S5_2026-09-25,1574900,OK,,S4_2026-09-25=1574900 S5_2026-09-25=1574900
m_000023,2026,ultra,hatla2ee,official,UNCHANGED,S4_2026-09-25,1674900,OK,S5_2026-09-25,1674900,OK,,S4_2026-09-25=1674900 S5_2026-09-25=1674900
m_000024,2025,othertrims,contactcars,market,UNCHANGED,S4_2026-09-25,1860000,OK,S5_2026-09-25,1860000,OK,,S0_2026-09-10=None S1_2026-09-25=1860000 S2_2026-09-25=1860000 S3_2026-09-25=1860000 S4_2026-09-25=1860000 S5_2026-09-25=1860000
m_000024,2025,othertrims,contactcars,official,UNCHANGED_NON_NUMERIC,S4_2026-09-25,,NOT_PUBLISHED,S5_2026-09-25,,NOT_PUBLISHED,,S0_2026-09-10=1848300 S1_2026-09-25=None S2_2026-09-25=None S3_2026-09-25=None S4_2026-09-25=None S5_2026-09-25=None
